date,GPP.daily,GPP.daily.lower,GPP.daily.upper,ER.daily,ER.daily.lower,ER.daily.upper,K600.daily,K600.daily.lower,K600.daily.upper,warnings,errors
2018-05-16,NA,NA,NA,NA,NA,NA,NA,NA,NA,overall warnings,data don't start when expected; NAs in DO.obs; NAs in DO.sat; NAs in temp.water
2018-05-17,NA,NA,NA,NA,NA,NA,NA,NA,NA,overall warnings,NAs in DO.obs; NAs in DO.sat; NAs in temp.water
2018-05-18,4.183494908930045,3.3565489204677457,5.018486747956652,-6.688230744785731,-8.046443671384402,-5.375670785941885,10.963191767433305,9.04202748656415,12.906918814596937,overall warnings,
2018-05-19,4.393494090182458,3.6156609530174593,5.2022740073602725,-7.331245428058017,-8.662341419106946,-6.057329112831565,11.551807658278758,9.789032904598677,13.369011370487087,overall warnings,
2018-05-20,3.9263395983553755,3.1136875866279095,4.730886598340345,-6.500682288718651,-7.796963428476848,-5.176652627964196,11.153759802725535,9.21982621557582,13.115011988741173,overall warnings,
2018-05-21,4.282979386409925,3.488226014162609,5.072984838111611,-6.701497640974681,-7.95566596853731,-5.402225854710843,10.907086056822479,9.093486759065417,12.67308729084897,overall warnings,
2018-05-22,4.633170994358348,3.8058412754945974,5.477094664637587,-7.104332168095657,-8.371637165956125,-5.833470124559325,10.72055196756303,8.996474555361837,12.50624335213011,overall warnings,
2018-05-23,3.6865642333606763,2.9377969403346436,4.431936910437053,-5.932815143063371,-7.158682724780489,-4.681042869699191,9.492759194044782,7.72607584426435,11.241202976131275,overall warnings,
2018-05-24,4.322242487941454,3.4013337345036847,5.234715148732079,-6.578009423302113,-7.9949327012758,-5.2196644969699175,11.57060567659191,9.521094993064029,13.656994348719001,overall warnings,
2018-05-25,1.523429361293164,0.8658012285432005,2.200578724694284,-4.939818553591785,-6.419669655121215,-3.571970376216749,11.6275361585582,9.229510793904401,14.074432494019916,overall warnings,
2018-05-26,3.8381916342447746,2.972993028747659,4.66679975857988,-5.158158759818662,-6.271999670233327,-3.9538375039565032,12.14767482982289,10.150398552571188,14.120191610629995,overall warnings,
2018-05-27,4.555759958677839,3.6922497128445397,5.442807359611957,-5.468050979591959,-6.601443910253444,-4.352629450708232,11.287392478126266,9.422210742692277,13.1067607665662,overall warnings,
2018-05-28,5.410936109822314,4.462389922425292,6.413405326555691,-6.578658018513611,-7.88247026466245,-5.37717517106265,11.560991103715857,9.796350940927288,13.324076886549008,overall warnings,
2018-05-29,5.837759150534668,4.835403420524836,6.844686244907574,-7.126967552104087,-8.444269431425845,-5.805141790675557,11.31987184223501,9.597020307389894,13.141318506949958,overall warnings,
2018-05-30,5.555969794053706,4.613844935258525,6.43032371296419,-7.215115101310905,-8.455877529439864,-5.935423703359441,11.623059256966183,9.985462099972898,13.27475580254853,overall warnings,
2018-05-31,3.590285798936325,2.863403311540524,4.281361297826257,-4.027584805457455,-5.024954400578529,-2.9999118902687436,8.440810034545304,7.080943071510897,9.8252505723451,overall warnings,
2018-06-01,5.89533474482456,4.922163910104787,6.781983203408101,-4.946471928596493,-5.912121826863667,-3.8654713491984416,11.916211489188044,10.198663647231125,13.513493906596537,overall warnings,
2018-06-02,6.902593845700478,5.869228917157944,7.896406352287157,-6.301441088222668,-7.367254685575354,-5.22207533825633,11.736994424823635,10.149155297548342,13.329426644747155,overall warnings,
2018-06-03,7.341505512806013,6.335201509268655,8.422144426813235,-7.1372840607935,-8.369252267899144,-6.047385315575285,12.003803860340431,10.49733063321811,13.628937306156718,overall warnings,
2018-06-04,7.2055451938280655,6.137399408614025,8.264491933795917,-6.928643513849687,-8.14317252827523,-5.740604634639049,11.635585833650318,9.984075676511612,13.212892585055153,overall warnings,
2018-06-05,7.204445024131838,6.223678855213317,8.201368540720992,-6.730875415811306,-7.840767832260736,-5.594918132743784,11.191940585208975,9.653877301886896,12.677629327633671,overall warnings,
2018-06-06,7.497055437737682,6.489560645590938,8.454912730944683,-7.315484723278834,-8.433325745385256,-6.187281779206757,11.553425464528752,10.132450118352669,12.988466421578673,overall warnings,
2018-06-07,7.157512583821841,6.213679899514305,8.180963348545014,-6.763453374622907,-7.894842919077286,-5.672871221012769,11.031604082316282,9.704055194843924,12.458049512778102,overall warnings,
2018-06-08,7.553138259552333,6.4462288767386635,8.637223084935918,-7.506066342162876,-8.761241660110484,-6.248200877313632,13.883564079063586,12.058739311715641,15.714307646206327,overall warnings,
2018-06-09,3.7593210936488815,2.955501365343651,4.567155209201583,-3.5402293702739396,-4.597158124640275,-2.490030876438892,10.070928246821813,8.224641295910812,11.933580082065172,overall warnings,
2018-06-10,6.34705613532476,5.346058571504498,7.419249444452205,-5.461942190203946,-6.571678325756348,-4.3692369198883005,12.538261029702657,10.639906533134637,14.517456074824272,overall warnings,
2018-06-11,7.078468444392539,6.079641170260488,8.05493395040585,-5.994298391697479,-7.069110966397275,-4.884839067769396,11.888757734221809,10.387570475121004,13.42673323938277,overall warnings,
2018-06-12,7.776621317573664,6.794285614108157,8.83007256105193,-7.095359617419514,-8.169511969879165,-5.998087152901802,11.427073258733703,10.008321201405947,12.94948622381498,overall warnings,
2018-06-13,8.323711988036408,7.279266165075817,9.3986673483166,-7.3210319246303,-8.44617867964001,-6.176288218489363,11.239128715968723,9.945459378947739,12.613829260803247,overall warnings,
2018-06-14,8.289888387388483,7.287127310224095,9.324185993260505,-7.119730410424564,-8.225416452651578,-6.022957484731661,10.79381025774412,9.49867544242537,12.097432255956761,overall warnings,
2018-06-15,8.375702177094363,7.270934695132295,9.436495379830083,-7.487042354172625,-8.606000594361962,-6.304664823398068,10.999061209332957,9.654900531757004,12.347541754781606,overall warnings,
2018-06-16,8.212602158790943,7.226178657889859,9.264025298610095,-7.395811121111587,-8.546525039397117,-6.3077668245813285,10.995936421103536,9.668185731322827,12.351138927573396,overall warnings,
2018-06-17,7.543553466696699,6.563979293573184,8.509298179604603,-6.542521563904289,-7.587052586272146,-5.447928454327048,10.36982100921091,8.99933194410033,11.72826220746242,overall warnings,
2018-06-18,8.365146746906365,7.3500166776900935,9.387068598278221,-6.683793937640459,-7.678351081180264,-5.6690516769351955,10.201536003698568,8.967896738132866,11.446531665581297,overall warnings,
2018-06-19,8.620723541611934,7.637684377486032,9.655014795855976,-7.637050818696379,-8.71689304774065,-6.558690350765477,10.286826913926552,9.116266820890385,11.532582548290586,overall warnings,
2018-06-20,9.290482093130045,8.20010810816546,10.381349417600694,-8.210446244940723,-9.371519238817337,-7.053714392248622,10.345454921041018,9.088236244373045,11.521082272639623,overall warnings,
2018-06-21,8.801484891578436,7.7780099252856205,9.851557492628292,-7.78217703249998,-8.880861030045775,-6.672214334135969,9.814476140523372,8.749571404328425,11.016383969425858,overall warnings,
2018-06-22,9.252152634427329,8.225672182334987,10.22697182387058,-8.515392955673256,-9.636146073098288,-7.389020027132467,10.280497024900221,9.125867233863838,11.374554459753499,overall warnings,
2018-06-23,9.04137240888862,8.017328575344763,10.016867372708624,-8.738205821409224,-9.847432692335468,-7.585700328724401,9.791603139399882,8.633487744600256,10.898050966996902,overall warnings,
2018-06-24,8.732965269148966,7.680805939538487,9.794355289599949,-9.221467888728935,-10.47849045011663,-8.028875167949005,9.376938974188388,8.241199340420263,10.520746216147192,overall warnings,
2018-06-25,7.985927203051314,6.977519750559333,8.957562759888361,-8.41340481795296,-9.616324553005358,-7.24021726672899,8.590646347022545,7.485554844700525,9.695780408918601,overall warnings,
2018-06-26,8.348739987919046,7.369044703264392,9.288628323740243,-8.968007944037389,-10.143014862058905,-7.770279130519343,8.998973181198238,7.895540213979697,10.086181387250273,overall warnings,
2018-06-27,8.129870967617038,7.159105380647892,9.092024444758449,-8.854573763141286,-10.009516919459886,-7.62598823921016,9.119070301847369,7.954897665932824,10.227967593859074,overall warnings,
2018-06-28,7.585976270839426,6.645365715762568,8.539067177158918,-8.17742660667513,-9.377769125314465,-7.011376000119757,8.592349268973276,7.412393398277161,9.702206533153024,overall warnings,
2018-06-29,7.246107090780405,6.32320153953044,8.170269893916293,-6.3942506338765295,-7.426687101646745,-5.369484367734549,7.8526319580472626,6.853434558704207,8.940190152343124,overall warnings,
2018-06-30,7.151039725448225,6.248882851929771,8.125792393091547,-6.348154080022636,-7.448076415632587,-5.347414150828289,8.046503741695982,6.914905664535522,9.240587017713414,overall warnings,
2018-07-01,6.963942098935003,5.999627663926898,7.889087178728927,-6.410782052586693,-7.465099461517287,-5.29707268880843,7.889522543845881,6.770775415717767,9.017571753946006,overall warnings,
2018-07-02,6.704139820261483,5.7909790684151075,7.6194942894128666,-6.063060378262303,-7.124742723007061,-4.984112053295724,7.83238001930226,6.687374274223487,8.952726092904314,overall warnings,
2018-07-03,6.452800476662285,5.548406706411842,7.340248350948428,-6.2395561122649905,-7.273886769459811,-5.15758640558613,7.737936866739931,6.585675029546042,8.892835934089094,overall warnings,
2018-07-04,6.121955320515138,5.170539954282841,7.030626382439699,-5.854827121151463,-6.920087062456545,-4.71087078790455,7.410921771043622,6.235161527468514,8.560917253387219,overall warnings,
2018-07-05,6.146055138099824,5.226528702761997,7.067482404976654,-5.888094850784424,-6.980074952694214,-4.819388463416517,7.701014717022276,6.439270145418509,8.95712616790151,overall warnings,
2018-07-06,5.942748120091544,5.05038737730796,6.810746388302153,-5.336822759574333,-6.383780946373009,-4.267166626967352,7.337040408112426,6.214162218282644,8.526191549439835,overall warnings,
2018-07-07,5.931297155643025,4.999291407671064,6.854121300014355,-5.536521859472895,-6.558332030407045,-4.508295957715407,7.248406707114212,6.071918100022185,8.464951658995053,overall warnings,
2018-07-08,5.934784266647531,5.084790515082033,6.835504699541868,-5.672226048135075,-6.700743762382716,-4.673094311983857,7.092884954302741,5.9610958262650655,8.269169920447426,overall warnings,
2018-07-09,5.968425957845351,5.022268525452373,6.902452099967699,-5.760668058272122,-6.822562329475985,-4.6214049303141564,7.209761545339982,6.0063867584848,8.410372678922062,overall warnings,
2018-07-10,6.148168841829763,5.308989685704762,7.0237053722005545,-6.065689136872075,-7.067968177377111,-5.050375628313239,7.084651525616438,6.045694385868247,8.143957815082846,overall warnings,
2018-07-11,6.796138308013315,5.934347984403355,7.778662476090907,-6.938003914895721,-8.047504056630878,-5.909156155422287,7.2169925321401465,6.21796547499413,8.285557470608554,overall warnings,
2018-07-12,7.198381574847242,6.206358247828771,8.139601148135513,-7.728698171743737,-8.862945144299347,-6.509274612985536,7.167052159536974,6.126261101826014,8.206317449266814,overall warnings,
2018-07-13,7.002167856514319,5.998664688710906,8.002704479454303,-8.326350781597583,-9.607979790029878,-6.982274757035851,8.408018824690881,7.116573062111514,9.71108513486931,overall warnings,
2018-07-14,8.49745264426923,7.4678327612404685,9.56023403357203,-8.164502702880533,-9.366507669255357,-7.012130422290148,7.650227085871826,6.6619871367883094,8.651646211019717,overall warnings,
2018-07-15,7.713825938070629,6.818177474028969,8.605686809174536,-7.570568123321821,-8.626573423093605,-6.497596602438147,6.974572922784523,6.049137551403048,7.882062877317323,overall warnings,
2018-07-16,5.6968687634868544,4.916181010395472,6.485211613580341,-2.174513371770688,-3.02484391616336,-1.3529303911541979,6.317444464918059,5.416018315112406,7.2714908295371785,overall warnings,
2018-07-17,7.8657423213822995,6.718286956512831,9.03792774928132,-6.306179462169727,-7.315442322874067,-5.259099827322767,6.815674814554409,5.736185641304899,7.905583908490749,overall warnings,
2018-07-18,10.672616146955423,9.704014175102854,11.684337036659878,-9.014015908086417,-10.08737577475062,-7.990934184246735,7.96560535854353,7.136923459696418,8.8139637972046,overall warnings,
2018-07-19,11.506155885883718,10.48871789502973,12.527795596168469,-9.24566133031042,-10.279216181833245,-8.177744316249859,8.267777356195538,7.458253870506515,9.089109193652362,overall warnings,
2018-07-20,11.12732937689573,10.158946095370803,12.082853484926469,-8.848079454867008,-9.868619458330533,-7.859961559049591,7.544452600523876,6.749609078806029,8.271947326291013,overall warnings,
2018-07-21,11.928209672481774,10.937846169951719,12.917853538919102,-9.077155152583304,-10.067783778942147,-8.074652268194813,7.89732993078129,7.1464118286776435,8.653390490442604,overall warnings,
2018-07-22,12.44563107590372,11.471445944960168,13.437134385499505,-9.382420446829489,-10.36592928896802,-8.367697982140925,8.036176529921365,7.336408871728826,8.763740000651074,overall warnings,
2018-07-23,12.99549392963608,12.031395535905075,13.994675162794048,-10.119877790185477,-11.123762171873915,-9.160861484441282,7.8191991229431625,7.138327623970175,8.509963169204136,overall warnings,
2018-07-24,13.610435975055301,12.55547608932279,14.66272738581163,-10.769699458175314,-11.779043761161459,-9.664807031859388,8.138827589318666,7.429221530459615,8.849209383290138,overall warnings,
2018-07-25,13.819662659648138,12.85637000102263,14.879193211776053,-10.799813272255484,-11.859943206456743,-9.810031405425706,8.064305954447025,7.43019757681136,8.75335147933808,overall warnings,
2018-07-26,14.781090677200925,13.753481916789388,15.826818964941735,-11.662776683040704,-12.693836942327621,-10.669219241609023,8.30288629505553,7.623621311817678,9.005380154956988,overall warnings,
2018-07-27,15.00477056109804,13.949566190444061,16.071579075753764,-11.634260341847508,-12.705367626673965,-10.563704550891279,8.563140675619684,7.89944005104857,9.229509424344766,overall warnings,
2018-07-28,16.53760888271192,15.48323467943111,17.70692350850014,-12.91722393880534,-13.994446638278104,-11.88301768611643,9.56233557805118,8.895624693940034,10.30354214525387,overall warnings,
2018-07-29,13.759349419227217,12.805357469905903,14.718147795545335,-11.013550594140394,-11.996888312856342,-10.06045545160261,7.571987994691187,6.949610884666253,8.211774032061776,overall warnings,
2018-07-30,16.037933337138657,14.960170647012312,17.02698285141252,-13.402137511221756,-14.43558240852736,-12.329591003933306,9.318995391774704,8.6506381074664,9.984595855810834,overall warnings,
2018-07-31,15.33554957459397,14.157664552263784,16.470915774045285,-13.786155525354122,-14.953307719449215,-12.499660520359303,10.49890607188183,9.626418780536799,11.327724450525888,overall warnings,
2018-08-01,14.582344990469931,13.474534210252,15.577826429960584,-12.225112596558404,-13.28076310817856,-11.066402703551908,9.112903768831243,8.335544399461252,9.829164153022806,overall warnings,
2018-08-02,16.345652612204468,15.275114787068468,17.449760719379675,-13.522970962191994,-14.572227134259704,-12.416508510902293,10.204808878480115,9.440103120024059,10.948122022690793,overall warnings,
2018-08-03,17.04437656472406,15.885258015215413,18.112709269555307,-13.299044121287986,-14.403274473030766,-12.220917817150942,9.970885056463763,9.216122295698455,10.683734864645123,overall warnings,
2018-08-04,15.032696658813178,13.904514238294983,16.24984839947362,-13.41516966306725,-14.694347195303685,-12.19285665573342,10.438637617853875,9.574284065874705,11.326970834643795,overall warnings,
2018-08-05,16.239118738548,15.16191303267956,17.345386547827644,-13.109735346986524,-14.197709163054663,-12.010053113289581,9.983379493275883,9.226760015418106,10.731791808587207,overall warnings,
2018-08-06,16.9865100359995,15.895014615282909,18.121482195111675,-13.517865869469249,-14.62940825959762,-12.429278768580133,9.674149237363267,8.984738818678911,10.367462769845355,overall warnings,
2018-08-07,15.873069815879553,14.824701985973475,16.910584038315893,-14.379659138532126,-15.493942924105056,-13.26278348477587,9.509858990510967,8.815586036408748,10.209198310142499,overall warnings,
2018-08-08,14.11353179384107,13.152857374901929,15.11971541130726,-12.760022884168684,-13.903495035544402,-11.710730704621504,8.422602832334544,7.7540970213545775,9.127116179842453,overall warnings,
2018-08-09,15.483111574860256,14.503174667776504,16.5087568788231,-12.153780808760413,-13.123867131333885,-11.121416635467979,9.015541165477815,8.352437942357192,9.697314408545209,overall warnings,
2018-08-10,16.282827138439174,15.156379412518403,17.316612276609504,-11.769966779737537,-12.757561006819135,-10.748413577920932,9.640525643729202,8.903640816551103,10.309562477840771,overall warnings,
2018-08-11,15.955089346982074,14.878334988186277,16.98424927473566,-11.38895204302166,-12.377446071413049,-10.374766957528443,9.565347055035481,8.852876978845108,10.269725572441011,overall warnings,
2018-08-12,15.386622133581938,14.42792739837932,16.420356926371696,-10.439589850623351,-11.401505637325466,-9.491059882757591,8.89687609319615,8.2792948677944,9.545593915661518,overall warnings,
2018-08-13,15.225532437510758,14.250427278456662,16.229701504395937,-10.27614592512611,-11.21426721286831,-9.369273389556101,8.858940850695593,8.200789817583708,9.525337556878968,overall warnings,
2018-08-14,14.087346117895423,13.103534983307224,15.024376828256216,-9.489218651095538,-10.425705149648396,-8.61359333303823,8.27919923237419,7.594594871477783,8.897743602073353,overall warnings,
2018-08-15,14.357351051455861,13.310351803274548,15.328461465251003,-9.303179412047431,-10.264758929595823,-8.374512644785803,8.522862340202167,7.796210928996935,9.158981720416369,overall warnings,
2018-08-16,14.738714151659355,13.723342319972899,15.701913783895705,-8.686824541542299,-9.571431752742205,-7.802986265515349,8.858847196734782,8.1779449915054645,9.517068737288314,overall warnings,
2018-08-17,16.30351088421306,15.232151381985764,17.37467029763181,-9.16368951552283,-10.148291875429173,-8.224145827248114,10.072843216560667,9.364568619765265,10.800620162655699,overall warnings,
2018-08-18,15.665660938293913,14.593574549918213,16.692339754901774,-8.763692577155373,-9.64685899813576,-7.815391246144912,9.186480418294476,8.498205638293596,9.892805015716368,overall warnings,
2018-08-19,17.1183667298234,15.975537155496838,18.35711122779984,-10.225316678574416,-11.272747029883108,-9.232962097060955,11.323715152683707,10.496383300425432,12.190432164992984,overall warnings,
2018-08-20,15.187415853908156,14.144897259408921,16.172704778271243,-8.648616043606658,-9.513376857868494,-7.752694371103706,9.265338140197006,8.569124753108884,9.966361939482404,overall warnings,
2018-08-21,13.043552300922858,12.13019525889239,13.967769943765179,-8.062823166981158,-8.988620900157654,-7.168590157656347,8.207591385376844,7.527701422507681,8.889793633881732,overall warnings,
2018-08-22,13.046931639650687,12.144198022217381,13.958848788764195,-7.4637304465911285,-8.349576044338427,-6.60345391215501,8.879930360182446,8.129657457807442,9.585648410479836,overall warnings,
2018-08-23,12.98637152980724,12.015194705790215,14.004797755748324,-9.928416810671887,-10.901427736764683,-8.961015493618875,8.789159473209871,8.025196616944507,9.57749071061156,overall warnings,
2018-08-24,13.716611903612918,12.685758476266988,14.623123532291963,-10.821501033332162,-11.757104098114112,-9.82475220686954,9.146449425144615,8.390258787069927,9.855987258043521,overall warnings,
2018-08-25,4.201354239226176,3.3440128534106446,5.00749331868159,-8.815052278839623,-10.402174465063796,-7.080362380745979,10.362810565993398,8.562526574735397,12.017408293502259,overall warnings,
2018-08-26,8.604627109091595,7.613791198437214,9.514452703658815,-9.1267648536808,-10.24136508841682,-7.917142819158414,11.254047866018885,9.892007159357542,12.493692116554476,overall warnings,
2018-08-27,9.883685797382281,8.818790307603114,11.030708305129444,-10.738875992995657,-12.056505809504769,-9.479180295496336,12.072249370829175,10.774034722975554,13.404484470876657,overall warnings,
2018-08-28,10.140641276575717,9.222880592927812,11.14378148326656,-10.007661349984122,-11.157789011702388,-8.905243851088196,11.331291492641718,10.295280323703816,12.468169588033325,overall warnings,
2018-08-29,8.634925676740192,7.846405525922764,9.489733674066036,-8.322094673795394,-9.342045150836926,-7.339987285651923,7.901383998940649,7.027974171302667,8.76776331300997,overall warnings,
2018-08-30,9.017931260128625,8.027473710836956,9.938804707732658,-9.224379164242624,-10.361988104034204,-8.030234444709814,10.368763717587072,9.210135489726936,11.514506130812395,overall warnings,
2018-08-31,8.531244851992664,7.555076001151083,9.520444140477819,-9.055820926625582,-10.261671716916837,-7.8705910797589524,10.199695172233348,8.9502655830835,11.410072813518294,overall warnings,
2018-09-01,8.227751635895363,7.325998690318047,9.124463051094585,-8.726285393521731,-9.831262118900716,-7.590678943843136,9.539785834453546,8.439551383905302,10.61529367192522,overall warnings,
2018-09-02,8.32550878997787,7.4484581182186025,9.29428620346117,-8.530961045454546,-9.702017278701865,-7.461544944922943,9.663664833301592,8.567363292120135,10.82874157480352,overall warnings,
2018-09-03,8.630864235407303,7.660307619620755,9.616609309878429,-8.895120656640426,-10.079481296766831,-7.713246519205762,10.191693059889072,8.97194881027268,11.379625338450522,overall warnings,
2018-09-04,8.582230662568257,7.599879768034714,9.464976089726141,-8.658680031783028,-9.722069176833669,-7.51445749439704,9.780736654708956,8.611302432088875,10.875785175773562,overall warnings,
2018-09-05,8.370682989937746,7.472779485722608,9.262708924119828,-8.115670037571729,-9.19252642530898,-7.082246380726365,9.594194374124916,8.487603367288063,10.687121067860796,overall warnings,
2018-09-06,8.243685708966337,7.365635108207145,9.142737246556145,-7.524923919836057,-8.587986769027495,-6.535415414358168,9.422992204106157,8.272106464978222,10.594122408623225,overall warnings,
2018-09-07,8.234855248058178,7.4015909125013355,9.114446964575363,-6.935841795419355,-7.934522809669177,-5.975379818416388,9.730878326568423,8.622668353769878,10.896318519673464,overall warnings,
2018-09-08,8.497560586596947,7.689377452153095,9.360699156195732,-6.917787446488667,-7.858653112311338,-6.036109168323477,9.33463325471986,8.294657761068335,10.351060698539133,overall warnings,
2018-09-09,8.612802763546942,7.738812199193125,9.484473900940934,-7.438686875621068,-8.401873292128114,-6.472383836154031,9.42460483943999,8.36825930767353,10.480808795052576,overall warnings,
2018-09-10,9.444061526413893,8.598593392659195,10.251300264813482,-7.687330044549773,-8.566781602207747,-6.74842547248574,9.590150706062586,8.661989093945019,10.505387478089322,overall warnings,
2018-09-11,8.609209661470086,7.7414860605880875,9.447894416095355,-7.086901074595179,-8.073902982345222,-6.111323024718441,9.210949283244684,8.19199699141578,10.239584993281737,overall warnings,
2018-09-12,8.73438099457371,7.929150102071869,9.581665264681986,-7.1235385948694185,-8.016832837676336,-6.2404905587623,9.392531684596957,8.395116242103281,10.370155043785365,overall warnings,
2018-09-13,10.514560789385484,9.634118334826336,11.385947731275673,-8.130231774535662,-9.087661103377062,-7.163804946538581,10.300513415082708,9.353227150147138,11.233470250433983,overall warnings,
2018-09-14,9.557838373482545,8.694887906263547,10.469720517158265,-8.37359549594834,-9.334318139055952,-7.412333534436633,10.26941200337728,9.261715651832485,11.346427273068423,overall warnings,
2018-09-15,9.116608242305762,8.295795272609835,9.97747957440212,-8.039621786545307,-8.987218738792281,-7.048348139007485,10.268083776293512,9.275177382046998,11.385947484158688,overall warnings,
2018-09-16,9.552799726739579,8.654210264094583,10.479977807068533,-8.223641361059453,-9.243508656847393,-7.241232755308903,10.638410796637688,9.549719715910628,11.75034567820964,overall warnings,
2018-09-17,9.402009865356021,8.59277007023942,10.228330466230826,-8.413598928145369,-9.381190353690211,-7.443886991722316,10.030158960310185,9.022332137786387,11.027730362917135,overall warnings,
2018-09-18,9.954438038626595,9.19216506911416,10.743187566379808,-8.824557707826646,-9.76254008971902,-7.951973279534626,9.921528739965876,9.043224592987658,10.843819784360196,overall warnings,
2018-09-19,10.322710603819353,9.40037083832829,11.221991867106315,-8.80460701636202,-9.812333241579715,-7.7748192942437155,10.477720269129957,9.455440679074925,11.490641487888173,overall warnings,
2018-09-20,10.006948395424349,9.231889826106645,10.833733268229487,-8.97837176056531,-9.928561137658827,-8.029434410821656,10.18895443353906,9.288873399732232,11.146985486234286,overall warnings,
2018-09-21,11.391344530709913,10.497016068786232,12.258490306089671,-9.590765667316083,-10.579793699936676,-8.613634617792739,10.352104524070151,9.425203148262534,11.257195212616015,overall warnings,
2018-09-22,9.38993861970956,8.597592832504402,10.218362509581745,-8.861410653841721,-9.80357366166556,-7.87774790152069,9.454684846473487,8.525270365183925,10.433517837530088,overall warnings,
2018-09-23,9.452259971560874,8.634271507544122,10.304956528518753,-9.444658258248268,-10.49768333812943,-8.442692547867885,10.513592075015655,9.554495248921853,11.537525238283239,overall warnings,
2018-09-24,9.570446523729494,8.788768608568791,10.38171071957416,-9.323800446199805,-10.302672365635088,-8.331866732130187,10.032469335250852,9.097960758182841,10.997089773647941,overall warnings,
2018-09-25,10.05705827654749,9.226506352934633,10.930350189711923,-9.451547651269863,-10.493869209970743,-8.45931109331093,10.738598635039374,9.751637586033935,11.751930398680592,overall warnings,
2018-09-26,9.396474095069593,8.630710049946508,10.199821595789768,-9.268091396824236,-10.212542066542513,-8.301067519395884,9.438534765394497,8.540856564240192,10.403246672594538,overall warnings,
2018-09-27,9.636065881889952,8.898526878557343,10.404116127867079,-9.335202850815655,-10.30284163514058,-8.38519184686775,9.455927706132865,8.61546347189416,10.32770801492906,overall warnings,
2018-09-28,8.848743586284503,8.082352785288238,9.585825401644485,-9.553023886382375,-10.569881250946846,-8.55503978272218,9.341787977581289,8.403598354140104,10.26699205166754,overall warnings,
2018-09-29,9.447429769390427,8.634637535663046,10.280827800296182,-10.633970032486872,-11.735180391901721,-9.586690836194041,10.99665726299818,9.928616679227199,12.052698937618448,overall warnings,
2018-09-30,8.110819389854838,7.346602754605972,8.858885736316084,-9.562064032121082,-10.596174282610864,-8.461917587500317,9.703097652823146,8.605954134907181,10.713511592068315,overall warnings,
2018-10-01,6.11999488595811,5.370528543133197,6.809958587413463,-9.132765160807372,-10.289971203052648,-7.8498056822357665,10.167574537938162,8.753463849708194,11.500120281190235,overall warnings,
2018-10-02,6.66473312297372,5.983250008837997,7.386030308610247,-8.034768433632403,-9.054702737107325,-7.046795301999965,9.141596687912504,8.010596842769322,10.288990061263299,overall warnings,
2018-10-03,6.784415598947755,6.0019564771919205,7.547411665643917,-9.703882878779478,-10.928245275858142,-8.45248347692224,10.728298103273506,9.380950488859177,12.039791945361605,overall warnings,
2018-10-04,6.495134171805969,5.758529418089947,7.221592555372585,-8.225983719638112,-9.326755249424991,-7.089198112250665,10.030402232154298,8.765662429204514,11.279939699281737,overall warnings,
2018-10-05,5.541102386999657,4.735730497250445,6.348321836503135,-8.160201011831923,-9.511536484667587,-6.8633201510026405,11.8021823117803,10.114309634712917,13.634926811729477,overall warnings,
2018-10-06,4.832776821308592,4.154839700404431,5.470553901333108,-5.978623969204415,-6.933019878175016,-4.972260924221364,8.825991301932259,7.508666554751701,10.072499103702967,overall warnings,
2018-10-07,5.774048764715441,5.096377647202117,6.5037865247066025,-6.92752990015902,-7.939161679647322,-5.938439186680859,10.318079651784073,8.992162637992122,11.728417856646685,overall warnings,
2018-10-08,6.084901839556393,5.3587638017393795,6.817957396466142,-8.02501706206317,-9.160196216957432,-6.918107685501849,10.991376927666373,9.582349827124224,12.315977200308259,overall warnings,
2018-10-09,6.139757141781448,5.391156783404472,6.881473066699875,-8.335393390479528,-9.472867800326329,-7.154890047170053,11.458895672340851,9.986517971287189,12.882897813720753,overall warnings,
2018-10-10,5.694582091166746,4.9470689440981594,6.405689102867107,-7.837878433842196,-8.969468620021194,-6.636460515585558,10.977867501208504,9.402666494644318,12.441894079510327,overall warnings,
2018-10-11,4.8544151790867085,4.240414693635905,5.49753193375903,-4.835475084021956,-5.722106218091605,-3.939143808365097,8.883942934391364,7.645669196290317,10.199077375982904,overall warnings,
2018-10-12,5.872345259568652,5.158148209706356,6.59321507972091,-5.249873781224332,-6.170978950701979,-4.350124843926826,11.079047759987228,9.627720812871056,12.600420200581851,overall warnings,
2018-10-13,5.730503617620849,4.9858576399373655,6.417720174273204,-5.034513890772084,-5.891343607683059,-4.1380014579355135,11.423797543472418,9.924944095339763,12.781817806301904,overall warnings,
2018-10-14,5.518232764760894,4.83182860277108,6.226399174377086,-4.1699604726127735,-5.012514957888262,-3.3077023992681927,11.283979073727128,9.82174002274111,12.758721735911054,overall warnings,
2018-10-15,5.322050886836136,4.664159188039074,6.055782351582822,-3.558216717569097,-4.344843367892712,-2.7377290158777288,10.995998999434498,9.529097159353379,12.61342009050812,overall warnings,
2018-10-16,5.293040437102784,4.593401812865107,6.0024137306583905,-4.015020486437922,-4.815269487525802,-3.1502757124685496,11.173482379967759,9.650250510732214,12.764003627992825,overall warnings,
2018-10-17,5.496354888193796,4.775136349085913,6.133857910091305,-4.366508662197637,-5.18138864772048,-3.503279985120568,11.573192240842172,9.981124278038017,13.054038896268215,overall warnings,
2018-10-18,5.544433339742936,4.82934519319225,6.241494844069672,-4.24553048186058,-5.056117155383371,-3.4125601743716314,11.53428052010118,9.972867914028878,13.053335249380911,overall warnings,
2018-10-19,5.652398986698812,4.959042611959452,6.35343296382477,-4.409866575041257,-5.206564286881864,-3.594571328442366,12.01959064338722,10.454060900192932,13.564593374627986,overall warnings,
2018-10-20,5.576228791619135,4.895918007685318,6.2944467064752105,-4.687884626498798,-5.601181580047654,-3.826983944400935,11.733350217764723,10.237842740475035,13.346564285664783,overall warnings,
2018-10-21,5.601682120243227,4.907125201750068,6.265182933371251,-4.738637238523957,-5.5743201509335885,-3.8259701452353747,11.504614256777241,10.058451066379693,12.963222333281312,overall warnings,
2018-10-22,5.658817872362963,4.9474647498286055,6.315355272639174,-4.852335358437436,-5.6908631665614395,-3.928493087927712,11.398567593832691,9.923713696155223,12.85978469756004,overall warnings,
2018-10-23,4.185008659692565,3.5959894036447837,4.789781285578552,-3.970931959797375,-4.843456757185004,-3.1778619809210964,10.465978911684457,8.799174894961068,12.095364565168987,overall warnings,
2018-10-24,4.570271770165556,3.958083104945797,5.179851108217467,-3.6275512167781794,-4.4140098523783715,-2.8510011517092373,9.78372526186947,8.341105820214068,11.322079850274209,overall warnings,
2018-10-25,5.607039746374435,4.945027568645242,6.243968462422012,-3.2265930105371927,-3.981249188691673,-2.418639895264185,11.069438715539345,9.723103315675655,12.492674341386012,overall warnings,
2018-10-26,6.190426892877149,5.533975744314823,6.840931147979826,-4.155838425956571,-4.925203415445525,-3.368995876514286,10.989142024014779,9.68752691277463,12.285623041976319,overall warnings,
2018-10-27,6.060387538384827,5.321216820272374,6.737016827681007,-4.4048319418728035,-5.192684522168977,-3.535458338252412,11.088223822431829,9.652346135427448,12.535214109192525,overall warnings,
2018-10-28,5.237908811193643,4.603089102411104,5.844715372428534,-4.546384393027322,-5.393831136249203,-3.724599468412916,10.300047524744395,8.912622255860683,11.756020630766221,overall warnings,
2018-10-29,5.733065777735838,5.054770541261323,6.3928200440118275,-4.122400485513824,-4.939935890856764,-3.318763435645014,11.165150405094955,9.703435687812291,12.609088765445572,overall warnings,
2018-10-30,5.688779035484679,4.991592975943352,6.391484734740161,-4.5226564404642176,-5.387369695138396,-3.683112041945954,13.104875444280601,11.486616866478196,14.80715847632712,overall warnings,
2018-10-31,4.536510177216747,3.963462321460023,5.089189577022805,-4.1719468617462105,-4.940280970302595,-3.3203128305329566,9.358125171780541,7.884757370813923,10.740477701517419,overall warnings,
2018-11-01,6.141068016069282,5.407670923806628,6.869976217173438,-5.980827440807614,-6.89943250384427,-5.105354605290117,13.013480659926572,11.405770489499046,14.63571177649381,overall warnings,
2018-11-02,5.289190875810645,4.665995432191354,5.8847721507323625,-5.739616586969323,-6.634330466484092,-4.830294505216176,10.775855854802527,9.357541606509733,12.159245052453644,overall warnings,
2018-11-03,6.160590690316939,5.452934045735942,6.829893942829323,-6.261405558992627,-7.166854532754116,-5.291020216920831,12.251330527145887,10.710317319862444,13.731535891747466,overall warnings,
2018-11-04,4.98272564822668,4.4199265880186225,5.5908162303766895,-6.022369004892064,-6.964913494590344,-5.101644228833597,9.907654516713265,8.640871689039702,11.312146226369586,overall warnings,
2018-11-05,5.34173946101474,4.6664772946872795,6.025820477943928,-7.229701903520654,-8.33544610840277,-6.10614233483932,12.473310071045411,10.755730871495448,14.206225158049635,overall warnings,
2018-11-06,5.309734610312986,4.647359671457637,5.946051069881463,-7.388300456137769,-8.46923816525098,-6.318612695543423,13.12821023374044,11.510961229191686,14.775384954767949,overall warnings,
2018-11-07,5.303909038621869,4.677131967927122,6.031834414488979,-7.724378915423005,-8.93742172866616,-6.665368954751574,13.40349366211783,11.764197847123251,15.292893533537967,overall warnings,
2018-11-08,5.241082709537309,4.5769385014535,5.871709650382854,-6.9497117916295394,-7.964519030616055,-5.880992055240732,12.699698699110503,11.022112013998086,14.438800959991749,overall warnings,
2018-11-09,5.134401498231922,4.503451749473445,5.744219648381447,-6.737943542454856,-7.736505253409967,-5.664825298573743,12.731410631404906,11.08060154295414,14.347932516656599,overall warnings,
2018-11-10,4.95384348225261,4.315743793200905,5.569726533192506,-6.550111888983068,-7.5388521035940075,-5.53497406422073,12.724149513341438,11.053832002179227,14.456951242001912,overall warnings,
2018-11-11,4.896911786751719,4.290767696961423,5.535020019177348,-5.856725182710843,-6.821227282919503,-4.871098283134414,12.975997914564655,11.2526326962569,14.736407504984415,overall warnings,
2018-11-12,4.9551600331440575,4.343313098861234,5.567893329946654,-5.1942122004788525,-6.049543210068416,-4.290705379999314,13.081260002443303,11.502047227914005,14.863607654254327,overall warnings,
2018-11-13,4.8297552355625495,4.262596499004972,5.406849766899757,-4.2020074996999295,-5.018436458567114,-3.4185526171352407,11.151506552525039,9.677834481639714,12.66862223107718,overall warnings,
2018-11-14,5.159546092701799,4.583519660642539,5.744997328956349,-4.329395216364322,-5.127589052795425,-3.5570398235414724,12.32166115247914,10.735822692125458,13.910500646112826,overall warnings,
2018-11-15,4.749404287680229,4.221532636904826,5.3042046632559705,-4.342449269724927,-5.099136610829893,-3.5562437084725866,10.885874750587071,9.475049605998976,12.384790815141711,overall warnings,
2018-11-16,5.101675524197293,4.480585744165484,5.745200169203326,-5.135766434694522,-6.061454962746145,-4.226520477792027,13.105989485471262,11.400361837455003,14.880551907133189,overall warnings,
2018-11-17,4.980970780961366,4.36846849064899,5.594402287359827,-4.789265399498891,-5.621193599205908,-3.9491929912272368,12.863734940865696,11.118404167196394,14.586939518158667,overall warnings,
2018-11-18,5.188657072055947,4.596549159923531,5.750935587933454,-4.265543183029413,-5.055873727428396,-3.4722777359142465,12.741466178075282,11.229952278878987,14.313946077902406,overall warnings,
2018-11-19,5.015968911207944,4.399439197036189,5.668002462326111,-3.8731501712161207,-4.683312419614989,-3.04074126478577,12.555768220698248,10.946444729745554,14.2620008539753,overall warnings,
2018-11-20,5.130033927980264,4.5907117875048815,5.686802432939248,-3.018298742422558,-3.7530339538970927,-2.277564315560694,10.272163947955143,8.945547297337816,11.636412965104531,overall warnings,
2018-11-21,2.8252383796561054,2.3235803134718425,3.354039074012521,-3.5551104336378723,-4.359406919507853,-2.7727993016926935,12.485617568157265,10.177207686305923,14.706963540580443,overall warnings,
2018-11-22,1.9287304004080568,1.4585595706944272,2.4396775973192537,-2.2405421191234605,-3.1057777506133615,-1.473342110713332,12.167176701453297,9.896967454855368,14.585463688660514,overall warnings,
2018-11-23,2.233001756962099,1.7605988524404148,2.67476600533528,-2.0546323709743883,-2.80188606645563,-1.314834703025065,10.178897544037186,8.255013082161913,12.108260517009569,overall warnings,
2018-11-24,3.9158972787359634,3.372752538457507,4.4213472481272005,-2.2076137144023535,-2.9167399991101535,-1.4782885343999586,11.532512568286634,9.71275514465367,13.27116393716842,overall warnings,
2018-11-25,4.248494746807396,3.7362519143080437,4.7728693935729,-1.8135508225125159,-2.5598563022111422,-1.0659681265238057,10.579189829015418,9.09135150660415,12.075392068131729,overall warnings,
2018-11-26,4.231372608985288,3.693719564752766,4.788717677864517,-2.1219788338440764,-2.867856783947152,-1.3748305341668223,11.020453181722614,9.447665733155725,12.67356097959759,overall warnings,
2018-11-27,2.0024465344291915,1.5694970869367513,2.4457660333679567,-1.9038821198210578,-2.613076147956081,-1.2011181687029941,10.801752252291738,8.708432486217465,12.837566062357208,overall warnings,
2018-11-28,3.019061806508583,2.52742995625117,3.4922903076479668,-2.990726193174746,-3.792248403529475,-2.1992151581667323,10.274977441866127,8.486144830099796,12.090499338248197,overall warnings,
2018-11-29,3.469416898303547,2.9472091120391397,3.9724388055406123,-3.4830811888742472,-4.252877966592931,-2.6785579900528083,12.440935223725457,10.534951986452961,14.249885781326189,overall warnings,
2018-11-30,3.929690606101814,3.4130230178973355,4.502724236938264,-2.192559386632081,-2.9653028718552474,-1.429072663670324,12.317501895178681,10.594481493544144,14.226340779079052,overall warnings,
2018-12-01,3.276901689769285,2.7924675166021853,3.805239735845762,-1.7286496885945297,-2.4892215929328025,-0.951858095648174,12.768878517486247,10.917772115873838,14.66271163216791,overall warnings,
2018-12-02,3.0511314508083105,2.53024681834904,3.5683790915734335,-0.49126746854153935,-1.2095440360177532,0.26406059191222325,12.782866117191318,10.659053978374688,14.780549948739262,overall warnings,
2018-12-03,3.248620889645628,2.720741427162423,3.766786851954881,-0.22759865408121166,-0.9586952573220218,0.4996523968806154,12.736249168189843,10.776595464188892,14.618948570802974,overall warnings,
2018-12-04,3.070825699441241,2.5949075508366772,3.519913287478326,-0.9827834755920128,-1.690533030787573,-0.25057545807287723,10.392387135370791,8.62139628162863,12.26669347330552,overall warnings,
2018-12-05,3.714529860205448,3.1114268467145108,4.275227200004803,-1.2010429709616517,-1.924400690275992,-0.40060512108649665,13.257024822066679,11.153456522874315,15.33156803299527,overall warnings,
2018-12-06,2.8451648446555216,2.3552411793061845,3.3863680517726573,-0.9251256268928583,-1.6429548874701707,-0.21985554020558387,12.127335807868242,10.22286470073864,14.179406139873961,overall warnings,
2018-12-07,3.251482299112149,2.762131733895752,3.720594669715847,-0.3645255198061346,-1.11878463700539,0.40007209510880754,10.97819312061511,9.15293864742226,12.784023481892529,overall warnings,
2018-12-08,3.8418117158145684,3.2960348370229045,4.390786341989819,-0.47335581191259846,-1.234334098864546,0.29526999729304704,11.463089806301959,9.658410065740568,13.274749418163582,overall warnings,
2018-12-09,3.537242513285649,2.9615929109452033,4.092625960806724,-0.7639214738242248,-1.5666347636027136,-0.04244957199663983,12.763487027840862,10.702394597553829,14.781232117954717,overall warnings,
2018-12-10,3.807487135451824,3.253371685853765,4.333499021704767,-1.1613407057494447,-1.8789675919039432,-0.4466849013270696,11.36491361185446,9.487129407458506,13.216076666067778,overall warnings,
2018-12-11,3.952846375087798,3.340433212822931,4.533871998623529,-1.0350353846042837,-1.7983821655995098,-0.3118782318681004,12.65753513760881,10.606374018081056,14.66692700462988,overall warnings,
2018-12-12,3.2968263668668607,2.8143966101232034,3.7808832157849057,-0.18772692364515603,-0.9563366130524239,0.5257383511764552,10.711709396765361,8.916289082793925,12.438562405216746,overall warnings,
2018-12-13,3.4122176309047365,2.8896073391680765,3.9153956085862758,-0.37603371589038803,-1.162504027573724,0.33863724658137284,11.624096373994968,9.73821815789751,13.542868943218812,overall warnings,
2018-12-14,1.6544119687915109,1.2282246430809545,2.124470723959313,-0.5064646068853408,-1.2136883788980255,0.260104828059471,10.971814756418137,8.601821760519265,13.296416180541563,overall warnings,
2018-12-15,3.4653728845016554,2.939971669386262,3.970551412317761,-1.3917010818593254,-2.129333777942984,-0.6618355328494205,11.186298823841106,9.38374694258759,12.971050237031148,overall warnings,
2018-12-16,1.1565062000142636,0.7017352847821086,1.5741635624791683,-1.2585388656394927,-1.9826569416339714,-0.46486937633954517,12.421608747707197,10.015502732761032,14.848181084935247,overall warnings,
2018-12-17,3.1242621862511184,2.613419035146813,3.632709739025479,-0.5832334117691428,-1.3136190702142145,0.17336901157299547,12.972277542471113,10.879133391623292,15.015214098194939,overall warnings,
2018-12-18,1.4200775602427245,1.002504370678867,1.8211840689137984,-0.0553251540159887,-0.8334592018022924,0.6495968425898516,12.067681213066376,9.834355072362936,14.40379095868416,overall warnings,
2018-12-19,2.0497659123818464,1.5925310767268557,2.516859314188658,0.08930053705724608,-0.6398423650147471,0.8456371373939982,12.138846936281208,9.791299114095834,14.373318310384226,overall warnings,
2018-12-20,1.1418663647046334,0.6813445460185583,1.5538173960177164,-0.12699520102297265,-0.8558959782665165,0.5950782004579235,13.333276229994263,10.744417279176496,15.921992338357772,overall warnings,
2018-12-21,1.7333710678259113,1.2828917450024473,2.159772756934437,0.6677866328659521,-0.04989071927297232,1.4181434468805532,12.935663172045402,10.624663995376809,15.241991608024893,overall warnings,
2018-12-22,1.6454728637094929,1.2121275447043716,2.0953462360776842,1.1616040148143716,0.39491851930193905,1.9846925150794545,12.623136749177934,10.202085279781107,15.018800783159579,overall warnings,
2018-12-23,2.0108995591117638,1.5706213722865798,2.439294097621058,0.8166710776194321,0.02417012705003663,1.6699100218254925,13.112515810767608,10.93880101085664,15.47401840017471,overall warnings,
2018-12-24,0.40950424436211746,0.019173396744880934,0.8216047445874405,0.2286678261148901,-0.5262482434036291,0.9491678817097806,13.053360565078076,10.42833633855339,15.69659467815093,overall warnings,
2018-12-25,1.5234591280978393,1.0994801645924477,1.9758746231940993,1.344941560937711,0.5710930916149543,2.1560620825205516,12.992624124987577,10.574458449220087,15.378902539830483,overall warnings,
2018-12-26,1.5815015784116593,1.1303936412664868,2.029231807381576,1.7852085915488085,0.9275522681812896,2.627853622056308,12.606381605140236,10.340052264212257,15.063537681999144,overall warnings,
2018-12-27,1.909099054039161,1.4435396970518037,2.3913543411061124,2.4614492773130934,1.5689018230014513,3.3929325774822643,13.030714645490207,10.719743749344735,15.556505053324726,overall warnings,
2018-12-28,1.690296014121127,1.23716119100188,2.1599003108729056,3.2065253435924186,2.30651307139139,4.12224714035294,13.63439912053876,11.221140022639426,16.08448099658149,overall warnings,
2018-12-29,1.9639600320051236,1.4848877086551464,2.4453581518560594,3.0518431601572553,2.052802241139333,3.9993610670995974,13.427855726996178,11.111458395342815,15.794525258962693,overall warnings,
2018-12-30,2.1840664534753946,1.717723192818264,2.6677810251073573,2.4933571269528763,1.5968193596417806,3.461433409761052,12.817303588640636,10.713526016986762,15.090905927749276,overall warnings,
2018-12-31,1.6919394876743472,1.2234129945527816,2.151703646365695,2.970837526208186,2.0411693610760495,3.8676786005904007,13.092463987910325,10.540710350170782,15.438949525757458,overall warnings,
2019-01-01,1.9530285343144524,1.517875329021095,2.4446855490306745,3.377437574348521,2.3614928963915878,4.437188952517072,12.72478120020882,10.489519361366494,15.025395231748329,overall warnings,
2019-01-02,1.6889942359697074,1.229910139051338,2.1349248145143824,3.2715380668553977,2.2490877037103116,4.344706784811059,12.578726730733948,10.167011429514504,14.961545756260987,overall warnings,
2019-01-03,2.213789044686574,1.754413533557636,2.6631537302179593,2.791021382940924,1.678722760877364,3.8308287452404333,11.144245613552389,9.088866181501874,13.160583614601197,overall warnings,
2019-01-04,2.2624646116409766,1.7900199915474588,2.7508075425429843,2.0596107403799437,1.1290815456569518,2.9770563138870876,12.063205876211029,9.883497205559056,14.242661918289373,overall warnings,
2019-01-05,1.8806236066114033,1.4130217562350091,2.3369775102790933,0.3611375219655775,-0.39391741803647234,1.1545518259521466,12.859298222905519,10.530092973158856,15.248328740743904,overall warnings,
2019-01-06,1.1544800709799294,0.7294204121304543,1.593251901317235,0.9712520379381682,0.1427172843456424,1.7514138712968979,12.421300093195526,9.988631353608687,14.964320002247032,overall warnings,
2019-01-07,2.411228135734124,1.9077222888886223,2.9041256148420462,1.6609335184801743,0.8141350260499742,2.581024021135287,11.950572373832127,9.841430080528475,14.072816696836487,overall warnings,
2019-01-08,2.416607126698888,1.9420732626866855,2.8887300225929984,0.10449985331870495,-0.6401929341149378,0.8802309987706325,12.684040492760023,10.480322178358211,14.823392039653122,overall warnings,
2019-01-09,2.4261292204622515,1.9478532201684955,2.8797472586431305,0.3108006760468939,-0.46185978847193854,1.0868703343872759,12.185811665847574,10.159416355214068,14.32699867712324,overall warnings,
2019-01-10,1.0118546407607356,0.5694833978701787,1.4234219983204086,1.244578745085418,0.45684174349603357,2.027803268134383,12.36549742546159,9.893790844832214,14.983115872360834,overall warnings,
2019-01-11,1.7046892566452791,1.2576367633006336,2.166647856281277,0.04478863970616596,-0.7278039294397743,0.8020291919435395,12.422404232900853,9.91422422188167,14.721739924771072,overall warnings,
2019-01-12,1.838612517956529,1.3667260584678966,2.3379412892432905,0.4907595823510919,-0.2636986853151044,1.2312508370736324,13.556538846023763,11.231584716542889,16.01711711974847,overall warnings,
2019-01-13,2.0561504927878564,1.5576900038167403,2.5307288213141237,0.3772127796635929,-0.39578960739482816,1.1117197749438887,13.586869058105371,11.216107929296712,15.93565180465989,overall warnings,
2019-01-14,2.2779674261145413,1.8092675805217036,2.740136195831041,-0.2181824586160837,-0.968889525656891,0.489051214038224,12.932387267864504,10.695547256236273,15.102748581445125,overall warnings,
2019-01-15,2.1744483996616544,1.7086909297780528,2.6481363383704393,-0.8500192005565308,-1.5676097679689425,-0.11259863216936525,12.348150509429669,10.20953052265543,14.466005471543701,overall warnings,
2019-01-16,1.5471157730779468,1.10266342278014,1.989722830862732,-1.367012890907216,-2.1155377104512243,-0.6233177094777694,13.06130580008923,10.520295981352803,15.494870081997862,overall warnings,
2019-01-17,0.8788988554136565,0.4411801370491574,1.29899616051307,0.3618432025181452,-0.36984929936950134,1.1232141834266895,11.389974318677904,9.038290552623746,13.971674321304945,overall warnings,
2019-01-18,0.41005094845863443,-0.01205220656837078,0.8007352488565163,1.3672539711567053,0.5725239061103583,2.206982742253348,12.765537799596455,10.099211546621383,15.48792452298637,overall warnings,
2019-01-19,0.04080839894873497,-0.3660637505916816,0.46118216076115776,1.5973948335008608,0.8061832961352035,2.394397635438914,12.977702153891642,10.294470704867138,15.73276877747832,overall warnings,
2019-01-20,0.0012704884315510642,-0.4106863010287594,0.41588919905737826,1.142652854811582,0.3984610810026621,1.90492836490577,12.993674026452737,10.343499318999198,15.754609380968228,overall warnings,
2019-01-21,-0.019930352646192202,-0.4510850683715208,0.39766697196091,2.533896410492314,1.697418795809035,3.370716742038565,12.772873805574415,10.147414447949044,15.386247988415594,overall warnings,
2019-01-22,0.284331889865726,-0.13563623637682964,0.6933710891747058,2.741472391321716,1.856013208395347,3.7264967450066404,12.989584124363482,10.311209313506296,15.665978090859772,overall warnings,
2019-01-23,0.3960387151398927,-0.03178971551708891,0.8152064566322357,2.230142380437554,1.375214005900195,3.123390578941805,13.05938367679877,10.55518674211362,15.800381075096139,overall warnings,
2019-01-24,0.6100100987638392,0.18009889349869787,1.0433570913921,1.9291963108921237,1.072245556868697,2.7379731370356346,12.837069676111726,10.150212915543067,15.372742266707426,overall warnings,
2019-01-25,0.5188111704275101,0.07069731848305201,0.9649614329705101,2.168743097321651,1.335711528133639,3.02986370728662,12.885000705003836,10.28598468496514,15.57157664712757,overall warnings,
2019-01-26,0.7450576942096225,0.3105172752914044,1.1837361666415116,1.835791138505114,0.9845241294484294,2.6800647891896108,12.76243326267981,10.216580336036255,15.393523673126378,overall warnings,
2019-01-27,0.6525448737507443,0.18161322996070683,1.106275056445157,1.3638416857177997,0.5866032881541319,2.168100859360985,12.780370354204948,10.023604975261057,15.548085474143301,overall warnings,
2019-01-28,0.7110228618969321,0.2729616473238779,1.1662501119306306,0.5595054880972412,-0.19466824703559263,1.3157466905176671,12.487063666790384,9.991413105690844,15.247614229897367,overall warnings,
2019-01-29,0.7853317231273144,0.3239273489059273,1.2206597024716157,0.04019263593911078,-0.7393272349316244,0.791536469437172,12.528695451348097,10.06429853963005,15.0358960335004,overall warnings,
2019-01-30,0.850176024323089,0.3989547106702706,1.297639600066013,0.16052106023642415,-0.5939247312736234,0.9252490120531491,12.680725733806558,10.162454936619062,15.084284873857014,overall warnings,
2019-01-31,0.8442795946599134,0.3914441663337182,1.3053925443670926,-0.2425002988019517,-1.0022868243449856,0.5328443710249976,12.527853975898676,10.127494119448757,15.132760703819393,overall warnings,
2019-02-01,0.7740907555156095,0.3117762656363475,1.1943055374663991,-1.6714425522771768,-2.4075065312124746,-0.902185118374393,12.642755517330947,10.014965498676062,15.257684185559835,overall warnings,
2019-02-02,0.8161896765232459,0.36624235624077606,1.263530620323416,-2.178014370730139,-3.026485370655944,-1.3407014725823054,12.403908999115336,9.819503446887435,14.953943070946567,overall warnings,
2019-02-03,0.8730214471241091,0.45623652398168457,1.3101319065670745,-1.8827157796444258,-2.6858561346893457,-1.0804810907386249,12.11402787197134,9.415247735038669,14.589251465543116,overall warnings,
2019-02-04,0.8849972165787305,0.4164495316975782,1.3195546853559819,-1.5644198080159621,-2.3870970971804857,-0.6945840086041135,12.297200981052798,9.665222030188236,14.861845448020658,overall warnings,
2019-02-05,1.0329268449030116,0.563334120214688,1.459079076250384,-0.1126051064726452,-0.8731019695609199,0.6505050323707733,12.133852561993962,9.761335625087098,14.631641104266741,overall warnings,
2019-02-06,0.8967329598086704,0.4462500896884291,1.3518602016036625,0.5096722730576839,-0.24930027484068987,1.274890039493002,12.810881775458858,10.04642427819582,15.266522597643474,overall warnings,
2019-02-07,1.2508111723738191,0.7630849171569869,1.7318733351853612,0.4174503521039863,-0.36163325922334044,1.167051655476292,12.993534577915934,10.557602072940908,15.533488297447853,overall warnings,
2019-02-08,1.3384843249866933,0.8488933545905282,1.8194291837161116,-0.7714813022674754,-1.4906464787416556,-0.06459983982010845,12.30688050441224,9.83584655437182,14.747505682407906,overall warnings,
2019-02-09,0.5224221857179709,0.08151471487727399,0.9411590100513294,-1.9954090119585555,-2.8631287234827463,-1.136319865087323,12.758233099912516,10.322252206605317,15.357477501440696,overall warnings,
2019-02-10,1.1485747201888565,0.685295354187364,1.6091289248157494,-0.5512282090689083,-1.265664570162246,0.18933525896163983,12.713404395330434,10.437560118627673,15.033985573344555,overall warnings,
2019-02-11,1.4148264488078792,0.9182127282370895,1.8928600496549675,-0.9028446860328587,-1.625727532877297,-0.18151528567665373,12.907847607169543,10.544696016709219,15.3404897348302,overall warnings,
2019-02-12,1.1449702925165766,0.6745681093062592,1.6104171646967667,-2.0374280899829165,-2.8170798266643815,-1.236349433125641,12.985456491792235,10.407129847261851,15.52379283579139,overall warnings,
2019-02-13,1.2046249234254482,0.7255744136720567,1.6662263940502262,-2.6874369140068026,-3.556075378962189,-1.8652674831709044,12.235767594809303,9.886300298246368,14.743368310183225,overall warnings,
2019-02-14,0.45822515907839956,-0.0037668037365500232,0.9176041082549876,-3.1610622883378365,-4.222932036306638,-2.1391251820486845,13.183407738606112,10.536017538358248,15.986750795650575,overall warnings,
2019-02-15,-0.06676696144584743,-0.5020402913533965,0.3648752400438867,-1.9499149213154934,-2.91311872744242,-1.1049008879577138,12.84737529241352,10.338156390589852,15.550329326013678,overall warnings,
2019-02-16,0.4158408730606694,-0.03098696525768759,0.8733860971209582,-1.2498055397755445,-2.0267363320779537,-0.4659319403158923,12.702639438107905,10.046922201065334,15.291521102985667,overall warnings,
2019-02-17,0.5950104408993595,0.14159194535368788,1.0550050468203993,-0.49806877737303745,-1.2614652161518476,0.2641323602542229,12.510597744863148,9.850942169295617,14.958304550120051,overall warnings,
2019-02-18,0.8729356263496382,0.40261042861907487,1.3504276473616168,0.3082913714003429,-0.45394058651640906,1.0165114707749212,12.511159160343912,9.98891298240272,15.180476308988158,overall warnings,
2019-02-19,1.0730762171174366,0.5986250398724257,1.5417905646841619,-0.5012272481294703,-1.2213749035288455,0.2771288527940153,12.271170430554127,9.792459643949035,14.94018780465339,overall warnings,
2019-02-20,0.841687054484392,0.36892364466019106,1.3493134349814953,-1.5724966685780073,-2.3832685891204264,-0.7795015582621149,12.638016336059113,9.989403943685042,15.294313142486292,overall warnings,
2019-02-21,0.9000855110458927,0.39792734992743417,1.4003464251044058,-0.6720448512314319,-1.4483455361244972,0.10161151778897225,12.608039615177297,10.186479377124558,14.980163416229383,overall warnings,
2019-02-22,0.9555950968433597,0.44271000097738034,1.450919130723176,-0.09486416986807811,-0.871059220039131,0.6575045812981513,12.650476680487063,10.159508894625944,15.159771768052199,overall warnings,
2019-02-23,0.8151475812386249,0.3136929699798982,1.28936409583513,-0.279532652760982,-1.0273031769082532,0.5162080252152645,12.276131863049734,9.759867818849488,14.739303538734102,overall warnings,
2019-02-24,0.9666932741112615,0.4898347184453108,1.4313756849576786,-1.5000710207385133,-2.2937116356313716,-0.6992565096638267,12.471864871864868,9.972768485816493,15.055121275620998,overall warnings,
2019-02-25,0.09047159883799007,-0.37765357495234786,0.5694416676256129,-1.818889557184361,-2.686684408512046,-0.9310765027072264,12.685988407462926,9.980233085752154,15.272470852376546,overall warnings,
2019-02-26,0.1456120912720565,-0.3304738858252002,0.6143462405075654,-1.7372371060755523,-2.5705172280750417,-0.8814692851234631,13.024894794174674,10.146787571176395,15.716403083879118,overall warnings,
2019-02-27,-0.08859859558135455,-0.5464031709175832,0.3577844934939588,-0.632563004066389,-1.4002565049394484,0.12855552791300218,12.609614609284215,9.957674434075289,15.423162707502014,overall warnings,
2019-02-28,0.4682635030938901,-0.0015358859265473868,0.9297711348102681,-0.4235518250153574,-1.1442419902330188,0.38616271025360716,12.876978929444773,10.127972118918294,15.640529933034147,overall warnings,
2019-03-01,0.36832151450849715,-0.09583460491439202,0.8529876861783056,-0.7400020707794435,-1.529382881939769,0.03107211754199959,12.971678884755583,10.249789501556316,15.689856981825027,overall warnings,
2019-03-02,0.4194941698754169,-0.07309948919875642,0.8853376953724295,-1.074531992899991,-1.867000570348008,-0.3149029172963699,12.875823290778175,10.345233913445433,15.388538441836365,overall warnings,
2019-03-03,0.6780854431417422,0.1775514259708156,1.1585325135307256,-0.9454808220311229,-1.7394102578471442,-0.14351945726522553,13.021259154616006,10.446235195475102,15.72265850118669,overall warnings,
2019-03-04,0.8029828416255953,0.33404990139945595,1.2968316932434352,-0.8610309512248333,-1.6596227008937712,-0.09857763479244423,12.645834554099139,10.06053340832879,15.167626960296339,overall warnings,
2019-03-05,0.6406753506759439,0.17085046221154707,1.1351327131173718,-1.862150835508436,-2.767091317381186,-1.046636314759211,13.081187299477051,10.249187241879024,15.643347367580375,overall warnings,
2019-03-06,0.5116000785908993,0.0243766866889031,0.9929352294140789,-1.9741218323327268,-2.7798791017242404,-1.1258731142516238,12.845141648609548,10.294954685629273,15.426272203000401,overall warnings,
2019-03-07,0.8865224584110087,0.3710822549916788,1.3782159683055224,-0.7972124120527959,-1.538143702068695,0.008238184986265185,12.828439902314742,10.291589404884165,15.351365882096827,overall warnings,
2019-03-08,0.9538242782381139,0.4722441149329213,1.4362356466226704,-0.8933287918209638,-1.6604024681747673,-0.1327319297071017,12.604114121873412,10.115421840903775,15.13723729723825,overall warnings,
2019-03-09,0.7806128199254483,0.27831796812640014,1.2743627991268087,-1.121851181716328,-1.9121456299163733,-0.31155548223405993,12.927296326900432,10.185009998139455,15.662675869533373,overall warnings,
2019-03-10,0.9037228918256257,0.40903527272253826,1.3928925859902914,-0.5571320586542386,-1.3168637864061925,0.21976460139253365,12.769293329553822,10.198618001967754,15.400261251719623,overall warnings,
2019-03-11,1.3097248596605426,0.7589052810685267,1.8469001071755262,-0.6133069902906556,-1.388156655113868,0.19913607222114088,12.697360049325018,10.139685610988737,15.288684265119661,overall warnings,
2019-03-12,0.9308002150586965,0.42522851738109396,1.424132822776021,-0.5202751017877698,-1.276935801317672,0.25271582314523355,11.941998435767783,9.366267447860418,14.552112339973641,overall warnings,
2019-03-13,1.1258978372377633,0.5988735146816719,1.6502643878163983,0.3468680046906264,-0.407293578483236,1.1185143343185302,12.784731401717323,10.396423882912803,15.318443643197392,overall warnings,
2019-03-14,1.1414848902302217,0.5580300309456738,1.7378976782791595,-0.22798526194374846,-1.035597301017305,0.5979984447940352,13.037733827710792,10.475239945987102,15.560758566437544,overall warnings,
2019-03-15,1.233028446351554,0.6570159953413689,1.8210752108940087,-0.8093328885508118,-1.6338070432675802,-0.028015453006295755,12.588428427795023,10.164941333452518,15.173218877889605,overall warnings,
2019-03-16,1.5467863560189468,0.980878659445848,2.0724139809677515,-1.341052159950113,-2.150786472997727,-0.5284643058733833,12.596341267667821,10.16486391131656,15.09324740223474,overall warnings,
2019-03-17,1.6892886119207442,1.141615838936465,2.2427719508297184,-1.6798997587253082,-2.504140215500836,-0.902827483312561,12.709162097770772,10.446763110273743,15.113061852663316,overall warnings,
2019-03-18,1.7317567698766259,1.1438093552109256,2.2875933720311274,-2.091842353282087,-2.898269135997901,-1.2245674455963067,13.067455745724804,10.63207967597067,15.539069798889633,overall warnings,
2019-03-19,1.554155432038478,0.9859015009500346,2.1084832000793257,-2.37610147920863,-3.223856925102843,-1.459969633825572,12.812749916983744,10.385822478950395,15.351915022076318,overall warnings,
2019-03-20,1.0898712281761984,0.5723698208591366,1.608865710460161,-1.5586404438420205,-2.3788083638584117,-0.7267671277061496,12.158078689762647,9.718617487752812,14.56194751553006,overall warnings,
2019-03-21,1.680978000864843,1.1292177041238503,2.237571940004335,-0.982957594221592,-1.7781157385326938,-0.21773714290127455,12.762332351080214,10.34879666874236,15.122684726589764,overall warnings,
2019-03-22,0.9096448820158902,0.357267868356716,1.4602726713734637,-1.017900875492023,-1.8297648616612248,-0.1853112383939113,12.381144609767958,9.86215465309625,14.855705617501117,overall warnings,
2019-03-23,1.453342167362584,0.9019436506782043,2.0216017323710487,-0.45561610796974883,-1.2688364041366444,0.28994873488972217,12.192677084577078,9.737111096121549,14.637373939184489,overall warnings,
2019-03-24,2.18039515572776,1.545486202218203,2.8099624797686262,-1.0211410631399793,-1.790648281853732,-0.1691979104136768,12.682461139246282,10.220941768236429,14.995949237061819,overall warnings,
2019-03-25,0.7098354119721941,0.2262706063534122,1.2003117907534402,-0.7291576424983688,-1.5038185870897083,0.08955427590610084,11.150174992275733,8.718052218186196,13.661748230996665,overall warnings,
2019-03-26,2.1698848215759003,1.5645851897093768,2.8086609602633192,-1.379622220109447,-2.185515877633298,-0.6113946472867189,12.36627870947013,9.99862727417408,14.80962334040617,overall warnings,
2019-03-27,1.1135499149566228,0.6019346752819401,1.6686757406683606,-1.0832862644236245,-1.9093231800131931,-0.28536326081261915,12.20750856616791,9.600514336035557,14.750010709923437,overall warnings,
2019-03-28,1.5448412849459459,0.9884438465566223,2.1112416851291687,0.17464629933751094,-0.6145999759838776,0.9681343036012585,12.308695066398737,10.108329061470126,14.682869939759026,overall warnings,
2019-03-29,1.8358352404689549,1.2486181040665691,2.4571875626724284,0.7172782735683046,-0.07788430465729514,1.5345391858960171,12.400038938269073,10.168288696821156,14.937032486067855,overall warnings,
2019-03-30,2.440864678646782,1.8050542329158834,3.104672048853489,0.20738516177584976,-0.6205908223861293,1.0013407757592048,12.63347591826864,10.384839870517137,14.985909415499329,overall warnings,
2019-03-31,2.755111900273994,2.106920651504107,3.4113575607311457,-0.7654311947355216,-1.5582678438229978,0.00584966209232326,12.224759692284126,10.085691014881712,14.446067932707411,overall warnings,
2019-04-01,1.9341502284263958,1.376820792374575,2.5412231146346316,-1.5580620800032694,-2.4064082065287784,-0.7520348359341766,12.714179120363482,10.437691662890234,15.104247825590567,overall warnings,
2019-04-02,1.699420810032875,1.138967119614229,2.2769328438998633,-1.4059241724555553,-2.2214361453300735,-0.5746974073464578,12.32171833375429,9.96478408208937,14.701042549742834,overall warnings,
2019-04-03,1.8609775685308256,1.292124170863913,2.4510152534244676,-1.1398081331439252,-1.95949805634426,-0.34363137454563203,12.370233183384467,9.91548289128976,14.683714668721187,overall warnings,
2019-04-04,1.2268114523889109,0.6736582168344899,1.8136193181296931,-1.5468426158049764,-2.3810201745588575,-0.7060655628309351,13.052589577936878,10.294937838161283,15.766408628246273,overall warnings,
2019-04-05,1.1786258455332936,0.6434800517183098,1.7258926121546663,-1.342785757096607,-2.1569414216503056,-0.5025977703560188,12.497678853319087,9.896701812624784,14.92749920867935,overall warnings,
2019-04-06,0.1942618476135753,-0.3184298489906203,0.7104557572124416,-0.6844837620480626,-1.5063920725598539,0.12573961783444967,13.117791942032778,10.479536314372314,15.711193924803526,overall warnings,
2019-04-07,-0.03381579983137832,-0.5657949133941295,0.5021773720364636,0.5315597696904486,-0.29950811760458484,1.326411488525288,13.173152224302779,10.640980298293586,15.856886649575618,overall warnings,
2019-04-08,-0.16994781616272672,-0.6873703842615029,0.37667089826129274,1.432033700326497,0.5709624806502925,2.2982793572566327,12.938595211609874,10.379596865526178,15.666396094528617,overall warnings,
2019-04-09,0.4742421506748244,-0.03780913715299714,1.0369867315737824,1.4704224347227641,0.589774302093798,2.3010522139105674,13.09555619710822,10.410400748841491,15.752487087318928,overall warnings,
2019-04-10,0.5201034570644492,-0.01317836543009936,1.0583162835947155,1.1998014303073576,0.3276003229864662,2.033337996385901,13.154329927330927,10.558881316116066,15.889872229006544,overall warnings,
2019-04-11,0.6038916680409949,0.060996490560805194,1.1680049601051785,0.2581567029487603,-0.6156955598293574,1.0884497286590422,12.895066085195639,10.045683252999238,15.640987291387889,overall warnings,
2019-04-12,0.6511294874212754,0.10810226378471813,1.1814926836089537,-0.07451738346708559,-0.8923686163582121,0.7042190342810245,12.999039298070734,10.520721608954528,15.54120341555659,overall warnings,
2019-04-13,1.0936902156207815,0.5392519248301126,1.6427778623318088,-0.6603186764203322,-1.474794916482105,0.15569861175233873,13.205091007149342,10.739144735222524,15.824590653092047,overall warnings,
2019-04-14,0.6942030996965117,0.11851674872295757,1.2743537010439745,-0.4034290940483072,-1.2875571044186884,0.4159674357058817,13.007115452275567,10.4681650797264,15.636649464658399,overall warnings,
2019-04-15,0.4523857822151351,-0.07874588706841892,0.9586260126792593,-0.8202143726575992,-1.616722282183345,-0.03542369349717305,13.065473876758382,10.472960141463881,15.737307989633708,overall warnings,
2019-04-16,0.8465260289272514,0.2611109977579678,1.4511222215391604,-0.17041050534644514,-1.0175804875986343,0.6401544126780614,12.91204876819049,10.200855119826608,15.411405053170158,overall warnings,
2019-04-17,1.258915562921669,0.6817663326609953,1.8698323271353814,0.09958546899460369,-0.7488422615659284,0.9233935982286358,13.401370128150482,10.980492695536356,16.030097704027597,overall warnings,
2019-04-18,1.356588519091153,0.7581314643268753,1.9697454648615689,-0.6253276635948148,-1.493436826441918,0.20216261673973862,13.341524027354167,10.691119339010982,15.79047471666843,overall warnings,
2019-04-19,1.3175451104291918,0.744544364311769,1.9176161444575988,-1.2859972557192267,-2.1041810029184136,-0.4409480135158296,13.405879062730957,10.922654993779938,15.986114692741259,overall warnings,
2019-04-20,0.4073540201885451,-0.1492069795588751,0.973775257967723,0.4777457184545235,-0.3574426094045889,1.281740226563364,12.644157465033683,9.968241575559267,15.279425612183145,overall warnings,
2019-04-21,1.0907356431833053,0.5259496250028975,1.7023711063351796,0.31861655794708676,-0.49230884695007066,1.1293328257375568,13.039841154731539,10.455910186144157,15.804561500628736,overall warnings,
2019-04-22,1.215290508532439,0.6272874658760568,1.7848699065535032,-0.19045691581187435,-1.0066786726701593,0.6285487127386679,13.434300134082436,10.841853808118474,16.03094303508271,overall warnings,
2019-04-23,1.1648984813187366,0.5903137726989721,1.7306093376941025,-0.32957322439053516,-1.1239836801931204,0.45223907744082636,12.861317397630803,10.294893546121628,15.414285158381777,overall warnings,
2019-04-24,1.1044347622666373,0.514896013706386,1.707262799225568,-0.2943452886065513,-1.1238671991612836,0.5275661798667506,13.216157555557682,10.454480840232115,15.865924210714606,overall warnings,
2019-04-25,1.1084781279222957,0.49989366050613326,1.7063134566174478,-0.4621920719731485,-1.2971938845497677,0.368222679615162,13.252029540693519,10.651495856442168,15.777176843192361,overall warnings,
2019-04-26,1.2668027366779633,0.6618519016925232,1.8860399515926467,-0.19901565761856796,-1.0639155378128207,0.6398358116067415,13.21990731812121,10.660716620135275,15.803297811576027,overall warnings,
2019-04-27,1.5465889190244675,0.9217215664272493,2.18283038492323,-0.83175224798992,-1.6730128486091183,0.007127288928194827,12.875277218212911,10.472422772842599,15.444718799893934,overall warnings,
2019-04-28,1.4761962836223415,0.8873117135701977,2.106801300001111,-1.4142100078918656,-2.2754171282354934,-0.5663999238536782,13.046240611521625,10.601914013859313,15.606320093320841,overall warnings,
2019-04-29,1.8011853507991384,1.161191244887795,2.4292342341527027,-1.674595164531435,-2.5574086614355145,-0.777524122744938,12.969450809848077,10.587713245324663,15.356648638631054,overall warnings,
2019-04-30,1.6197926282767137,0.9886881053072756,2.2892674518853724,-0.7656652678676388,-1.6575053400041784,0.06510890212881493,12.382155186619212,10.032872301576399,14.778908110002645,overall warnings,
2019-05-01,1.9646742386060554,1.307658921413928,2.657779272458722,-0.7998686710171103,-1.663373924912546,0.05849734457312185,12.719070262892952,10.412525025576164,15.020046167346376,overall warnings,
2019-05-02,2.3348998972067982,1.670556519499594,3.031207050823318,-1.2114919739810994,-2.0951788654717367,-0.3753662067061389,12.662105442945666,10.431629261933912,15.066621674454934,overall warnings,
2019-05-03,2.654786657521635,1.8929997971586958,3.3788709172535585,-1.8992703903103978,-2.8138904716792794,-0.9589074893174715,12.80795219938678,10.372710084287753,15.116711814575973,overall warnings,
2019-05-04,2.8873399949717933,2.203191600090006,3.63890047511896,-2.300462223871386,-3.194236980092318,-1.4124865598394685,12.769602275494599,10.583081591142154,15.064705523452394,overall warnings,
2019-05-05,2.989750598018105,2.2420601274381937,3.7245181763300095,-2.48670084478088,-3.4266483375560757,-1.5375199452951445,12.674304224563063,10.583854765409312,14.901498576606416,overall warnings,
2019-05-06,3.0449018828334307,2.3236421228218944,3.780846646649009,-1.9600243868252174,-2.8295971888256646,-1.0669206453113962,12.076130010363443,10.003927288547475,14.208028802730334,overall warnings,
2019-05-07,3.2432820130396185,2.509412399975371,3.9830772992424337,-1.4425787605534426,-2.3019558553389756,-0.6269391171315194,11.48416925490961,9.521717480396246,13.562997587639089,overall warnings,
2019-05-08,3.67544481532219,2.893278425620901,4.438910457595099,-2.40424986045892,-3.2658684046108895,-1.5501784779383234,11.82526716198895,9.790130070557854,13.87478161102461,overall warnings,
2019-05-09,3.8230656240528345,3.024739731467706,4.61085037592541,-2.9405872066051884,-3.817510912737893,-2.010694603960122,11.707762114092535,9.714163640218745,13.723429836084039,overall warnings,
2019-05-10,3.951923142060342,3.1755327687674444,4.7189064938265135,-2.6014803001437343,-3.528874069069385,-1.7396350432251861,11.384381993212255,9.461368814465292,13.211223341275,overall warnings,
2019-05-11,4.265577954439127,3.447122482852107,5.066869551320096,-2.8364352076512906,-3.728781217117728,-1.940045052779449,11.243985170392222,9.415848058491928,13.055944630718225,overall warnings,
2019-05-12,4.434212186747764,3.6543696433076183,5.26622597413277,-2.8939988426295375,-3.8037410884819347,-2.0150640053445072,11.139989076057073,9.266278764979047,12.995904813972228,overall warnings,
2019-05-13,4.269314257504544,3.50284280998899,4.993891002413344,-2.762886321660767,-3.652794242040794,-1.897468838637358,9.98283587184361,8.26385042575952,11.656513485200765,overall warnings,
2019-05-14,3.022968867152156,2.3595518622179585,3.7131831756620826,-2.183361295107672,-3.0626609697590212,-1.3541421129632623,9.911561196239582,8.019645344978988,11.835576443772101,overall warnings,
2019-05-15,2.6580522569767315,2.0123744251876774,3.3343645056046523,-3.268257098400733,-4.236171928565626,-2.339005635748776,10.18329432465504,8.155895865028898,12.186373377911522,overall warnings,
2019-05-16,1.9802380277528648,1.306141752537312,2.613751889780448,-1.7535803123330598,-2.6756951768050445,-0.8311322479800987,11.50103273804876,9.088144605125628,13.751729266866244,overall warnings,
2019-05-17,2.2642074410977266,1.5794961335149496,2.9530994859889304,-1.77373181667652,-2.628363814213769,-0.9164034796392777,11.264437794804369,8.974512800876441,13.637388032033838,overall warnings,
2019-05-18,1.7883349670070592,1.0877060989780691,2.4809968112884837,-2.3198390910361883,-3.321830303087873,-1.3160984388070187,12.740464763719704,10.27682550001701,15.3485707006283,overall warnings,
2019-05-19,3.738635083698999,2.998977866196662,4.514262953150252,-2.616679610642385,-3.509977288429359,-1.7607637515423862,11.573662309804337,9.58760043793237,13.648572786035261,overall warnings,
2019-05-20,5.066520725730504,4.184130943782724,5.958820231060181,-3.694781227596042,-4.6234768994920215,-2.768854092126639,12.268032254489157,10.39473050976382,14.123409635182634,overall warnings,
2019-05-21,2.1561617969829876,1.5502203020330614,2.7927622373983843,-1.1982216441627473,-2.0990941958940805,-0.37364022698896227,8.601402885519006,6.7726100165207175,10.480401728592938,overall warnings,
2019-05-22,3.7393894845739086,3.013583649255178,4.451303061945801,-1.6524352748227513,-2.4623414600172295,-0.7921251525088819,11.045934262626924,9.26455396310899,12.836281765827241,overall warnings,
2019-05-23,5.712603704321939,4.78989361738352,6.631117217430568,-2.630173494219627,-3.4638179119072303,-1.74662094683469,11.454302208896475,9.871591191335666,13.075095594595382,overall warnings,
2019-05-24,6.854089124783428,5.930850776230616,7.73526815321527,-2.9586491247698357,-3.8153743124081574,-2.1158330189872836,11.179088800972407,9.680682149500553,12.592749559528272,overall warnings,
2019-05-25,7.754507426325214,6.714017456411607,8.855845174811293,-4.181686509738118,-5.13984849267734,-3.1885113198660338,13.694914523042883,11.842952816508454,15.567178566567348,overall warnings,
2019-05-26,5.1116379627793584,4.33432058988626,5.819915747103614,-2.641334565274269,-3.4912011037294044,-1.7605890230500751,7.967861621455439,6.6955982513931325,9.261824335241608,overall warnings,
2019-05-27,5.8422532872418085,4.855893905296953,6.704779663024882,-2.203388549959369,-3.105675608919094,-1.316539269900718,12.27612132932584,10.42405786627417,13.932149288475141,overall warnings,
2019-05-28,7.378011967530931,6.379329851083795,8.320306346886289,-3.5907191925123625,-4.429633644023849,-2.65457494342723,11.426500927781813,9.991416364593206,12.949829351642407,overall warnings,
2019-05-29,8.492494869498078,7.423417768414551,9.563398531445495,-4.546638668471234,-5.440017082829913,-3.638427095119485,12.1628793652229,10.711942917149594,13.681439151948386,overall warnings,
2019-05-30,8.156298018083099,7.162387016848673,9.09574701327616,-4.1405963101846845,-5.057485152395387,-3.182433802347685,10.417568973487034,9.174559559811101,11.642356115068239,overall warnings,
2019-05-31,8.18597852443806,7.255975227623479,9.157567672967039,-4.292036008887212,-5.168187535169103,-3.429227881807474,10.39419096609167,9.1661942171808,11.648598199756364,overall warnings,
2019-06-01,8.369957875238391,7.417578952591095,9.391201077409205,-5.268456247795414,-6.235487114116514,-4.387582986006453,10.571778003838709,9.32285857248679,11.896440095556937,overall warnings,
2019-06-02,7.80033336493249,6.808665528955733,8.759125918688143,-5.081423792570247,-6.00899953521527,-4.131428592525879,10.935111656969127,9.599523852976361,12.258687345905926,overall warnings,
2019-06-03,7.839703977152704,6.932930489946424,8.824120516622191,-4.936539227844239,-5.910763215792558,-4.032828780289516,10.970859514010098,9.642940081682179,12.300210427667983,overall warnings,
2019-06-04,7.148344774622419,6.204615690694264,8.054141684538177,-4.53439774364433,-5.462411323374714,-3.6351861052297707,10.244149760964579,8.908696472317878,11.61325481861832,overall warnings,
2019-06-05,5.4839889321798,4.644514137150949,6.410935003957528,-4.519518326023542,-5.532765084185078,-3.573217483190059,9.81619966752422,8.385182609913745,11.436656381916212,overall warnings,
2019-06-06,4.926198483637609,4.0539105480987105,5.78993923812195,-4.931568509637825,-5.973783979149186,-3.822022544044771,11.670136863799263,9.70155264565998,13.5332648099031,overall warnings,
2019-06-07,3.9269273716866002,3.1854652085021717,4.695330438258403,-3.574499767828193,-4.528451224216109,-2.604178872586061,9.634920600034846,7.997491267003466,11.335185698232882,overall warnings,
2019-06-08,5.010751603264415,4.158434047797296,5.848224115977869,-4.203096123835658,-5.174322243560977,-3.2516813418220307,10.879762612906443,9.10009216177248,12.570368407840302,overall warnings,
2019-06-09,5.43832176533132,4.586857897846839,6.3130966490563,-5.1396055287332345,-6.171078686123351,-4.169689581922224,10.91930088477487,9.213215928836496,12.587515592795333,overall warnings,
2019-06-10,5.493955347819215,4.584016802002239,6.3954149261541895,-5.596252534531807,-6.668497368543162,-4.50760865557767,10.446431621867726,8.830926662058422,12.07110403953122,overall warnings,
2019-06-11,5.6759670330334675,4.801132966379542,6.562926687536414,-6.521227047253483,-7.677627704253413,-5.385654322509277,10.566241447203783,8.961188701270942,12.134295444729643,overall warnings,
2019-06-12,4.503413943404956,3.68806747055362,5.316039839065663,-5.769210978681112,-6.935808097573669,-4.608798314580113,8.253152819353147,6.7971523164486545,9.733342535498096,overall warnings,
2019-06-13,4.275008834318742,3.5229001668402464,5.002497469539449,-5.752201364565641,-6.82048141661085,-4.665029354928624,7.602205128345773,6.249309117279835,8.923989486750378,overall warnings,
2019-06-14,4.219053061598407,3.447458405845342,4.9786128768043865,-5.573857120463404,-6.716588198484967,-4.485368500797585,7.841790335083145,6.604445467311339,9.238603409938289,overall warnings,
2019-06-15,4.679243295144737,3.8399299213574936,5.5152993807380675,-5.567892974542625,-6.705491708897038,-4.474537955043969,8.191801511320147,6.8131139752710785,9.615103838893663,overall warnings,
2019-06-16,4.609882990591841,3.7109113064555626,5.423343097690537,-5.563161251360549,-6.707084405292497,-4.350001099787892,8.083704454327727,6.582738244053114,9.43649160860941,overall warnings,
2019-06-17,4.695507730624241,3.8847164483070777,5.557146561794638,-5.244565324004558,-6.353284285861708,-4.16498844675054,8.163652734846572,6.771112670805003,9.56902471794198,overall warnings,
2019-06-18,5.589615054626316,4.712601712756598,6.509341372137727,-5.738127423724912,-6.835426589582603,-4.705606136502409,9.536475124510398,8.123074893351722,10.917205340316361,overall warnings,
2019-06-19,5.341624985510558,4.497294493844459,6.2415914626395645,-5.641489576542307,-6.762508011504466,-4.576474717943781,9.012270808820858,7.598443343827657,10.385448598753555,overall warnings,
2019-06-20,5.081217948402778,4.289103495183584,5.9555133140801315,-4.571737349356883,-5.60585532516303,-3.5848949944450856,8.630695027501176,7.317179469123843,10.01924125409526,overall warnings,
2019-06-21,5.2982567503424125,4.477692123349123,6.119966755440277,-4.606535156883199,-5.568418733282844,-3.635757487892141,8.740799709460461,7.477549700910639,10.040549403522741,overall warnings,
2019-06-22,6.673464677664725,5.748680872469823,7.654698995093415,-5.737792002591311,-6.729272319810402,-4.687661540194544,10.158038097172973,8.800320093325228,11.616743407015543,overall warnings,
2019-06-23,7.7805250877594245,6.710966973029313,8.730723563645487,-6.753658144696442,-7.777698582892561,-5.622313845115376,10.635807169527581,9.251624934191668,11.94327183154989,overall warnings,
2019-06-24,6.989605441652294,6.13931944502417,7.916147310527797,-6.820729887167804,-7.9662309934851585,-5.807900546548433,9.097975230759719,7.905607265874352,10.304258327121872,overall warnings,
2019-06-25,6.017818173174676,5.161844564294073,6.86159329455256,-6.2436911759484595,-7.306202932006401,-5.175588006963152,8.234810297532755,7.035874509589399,9.367863995000327,overall warnings,
2019-06-26,7.18879778966431,6.286982558529383,8.122835580647665,-6.0286734942193165,-7.064307815684172,-4.958896875806309,11.378074507633045,9.97094518044146,12.798943003894083,overall warnings,
2019-06-27,7.561933477022398,6.55954181652509,8.463034900130205,-5.544527687160798,-6.44827453469419,-4.529761155557926,10.903270544131356,9.520839264689432,12.199603499469772,overall warnings,
2019-06-28,8.487581835130744,7.472144045232598,9.524196688127098,-6.4240646211030725,-7.435816346761658,-5.399039991557014,10.674066370804233,9.449889230703073,11.931748660728031,overall warnings,
2019-06-29,8.676013997821984,7.6695054889955205,9.697968518482073,-6.528722402529366,-7.508709313716212,-5.537994009440341,10.661674102918028,9.382333849295138,11.922826622514481,overall warnings,
2019-06-30,9.516555247039527,8.46670982849124,10.534996226331891,-7.67395286943453,-8.727249142984673,-6.617975585509656,11.126462569616269,9.944412600066036,12.360984864904562,overall warnings,
2019-07-01,9.134511780087756,8.09836278557823,10.219810079524997,-7.1514991012907645,-8.237368787255814,-6.061167638646656,10.331704056342172,9.157789710245849,11.552592504222824,overall warnings,
2019-07-02,9.384631092657136,8.356485124925756,10.476758822702001,-7.94886978369871,-9.045362472121331,-6.900058853890368,10.135142704466315,8.978641786892085,11.321782651944174,overall warnings,
2019-07-03,8.302233905439113,7.296023469964558,9.26719472168831,-7.917158555172456,-8.991960390291785,-6.778643897272684,8.825648897365777,7.78222875483301,9.86766443129529,overall warnings,
2019-07-04,8.843220389188993,7.903815067984851,9.768774223565588,-8.05472447871152,-9.124336092346244,-7.016007661249446,8.993918667037882,7.946869932754671,10.041273023802272,overall warnings,
2019-07-05,8.908575515497036,7.953835345980573,9.873902087532569,-7.947781815390826,-9.029168431956315,-6.893932385141183,8.595478126527844,7.554460185743612,9.555330384926554,overall warnings,
2019-07-06,8.66942757065955,7.7129787850853955,9.621959266073697,-7.778073526046635,-8.85876016512274,-6.755128661352304,8.49348017336509,7.46824307877956,9.535495357026424,overall warnings,
2019-07-07,8.829384474007322,7.821473733125554,9.817170143433547,-8.086114361160263,-9.227267998732067,-6.956553618656774,8.3524416427732735,7.373075811101905,9.390524155053868,overall warnings,
2019-07-08,8.633477709993352,7.693242547196206,9.568341481415064,-7.9312480595549975,-9.014465738216705,-6.865136230589823,8.380826213610018,7.39049716340259,9.349665055862317,overall warnings,
2019-07-09,6.982947215267304,6.137020574983052,7.842838269520539,-6.838768576273071,-7.8887278479705225,-5.792638603783344,8.7163003203083,7.5710102657444995,9.964451334537618,overall warnings,
2019-07-10,8.407812862830488,7.454198884596182,9.36912141202151,-7.226288676140026,-8.305806296690458,-6.252319749664185,8.108149093172006,7.089021320862899,9.074649906746751,overall warnings,
2019-07-11,8.821111118447053,7.860744442077756,9.780168034268433,-8.554335641533864,-9.58770720994152,-7.46726563773417,8.409717029311448,7.432652537937931,9.402662793925353,overall warnings,
2019-07-12,8.003454078967984,7.122552518793343,8.906532578161551,-8.044408786760494,-9.15238264457692,-6.958155528727839,7.279995824548456,6.3730490899325405,8.193830500316022,overall warnings,
2019-07-13,9.45279857278566,8.445758460450794,10.309828260481867,-10.056108112919542,-11.092651214110138,-8.855589089778677,8.223830512266058,7.238421637176629,9.099639150168997,overall warnings,
2019-07-14,8.1642415310503509,7.195901672049951,9.137202465562993,-8.26218319025795,-9.429377032224968,-7.106037339763056,7.835119970153928,6.834766394762105,8.80237493356616,overall warnings,
2019-07-15,8.745949496467105,7.761208419792961,9.69646721082484,-7.998297217491665,-9.068888388325462,-6.901807010814841,8.50852819805398,7.496062298268934,9.481857601938975,overall warnings,
2019-07-16,7.148939327293265,6.19851052323954,8.030925991107836,-8.31686365840271,-9.476561726144883,-7.037609797624139,6.328069772772077,5.367217439939408,7.24080532396324,overall warnings,
2019-07-17,8.27874094544406,7.360444406014364,9.187832935518578,-8.802087795042834,-9.86997838102035,-7.708662234570874,6.562778863703867,5.696173811897238,7.413789182260821,overall warnings,
2019-07-18,8.64472431089477,7.804939605286232,9.563835443507577,-7.7233863131348635,-8.754304908864707,-6.719845845936528,7.376336614648742,6.576400999103462,8.241322518866113,overall warnings,
2019-07-19,8.858474619751707,7.953310705177812,9.688526366627636,-8.023234361331514,-8.985330031269621,-7.003648858053969,7.2659907362527,6.413988239995882,8.038970369189677,overall warnings,
2019-07-20,9.012809126160022,8.087925028100907,9.970671311497016,-7.984676597340684,-9.028618824042464,-6.965474228577029,7.35427727692584,6.469667213986906,8.178333970982155,overall warnings,
2019-07-21,8.963574020350181,8.070115496795278,9.835544574522991,-7.7624102435872935,-8.734599947161755,-6.735637453194962,7.061762993263226,6.2611811106883595,7.852060315870872,overall warnings,
2019-07-22,9.034270819175477,8.154659923581905,9.917137473247942,-7.9677602371518965,-8.94545669927113,-6.994158571937522,7.142268181005169,6.340906406757109,7.9322987978728,overall warnings,
2019-07-23,8.791519028711082,7.939327232045007,9.697006646716565,-7.361305118918533,-8.32149626834088,-6.3799328374927216,6.969691795009334,6.154722815232185,7.753995892752494,overall warnings,
2019-07-24,9.184965623480053,8.273679694849667,10.063800480217163,-7.819081347441002,-8.814220894845581,-6.870163185574921,7.156614924553463,6.317831772740835,7.914971879327759,overall warnings,
2019-07-25,10.128641433113717,9.023061319337595,11.090515064070589,-9.355779496454499,-10.438561221517,-8.165382174939289,7.875997307899803,6.9337129907147235,8.702882172584182,overall warnings,
2019-07-26,10.236011788705854,9.335355612857619,11.165811823821624,-8.826619804694559,-9.836478138249365,-7.786149796667602,7.131048029708969,6.3956834973418655,7.871373678018226,overall warnings,
2019-07-27,10.91739733112523,9.956962219002415,11.854483462378305,-9.568197766240724,-10.589471554019937,-8.520936219205202,7.313097924223902,6.5448049557778285,8.063461610742886,overall warnings,
2019-07-28,11.92483033805821,10.93540773325761,12.875632851375283,-10.339592305462293,-11.385199128636373,-9.23856421006735,7.539380232049632,6.844661235941794,8.224115224085182,overall warnings,
2019-07-29,11.89835893483847,10.98834427378071,12.849490700390216,-9.819272856398744,-10.844442265330395,-8.81090052817205,7.30655907482656,6.640090831044346,7.98821173338631,overall warnings,
2019-07-30,12.568208449476279,11.676695748117224,13.446822012624144,-10.262669034326112,-11.210638903697923,-9.277057386983149,7.4090150844411005,6.793291840359491,8.03652554116918,overall warnings,
2019-07-31,13.444200494686546,12.495389536845716,14.395934035532814,-10.577269260293825,-11.55846685790799,-9.554947429564004,7.60790817969666,6.999964729601303,8.239935381612623,overall warnings,
2019-08-01,13.732096816444006,12.858377571780293,14.681790986974407,-10.484385188986156,-11.456488269310887,-9.558861873801645,7.336773138459687,6.761933621742288,7.951819431771137,overall warnings,
2019-08-02,14.646753048592341,13.680170026585271,15.532123360032609,-10.899802776625384,-11.834420082307714,-9.93554806325696,7.592846928083775,7.010516478550513,8.13586011658441,overall warnings,
2019-08-03,15.703577873955698,14.735702798908303,16.697768020708317,-12.039725519523877,-13.019379275344965,-11.064019117236999,7.762971478552647,7.208562348898727,8.340012896390872,overall warnings,
2019-08-04,15.727611561842217,14.776698352479224,16.685497548663715,-12.343736847277516,-13.339485998516938,-11.360167753862257,7.429409205208078,6.904751678016909,7.972552803681212,overall warnings,
2019-08-05,15.989475463793378,15.106220085223539,16.857367069213822,-12.773298476404944,-13.70316358692372,-11.848321784992796,7.484726383055092,6.950725681888253,7.976221952054852,overall warnings,
2019-08-06,16.19574368033399,15.206551498401902,17.129133234631563,-13.201820537235632,-14.204631419327633,-12.163956621631726,7.745949486326695,7.192390155458931,8.301746149443222,overall warnings,
2019-08-07,15.815758856963157,14.899388617051104,16.73689850737844,-12.847681712425917,-13.821417024338253,-11.883719505661023,7.774625796082125,7.233807677143062,8.336333103718912,overall warnings,
2019-08-08,14.881992226834662,14.03898425601548,15.795589681554484,-12.347637215564472,-13.332585558936374,-11.37990585759751,7.882316324508372,7.3559327743235805,8.449213847129805,overall warnings,
2019-08-09,11.651971513606092,10.679692109459248,12.582477452695528,-10.842207407950372,-11.965155564436325,-9.705845281929914,8.522477344755645,7.686599192316403,9.304059550176778,overall warnings,
2019-08-10,11.406059281818912,10.494108124747088,12.3078137243706,-10.051560658607855,-11.093108683964472,-9.068965507193845,9.176880959851143,8.286794954077832,10.010377972973634,overall warnings,
2019-08-11,12.507345103555238,11.563360773046206,13.411560198592964,-11.223928157740222,-12.2079443645477,-10.148699127649826,9.003092617344244,8.217221069564983,9.746916091751634,overall warnings,
2019-08-12,13.470432164393284,12.458422606845339,14.468586507825778,-12.328063118604543,-13.376636576159749,-11.247519210688464,9.198029547060077,8.463184953594336,9.95022437399549,overall warnings,
2019-08-13,13.263572120392832,12.219509065931268,14.253034739551437,-12.395219382760121,-13.510682145558432,-11.237992156247888,8.95024042691471,8.171691543554116,9.717556589514992,overall warnings,
2019-08-14,12.61970508392347,11.56940397191822,13.582281961648784,-11.919308404805536,-13.02125374589338,-10.73610022206837,8.71523632157707,7.915589931646674,9.450329455910683,overall warnings,
2019-08-15,11.574920027039234,10.68963563418987,12.46106171091385,-10.131207044580506,-11.161260786241675,-9.09625751572207,8.023649862101951,7.34942316678034,8.727158292832891,overall warnings,
2019-08-16,11.75699312302521,10.814678356799588,12.70240318338108,-9.98738820039128,-11.020749791315643,-8.937282669307162,8.616882555470381,7.856034033669832,9.40285299085417,overall warnings,
2019-08-17,11.628708954756352,10.652248534903297,12.582528201797176,-10.296668986875218,-11.321240860733129,-9.225687376029606,8.864722625372664,8.054475363209043,9.661395622612595,overall warnings,
2019-08-18,11.40837161143286,10.378229178827235,12.336693201390643,-10.425978055227933,-11.461378671632689,-9.309467832028123,8.741355513833607,7.875117869853209,9.541579044090867,overall warnings,
2019-08-19,10.86814146760227,9.936360949432737,11.825521706305539,-9.688866725244393,-10.782137449137906,-8.649202906876692,8.382699886945574,7.564746487876382,9.190996523620191,overall warnings,
2019-08-20,10.427124563941867,9.492290605116104,11.315168392980365,-9.355427501531008,-10.411541266229344,-8.287199232764486,8.484083634068991,7.623671843307271,9.32480441898238,overall warnings,
2019-08-21,8.008702080400393,7.067009282075476,8.925663837521913,-8.232541744589255,-9.364661523927975,-7.044189723425065,8.99384468047112,7.811836121511658,10.18636885149669,overall warnings,
2019-08-22,10.66349594675978,9.618900178382164,11.676606815507295,-9.521984793758655,-10.652153933727405,-8.42731214133508,9.32813700747526,8.367155230139533,10.294771342221228,overall warnings,
2019-08-23,10.927717186277643,9.940519734414076,11.886889852204963,-10.212813284986895,-11.29082842921347,-9.059828318135866,9.206117824659525,8.304175103469403,10.111472507166736,overall warnings,
2019-08-24,11.139551614420114,10.211538101312707,12.082916238450263,-9.870784685359197,-10.920304861188697,-8.866479686887768,8.903442370685863,8.091674152546796,9.745437019028842,overall warnings,
2019-08-25,10.7624864557071,9.889771376630879,11.6948928975879,-9.397044000380845,-10.405683767746108,-8.423545406620168,8.837191960623183,8.017533492277833,9.661530399030884,overall warnings,
2019-08-26,11.813871531153747,10.847709485422975,12.80418207785633,-10.20086861534482,-11.236452162994219,-9.137878889782987,9.352500319144252,8.510318094109516,10.236230777471748,overall warnings,
2019-08-27,11.376458957389545,10.503673944993484,12.387464973834032,-10.069511468909027,-11.15102594100961,-9.08944329104349,8.66653999876753,7.941623337271275,9.487120052209251,overall warnings,
2019-08-28,7.40621650301146,6.657702976957624,8.166793456739795,-7.08954442716341,-8.013905874434752,-6.11584479178649,6.70021502781929,5.859844179841821,7.55452180771082,overall warnings,
2019-08-29,10.79061918722933,9.867550657760141,11.79884494834639,-8.464483286263057,-9.501191464820687,-7.47147709341807,8.86332619886726,7.98843575325298,9.761722901340654,overall warnings,
2019-08-30,11.748930494566128,10.807519082233487,12.68407035538779,-9.365907782195386,-10.328556267248493,-8.374498343542847,9.536773259827797,8.695960933190856,10.373130931922745,overall warnings,
2019-08-31,11.838194860548182,10.894337048421203,12.819175420610442,-9.319529560780781,-10.334212539212723,-8.241260727510612,9.43397670601947,8.600204657808732,10.282726465035747,overall warnings,
2019-09-01,11.702608864588475,10.68553064762789,12.623739173233608,-9.169186244000715,-10.144510363324532,-8.170382433769065,9.611128918852177,8.6843067526209,10.457437404862898,overall warnings,
2019-09-02,12.256518070435568,11.278151965890517,13.20625412472626,-9.459666435522248,-10.46084851916978,-8.487701467851466,9.832306731879768,8.98685627073097,10.660821596456447,overall warnings,
2019-09-03,12.363753959604585,11.419602471251975,13.309257433859894,-9.302541503201379,-10.274864778614164,-8.323935527655335,9.426293397939915,8.600518883425515,10.230442458732995,overall warnings,
2019-09-04,12.88523977015527,11.935128803389574,13.799807203776753,-10.11182665603775,-11.057518618178872,-9.142383405629452,9.935417858696383,9.122793382628458,10.749935076985675,overall warnings,
2019-09-05,11.619066674577237,10.58226601373415,12.677529880805597,-9.513855601246284,-10.553639051808197,-8.469164949621016,10.270298823041134,9.30064570042059,11.2712306895131,overall warnings,
2019-09-06,12.6125717208826,11.675384178958144,13.55394599759815,-9.721322349812267,-10.703373909970944,-8.763744213239494,9.80800872637343,8.995573609659475,10.664049662511529,overall warnings,
2019-09-07,12.19216361499517,11.283183384310826,13.129881022786137,-8.86583315616928,-9.866505089465187,-7.952783122884909,9.784992952049626,8.963900762656397,10.648962798698314,overall warnings,
2019-09-08,11.863066811820222,10.919753318865807,12.734250122473508,-8.91855200916392,-9.863422814970827,-7.956950729695056,9.477042884771162,8.62520660706736,10.262666571866252,overall warnings,
2019-09-09,11.611874102009462,10.745074775807232,12.477246226138591,-8.504634662389655,-9.360056580581134,-7.565601933494613,9.13681031456294,8.366365405419003,9.928990290797696,overall warnings,
2019-09-10,10.319172955861998,9.437176551385152,11.232273708785563,-7.724324218011883,-8.651992689519828,-6.7936741796105204,9.666781186507826,8.722856631315258,10.623638213364968,overall warnings,
2019-09-11,12.206484250459138,11.351611958763161,13.07542366894942,-8.579552833683064,-9.464782899499081,-7.692638551649245,10.039215499375096,9.228274171003557,10.837488470221796,overall warnings,
2019-09-12,12.147258599463315,11.263509454243797,13.07953012686136,-8.634288832466144,-9.581921740704242,-7.736072480678891,9.394822744108296,8.608946271444234,10.207913450734903,overall warnings,
2019-09-13,12.782306597295715,11.88202353352247,13.67396409898075,-9.2936454803769,-10.182873827616472,-8.360980730593093,9.701671255421441,8.930074169905117,10.46581055461197,overall warnings,
2019-09-14,NA,NA,NA,NA,NA,NA,NA,NA,NA,overall warnings,NAs in DO.obs; NAs in DO.sat; NAs in temp.water
2019-09-15,NA,NA,NA,NA,NA,NA,NA,NA,NA,overall warnings,NAs in DO.obs; NAs in DO.sat; NAs in temp.water
2019-09-16,NA,NA,NA,NA,NA,NA,NA,NA,NA,overall warnings,NAs in DO.obs; NAs in DO.sat; NAs in temp.water
2019-09-17,NA,NA,NA,NA,NA,NA,NA,NA,NA,overall warnings,NAs in DO.obs; NAs in DO.sat; NAs in temp.water
2019-09-18,7.083396941521193,6.276336364314471,7.817495497405567,-6.405144301698295,-7.323141538923455,-5.4123425038089215,9.774649283144264,8.58599301441964,10.934840735103851,overall warnings,
2019-09-19,9.85260257133732,8.964102447789669,10.731381471139507,-7.176832887737123,-8.124258892360144,-6.274225885779393,10.754999809286772,9.692452552571309,11.837189446841993,overall warnings,
2019-09-20,9.480837906336415,8.610909295157892,10.33952907229032,-7.178498655961157,-8.076859945110867,-6.231750298534028,10.226138677037785,9.209144645688697,11.202244473795421,overall warnings,
2019-09-21,10.120548835051505,9.29957216104826,10.939773044248863,-8.265787475632887,-9.196621581069612,-7.3570430221727765,10.319511978500442,9.429095637568459,11.259664548183348,overall warnings,
2019-09-22,7.144812051648634,6.479763298756831,7.859860093934109,-6.740504903829265,-7.673895837404529,-5.911360182033442,8.092213043024698,7.139522572648245,9.029991479601952,overall warnings,
2019-09-23,9.494690901302775,8.676431762184004,10.297503647585144,-7.025956541936949,-7.887298054189365,-6.190543510202746,10.265295064241387,9.238632803692253,11.252046869492752,overall warnings,
2019-09-24,9.769234124129287,8.946929683347026,10.553760969354572,-7.832326382520325,-8.683919334588003,-6.910702524903694,9.888678472085665,8.95030494786719,10.833770398729696,overall warnings,
2019-09-25,9.951976399959312,9.112678076691804,10.869074731250056,-8.67019224680109,-9.678240734992624,-7.716488523588454,9.987903969502508,9.017484603958218,11.005319237983008,overall warnings,
2019-09-26,9.722669021598456,8.885483296182032,10.553144145957805,-8.787976194983148,-9.773093705428186,-7.785080191792261,9.939673915888555,9.006109384333907,10.931166140505855,overall warnings,
2019-09-27,9.439056886553765,8.616709509277486,10.227851688795745,-8.395330378263415,-9.34402447396617,-7.457176559035817,9.831132182952889,8.889101603585232,10.802967396361238,overall warnings,
2019-09-28,5.9890740380776855,5.339070228384578,6.685260297880873,-5.905548869148637,-6.834973342926004,-4.980905074554155,9.604632421995582,8.405876173961344,10.841683548928586,overall warnings,
2019-09-29,3.5363857148771953,2.9296515939454566,4.157263913294997,-3.4331540329310855,-4.340059023311166,-2.5681565814011162,7.928514696377778,6.516065443112653,9.436026893629275,overall warnings,
2019-09-30,6.660101593129076,5.96910994911458,7.3871680580427315,-4.716562275469084,-5.55395766271793,-3.8867670015320988,9.531265601955763,8.398145969850248,10.648916210013564,overall warnings,
2019-10-01,7.360778792501073,6.595791540715067,8.163455257450702,-5.288445705539468,-6.1830427007648305,-4.417240958999474,10.702486268123671,9.49019003605725,11.934506753323852,overall warnings,
2019-10-02,7.3326364657814445,6.671356177560143,8.081829244963252,-5.139695197055795,-6.023500033320263,-4.363680720698785,10.728778432357489,9.597107497060028,11.872446982282534,overall warnings,
2019-10-03,7.37810713441716,6.626055027246974,8.163621802181842,-5.673611853919207,-6.5651445569072795,-4.776850492867323,11.729479701822914,10.447541813571924,13.077558909752893,overall warnings,
2019-10-04,7.422760619770889,6.672237045333707,8.21150045927509,-4.804829803196407,-5.649640069080342,-3.9611897640996543,10.79058233162247,9.62187600013526,11.98206365037327,overall warnings,
2019-10-05,7.606611629233152,6.813897222935323,8.389389181485901,-5.256684061287078,-6.116737608510554,-4.43156146768829,11.776840145188759,10.513591420370545,13.081373395601476,overall warnings,
2019-10-06,7.659246010992229,6.898151392221474,8.416575795311143,-5.724517782327872,-6.55578645948987,-4.8659885029033525,11.902461656591878,10.667236878483344,13.139703642908488,overall warnings,
2019-10-07,7.611184816352189,6.80929826295626,8.37418373369231,-6.058135618341585,-6.936654132540123,-5.158465934123077,11.718806237686572,10.44123534965385,12.970552768020452,overall warnings,
2019-10-08,7.329339646855974,6.604841568126815,8.130328909679145,-5.870913837384157,-6.765619304389225,-4.991593809033482,11.919309705306624,10.624360550030701,13.305813705536607,overall warnings,
2019-10-09,6.9445709655331544,6.203256553306787,7.68152715560872,-4.694962240851676,-5.52880446511777,-3.8325932251110117,12.084630895763738,10.73549911321403,13.44006441003644,overall warnings,
2019-10-10,6.485315110712967,5.6932692180112605,7.231445530322627,-4.984352228746574,-5.898691555781046,-4.100893677669886,12.183601806666982,10.665868449375173,13.690389405025774,overall warnings,
2019-10-11,6.67882139254095,5.933548793275341,7.442157603176552,-5.661882711546861,-6.572403013262289,-4.774929975632667,12.49606213965502,11.086600051611613,13.878059720618436,overall warnings,
2019-10-12,6.35471912808672,5.679930553521788,7.048696762046481,-5.454830836890212,-6.292263344383988,-4.607745046743852,11.599560792397446,10.28959955176673,12.99961668952499,overall warnings,
2019-10-13,6.269142311706995,5.507101605182067,7.004897381728083,-6.071970939461245,-7.055853658704625,-5.132586935326637,12.446413372047115,10.880298434103725,13.905534534687428,overall warnings,
2019-10-14,6.399193697580998,5.678314140747074,7.141104192906441,-5.836861754593272,-6.767966586311233,-4.924311116791805,12.597317164486046,11.19828591693898,14.061188213533505,overall warnings,
2019-10-15,6.326670067416462,5.6333662820937125,6.996053411863154,-5.242813455077051,-6.091014250005952,-4.415292864687999,11.829232025564792,10.375934858577814,13.129221784003592,overall warnings,
2019-10-16,5.481025483982627,4.806054884275803,6.191792986270503,-6.1417214303162595,-7.122966000611369,-5.202991339192572,13.653514501477874,11.970853111349426,15.450420362801474,overall warnings,
2019-10-17,5.17302900553244,4.537532180627873,5.837552867211189,-5.186342677952871,-6.127016882123538,-4.318031183958351,11.735526774776936,10.179885944086935,13.206394933509195,overall warnings,
2019-10-18,5.295120904058676,4.632612862977165,5.932834935745685,-5.106466873896304,-5.966721409521391,-4.215424569532631,11.242336993087733,9.743753694742361,12.759001657582594,overall warnings,
2019-10-19,3.8099705968618416,3.217186312309586,4.40056246192286,-4.281434558536546,-5.2163439408996535,-3.4064357376139918,10.388660687263805,8.774731562144005,12.024037630413666,overall warnings,
2019-10-20,3.3292730719391073,2.81694993782277,3.890801607428329,-3.41858310704065,-4.218910445759289,-2.6339588582362414,10.555622325490587,8.874742994138495,12.282860851853343,overall warnings,
2019-10-21,5.116872100987241,4.404087481938695,5.809033612343863,-4.153671908572953,-4.991059966554712,-3.278890669232481,13.400042451015292,11.69153229505874,15.150971632013198,overall warnings,
2019-10-22,5.284914657302435,4.6164727972094415,5.945085120996747,-4.252193050835501,-5.077897336742272,-3.4582470774104404,13.517242708519149,11.87323201044521,15.126176131113487,overall warnings,
2019-10-23,5.243740309683252,4.523805632714501,5.976249471309124,-4.3705583479444705,-5.239088680116426,-3.4656089315945335,13.91818680540613,12.098904223785189,15.737143896916661,overall warnings,
2019-10-24,4.952560836403387,4.284065486021806,5.600388664945602,-3.814218289602218,-4.661792361416707,-2.9899067856635013,13.36222598335257,11.563984209925863,15.03996483633612,overall warnings,
2019-10-25,5.1309968443538505,4.483814586626569,5.852358685045158,-4.042614461050851,-4.890339949393983,-3.232349853894856,13.784373425984874,12.035491342626347,15.550978401480311,overall warnings,
2019-10-26,4.912271216722625,4.246262950276799,5.5498732035316465,-3.935037755349867,-4.785136088486467,-3.1158457651367746,13.33015405348398,11.47266116286925,15.062104242840654,overall warnings,
2019-10-27,4.543387433666331,3.903929462434883,5.214205901594234,-2.998854257899252,-3.828512923108901,-2.160272163148939,13.41574954569277,11.53897601023058,15.242164520418637,overall warnings,
2019-10-28,4.511170988952102,3.895577788906553,5.142440238809729,-2.977184748916903,-3.7919783823888795,-2.1565671139844387,13.625403198612391,11.926232365981958,15.420363353307982,overall warnings,
2019-10-29,4.239444137024617,3.6246990395285303,4.876205389091693,-2.5702335181925076,-3.332655302625347,-1.796666305309444,13.888171906289488,11.969981119731345,15.75140235666414,overall warnings,
2019-10-30,4.09128433144447,3.4603477693511384,4.723633675738369,-1.5173574384549493,-2.2514910972656663,-0.7548665920592833,13.696863519771595,11.731861114293965,15.532355935319046,overall warnings,
2019-10-31,4.259780969577603,3.639761671929709,4.875801621395029,-1.6533899671269556,-2.4244479652625315,-0.8921488169925337,14.119842063670708,12.215413947267782,16.05259665949493,overall warnings,
2019-11-01,4.360529624741812,3.725547284199221,4.920894671881935,-2.017772071093228,-2.7357012345650125,-1.246754203348931,14.083351634461465,12.192005132741595,15.82151028476099,overall warnings,
2019-11-02,4.500652155655681,3.859291743733154,5.125379276455945,-2.395001156522146,-3.1318405629749644,-1.6065609910063228,14.373977777598533,12.399032137706921,16.24598840833924,overall warnings,
2019-11-03,4.412386366385714,3.7690521269463866,5.046007434129076,-2.6502038180885936,-3.4512437202967288,-1.8743628984834264,13.808250591716565,11.949957427616516,15.70488864440123,overall warnings,
2019-11-04,4.573762915752337,3.9331074018662413,5.272502430852904,-2.9266637918380347,-3.7148538973019063,-2.108504485844761,14.130453551109785,12.259561911494224,16.12679242588432,overall warnings,
2019-11-05,4.853071211239644,4.2615821891975045,5.495599051554774,-2.7935685748709487,-3.548434433939007,-2.0727605729789627,13.900792997955527,12.190808605495995,15.779406615092878,overall warnings,
2019-11-06,4.6142490382191355,3.9474053289854254,5.2313935755806344,-3.1356752593400357,-3.916812351567552,-2.3422698999513503,13.744574016622817,11.82160037076223,15.618800656155523,overall warnings,
2019-11-07,4.3059788582559255,3.7297358847356845,4.885503974651586,-1.732348820334777,-2.4757570401467217,-0.9680672816423899,12.405119515252593,10.730210959528213,14.081531506568647,overall warnings,
2019-11-08,4.495684319323859,3.894842334020881,5.097157679483557,-1.5785716304665511,-2.3828823393831913,-0.8286865592339095,14.109136763662399,12.323785755050606,15.858405644063428,overall warnings,
2019-11-09,4.613694617442245,4.016234854851137,5.199829959397652,-1.5813335333986167,-2.309976581381513,-0.8373367736800673,13.19591567971657,11.549149528509693,14.87383329684855,overall warnings,
2019-11-10,4.469819305883071,3.866703953120613,5.088951388303773,-2.146066826671553,-2.894551109073353,-1.3718218863798,13.667330196674502,11.808370102940083,15.434714164855405,overall warnings,
2019-11-11,4.928585897830558,4.327437787319397,5.5481613608118865,-2.2828792196695495,-3.0503116736132516,-1.514630514720869,13.00272825709183,11.367453194792907,14.633875102820744,overall warnings,
2019-11-12,4.651986659988096,4.044165404192364,5.246161817090231,-2.409104534794447,-3.191527878786725,-1.6794384923750787,13.269657920616766,11.575575344300017,14.952034588434314,overall warnings,
2019-11-13,4.4675602223503805,3.8543871366468276,5.072258051974327,-2.3974899340851854,-3.1604661981067173,-1.6497255723788784,13.244514078583869,11.414431979651564,15.041603904530815,overall warnings,
2019-11-14,4.295871902180971,3.732977158700055,4.836286652671451,-2.277873447139757,-3.027833990772964,-1.5380637971598816,12.082117882631813,10.454615070514476,13.63025501342196,overall warnings,
2019-11-15,4.403506349674949,3.8418428265040756,4.942564070604675,-2.1177574982954184,-2.8480706516946195,-1.3492915064022457,11.8560350741737,10.275170583477903,13.437247139741864,overall warnings,
2019-11-16,4.568198815321351,3.89602574035824,5.153088477382644,-1.8414214178414272,-2.591658082398769,-1.0843256992912798,13.975383085653842,12.120778123986547,15.79044481782761,overall warnings,
2019-11-17,4.538123069239573,3.943979148348464,5.153317768068118,-2.0243642598516547,-2.7869702121269446,-1.2657040346738562,13.0868645971805,11.329044862253864,14.909002293232437,overall warnings,
2019-11-18,4.743742637794327,4.138323484585381,5.288097523661639,-3.0878714346729654,-3.885494159177493,-2.3551214253540524,11.07388497404978,9.55622504711993,12.544372264624418,overall warnings,
2019-11-19,4.750383071209335,4.103115158811972,5.362487637968501,-3.8418971330707015,-4.664549520691381,-3.0559914960344075,12.883374253995893,11.040629465552964,14.699178963347329,overall warnings,
2019-11-20,4.2528278979710175,3.6629364163867537,4.841097138988109,-3.3149436882823515,-4.1061564816622,-2.558665911316748,12.660228925443306,10.905129931346513,14.457020562602068,overall warnings,
2019-11-21,3.799682532170409,3.2422405257444353,4.3986439081872275,-3.3006107974994556,-4.11666937583526,-2.5130904285775286,13.06115983916468,11.338914228921116,15.054728387281017,overall warnings,
2019-11-22,3.827636643789594,3.2474438909333023,4.39226958736013,-2.4728250973426458,-3.2532514981983693,-1.6881114956974799,12.519063874868824,10.672003775287537,14.44315626820571,overall warnings,
2019-11-23,3.7212858427692073,3.1306589447675788,4.274591186399561,-2.1085214378949697,-2.8907076718289195,-1.3519104715821424,12.585745217042444,10.629716462335065,14.460678192448928,overall warnings,
2019-11-24,3.8636757871074154,3.318710337024746,4.395369831806292,-2.17406491220769,-2.876660006593178,-1.4252933932866798,11.689736560525127,10.004717217158268,13.480242895226045,overall warnings,
2019-11-25,3.590946416684126,3.050850367852133,4.118886127430971,-2.1874922024554113,-2.9321011898161955,-1.4613215617568167,11.709464063307221,9.988652218397057,13.496701788704918,overall warnings,
2019-11-26,1.1503935937603003,0.7405854490227308,1.5966626070661543,-4.39003335041089,-5.644551844657215,-3.1737426860164786,10.716824568566487,8.16110043603478,13.263918671322921,overall warnings,
2019-11-27,3.207896719862906,2.7186378133450346,3.724998240169912,-4.003720223503608,-4.884514774742006,-3.184090141296822,10.767330643017596,8.901704503405368,12.578805092206084,overall warnings,
2019-11-28,3.2071064624200245,2.6696416386622213,3.768361121525796,-3.9104769898418903,-4.829882997858699,-3.018047136177805,12.649203132701006,10.484820370517236,14.809307481742247,overall warnings,
2019-11-29,2.961873140360405,2.4680171050902384,3.4789991929407047,-2.624431458264895,-3.4021760324506265,-1.8255607716918836,12.029289718530636,9.978838819785864,14.03706969008765,overall warnings,
2019-11-30,3.1477302978274437,2.586466504508159,3.6636765798070448,-2.8930932741617017,-3.665952022279415,-2.116309646243524,12.570812108770134,10.453042474896565,14.604681750655796,overall warnings,
2019-12-01,3.364139823522481,2.8209843707648683,3.9585766310791133,-3.1266678391168274,-3.9578256483539485,-2.3611705229907862,12.807877715834575,10.773933072681075,14.961313491663084,overall warnings,
2019-12-02,3.2739046543512442,2.7338234088424036,3.8122105141078992,-2.441493604395654,-3.2318846721315526,-1.6476693268642257,11.971368250522517,9.927814551967975,13.944186570708487,overall warnings,
2019-12-03,3.8079345772636106,3.2480465573111945,4.36512824583666,-2.9760454471337248,-3.758172644470927,-2.180093745101416,13.172411776852218,11.202359373892511,15.143603655500103,overall warnings,
2019-12-04,3.471649618558101,2.9593449912081,3.9780020704418555,-2.9710661343571156,-3.7394396103231062,-2.204935211693791,9.892031374999476,8.097841391678564,11.58662110166802,overall warnings,
2019-12-05,2.835216069548934,2.3420977327136128,3.3260332954409337,-2.3542436210957245,-3.075037465425227,-1.5670531431824157,10.260627240623435,8.31948170186326,12.052607773591928,overall warnings,
2019-12-06,2.025194546266622,1.560670628467237,2.474991784705226,-3.182529446031998,-3.9868845763585807,-2.36840375981447,11.426457397980315,9.103404948940245,13.541618958168424,overall warnings,
2019-12-07,2.006206016851555,1.5493596891526422,2.4749690766236396,-2.9860113679999256,-3.8341748249455896,-2.152015052551158,11.647671683318164,9.367496005507633,13.972236631786496,overall warnings,
2019-12-08,2.967393205836019,2.4987949577873514,3.473444331372445,-2.0553537640359107,-2.820702067789611,-1.3294134671902411,12.441837729930041,10.476262301185299,14.48196641112479,overall warnings,
2019-12-09,2.0433856705156144,1.5878152686953564,2.498697701038426,-1.294676457915039,-2.0373954469144975,-0.5421455285369038,12.70949354953877,10.465139654730454,15.065242880049546,overall warnings,
2019-12-10,2.1287185651902103,1.6579273743824596,2.5933214604527417,-1.3591634941458923,-2.0668956357636334,-0.6264241003239112,12.939941707001324,10.609765250112307,15.352639052703276,overall warnings,
2019-12-11,1.8554927468149138,1.4147367700296534,2.329845939349042,-1.51632156413934,-2.2478829794824935,-0.7942661814245415,12.81008572914541,10.493540058423653,15.11406587663145,overall warnings,
2019-12-12,1.3619986728179425,0.9503938757865293,1.7742041209701374,-0.9902429033174556,-1.7233548762742463,-0.28756490068584467,12.610757484538528,10.228227159894484,15.048804980076557,overall warnings,
2019-12-13,0.4978851632773692,0.11152683981512496,0.8971949075535728,-1.2270384659437714,-1.9923551533924562,-0.495081451224221,12.644651722490265,9.999257334552746,15.244022602317145,overall warnings,
2019-12-14,1.6221211450147734,1.155879218403057,2.09170228492166,-1.3273908877155072,-2.071612708053208,-0.5572630747493186,13.099704817426339,10.704298074405372,15.513049020752954,overall warnings,
2019-12-15,2.1504490177761326,1.7012588840264058,2.6097089320117437,-0.5800839777180732,-1.2896837249951592,0.1278410064807801,12.262315138214216,10.055464988871485,14.558288181158256,overall warnings,
2019-12-16,2.285351211453669,1.8250262139141042,2.7574442615765213,-0.11286702960681019,-0.8134165249090776,0.6308968044147039,12.599479774500242,10.465867966968192,14.72486674553007,overall warnings,
2019-12-17,2.170796335086094,1.715617963850764,2.644559262654572,-0.7543179321348916,-1.507796811540531,-0.016152986210821774,12.024200598038838,9.905364961073124,14.187698182035225,overall warnings,
2019-12-18,2.289108910847075,1.8494569508250698,2.752907187535349,-1.3032876875093253,-2.0289622684808855,-0.578035297868922,12.69303540664832,10.550289105845245,14.879984304174693,overall warnings,
2019-12-19,1.8702608463472732,1.4188011708031467,2.334189280294837,-1.5049219775073408,-2.274649034364301,-0.7634315808151492,12.183118017554179,9.966208502447733,14.408204314081358,overall warnings,
2019-12-20,2.715601660265218,2.2200327980674674,3.189427281392495,-1.6203820193814604,-2.310599954769242,-0.887544476894841,12.750492090930415,10.534979145415898,14.898898358590401,overall warnings,
2019-12-21,1.933791161163181,1.4411904694138222,2.376349066418998,-2.5613265695080534,-3.3297466422785704,-1.717691952423458,13.33993951530359,10.998569579884693,15.678344675333191,overall warnings,
2019-12-22,1.2210683815033576,0.8044637113206664,1.6422337025611724,-1.6827787351925738,-2.488847857831937,-0.9137896236100032,11.76707038148427,9.454718112870019,14.051177097918014,overall warnings,
2019-12-23,2.3597999831602126,1.8887713248198996,2.8394470296151026,-1.1928945601535004,-1.9555746944848111,-0.4313078064697274,13.087672377461379,10.800122497283368,15.469166321147258,overall warnings,
2019-12-24,2.5699064720096927,2.1245076795198763,3.038340294977528,-1.1358539995203678,-1.84975022055092,-0.3958929502075389,11.99826136948543,9.905868513117426,14.075830894380505,overall warnings,
2019-12-25,2.2564073014804658,1.7917985941941277,2.7314950559407376,-1.1916461461548906,-1.9237481570371022,-0.4410960016289634,12.116911071690726,9.92960611165756,14.39636612960918,overall warnings,
2019-12-26,2.042942247482348,1.5937486509651944,2.4983010205028253,-0.23928716722347176,-0.9820042708439183,0.5011746722164797,12.31578183690602,10.009149539267836,14.52192960626541,overall warnings,
2019-12-27,2.273735392572505,1.843604599656245,2.7024631146747145,0.22702769835150963,-0.5168011166486863,0.951660283520099,11.890000472149222,9.989605190081713,13.882995864364018,overall warnings,
2019-12-28,2.296558400440441,1.8325706018793422,2.7392343517343067,-0.17450795943170871,-0.9359409632137704,0.5964307243375477,11.548079509092663,9.488162950379026,13.628201907710114,overall warnings,
2019-12-29,1.424117708783483,1.0194918964474442,1.8478918696526716,-0.6284125879860855,-1.3976577300884667,0.09607957254838961,11.027378577765061,8.770495981885608,13.388511131429334,overall warnings,
2019-12-30,2.3323372218165908,1.8291608723719843,2.8100908780134852,-0.056524142107491106,-0.7932202991491595,0.6712025100361478,12.062657792340268,9.847895812667003,14.326642325133538,overall warnings,
2019-12-31,2.3608586185722555,1.9003677741126603,2.864625943927545,-0.29544529959588045,-1.0193452250688673,0.4223981887411508,11.587238157139826,9.459001055767018,13.70541326576798,overall warnings,
2020-01-01,2.427673895854442,1.9474498855433546,2.9122838763381598,-0.6636709725154377,-1.4378852517200948,0.07705669090891677,11.770920555057259,9.587102584849504,13.928174709546404,overall warnings,
2020-01-02,NA,NA,NA,NA,NA,NA,NA,NA,NA,overall warnings,NAs in DO.obs; NAs in DO.sat; NAs in temp.water
2020-01-03,NA,NA,NA,NA,NA,NA,NA,NA,NA,overall warnings,NAs in DO.obs; NAs in DO.sat; NAs in temp.water
2020-01-04,NA,NA,NA,NA,NA,NA,NA,NA,NA,overall warnings,NAs in DO.obs; NAs in DO.sat; NAs in temp.water
2020-01-05,NA,NA,NA,NA,NA,NA,NA,NA,NA,overall warnings,NAs in DO.obs; NAs in DO.sat; NAs in temp.water
2020-01-06,NA,NA,NA,NA,NA,NA,NA,NA,NA,overall warnings,NAs in DO.obs; NAs in DO.sat; NAs in temp.water
2020-01-07,NA,NA,NA,NA,NA,NA,NA,NA,NA,overall warnings,NAs in DO.obs; NAs in DO.sat; NAs in temp.water
2020-01-08,NA,NA,NA,NA,NA,NA,NA,NA,NA,overall warnings,NAs in DO.obs; NAs in DO.sat; NAs in temp.water
2020-01-09,NA,NA,NA,NA,NA,NA,NA,NA,NA,overall warnings,NAs in DO.obs; NAs in DO.sat; NAs in temp.water
2020-01-10,2.643701304649338,2.1658087244377713,3.12606104539054,-0.5598913103773767,-1.3017902825949936,0.19868357611656734,12.370827502669659,10.17126778579815,14.558895567849934,overall warnings,
2020-01-11,2.4431647677656905,1.9942769291141151,2.905213214259625,-0.6289470269358464,-1.3881356868681154,0.06240589177350093,10.949384546401522,9.081375663253677,12.918088625193553,overall warnings,
2020-01-12,2.245803876520781,1.7864117762043743,2.7004933823190074,-0.9254980599128451,-1.6526230654145393,-0.2231807710148603,11.485645255698925,9.352689649777814,13.647851229667072,overall warnings,
2020-01-13,1.5795346227177207,1.1240986703734086,2.0281577324556364,-1.0631994185012017,-1.8128885462331907,-0.32809629753550806,13.072297404026067,10.695607751418525,15.646363140343366,overall warnings,
2020-01-14,1.9894186295390461,1.5581441335883461,2.456458547481779,-0.5829537736385907,-1.3641893481264784,0.1314185466996849,11.650438845818538,9.456469420894548,13.70545327295632,overall warnings,
2020-01-15,2.0211563002512998,1.501296204700718,2.5109161122319072,-1.6645334673647398,-2.4230060771091044,-0.8803663360597612,12.585373945360992,10.358275543225655,14.939364368245714,overall warnings,
2020-01-16,1.6818686147799222,1.2461814532793667,2.0985842353159674,-1.6510943932213136,-2.3773548093858725,-0.8889241450555833,11.366394540098216,9.273420905305212,13.551177992211294,overall warnings,
2020-01-17,2.2934245148546406,1.8299794452505709,2.7427273164405097,0.0011191490942242532,-0.7481746163248568,0.7404910279123905,11.847288474149066,9.711155473187981,13.812509914862796,overall warnings,
2020-01-18,2.4283177009083303,1.9732331187900696,2.8848998322675254,0.18262787396428332,-0.5859767767775655,1.0258073337622504,11.109337904416051,9.145645548458527,13.098593890473142,overall warnings,
2020-01-19,2.555092473174248,2.0582495115180985,3.0655123911650883,-0.13534746590883823,-0.8676840976738213,0.6177942179277275,11.525372758455948,9.469582573063619,13.517509883938256,overall warnings,
2020-01-20,2.693702580385372,2.1585072572930373,3.151421461124776,-1.292147731426386,-2.0086950054747645,-0.5628447606159003,11.670390705561047,9.527414505967498,13.707925628566493,overall warnings,
2020-01-21,2.1124926384213394,1.650391696755745,2.5730623348273394,-1.0537272649135032,-1.7650049267072525,-0.332515999039592,11.291438670360447,9.22341154259849,13.407054444378492,overall warnings,
2020-01-22,2.32858404276556,1.8496304575325466,2.8239775821905164,-0.35609821529436997,-1.1312827740372133,0.39953933363407385,12.096220644027678,10.12816481884163,14.180309251944085,overall warnings,
2020-01-23,2.080366776206417,1.6146333805544475,2.568059874807945,-0.8609146154813814,-1.6098865738865142,-0.12738055945992205,13.496394855469013,11.218358643677156,15.85729661779498,overall warnings,
2020-01-24,1.7273362342203997,1.2773956050956703,2.188837610856507,-0.6173905461865365,-1.3701539328592913,0.14530491587039096,12.847731121006596,10.477784186521452,15.204201606612695,overall warnings,
2020-01-25,1.0934316813880751,0.6467081675182826,1.5378880198303124,-1.1343658004202148,-1.8903286957764662,-0.35712205572455047,12.76865570736716,10.267938490719992,15.408666699274479,overall warnings,
2020-01-26,0.13175170593298952,-0.28300188180488384,0.5474041838292345,-0.1418483086293415,-0.8902062836102513,0.5985943745019978,12.767616226642609,10.233246234350235,15.312550119298828,overall warnings,
2020-01-27,0.41053107782829507,-0.012051547888114245,0.839246286217431,-0.1421866986643708,-0.8771451704930292,0.5789979175695489,12.798350180516767,10.196767689190024,15.370393338072795,overall warnings,
2020-01-28,0.4713811241616336,0.04529885380592528,0.9112307629529672,0.00810115686776609,-0.7284911315433413,0.7279030605768266,12.54862457949503,10.031120310896407,15.165996496895323,overall warnings,
2020-01-29,0.8351855136187312,0.40536411941820444,1.265707417366136,0.6286975825238643,-0.10388678253177296,1.3893230364621543,12.568535399966114,10.085390886295164,15.154808559444366,overall warnings,
2020-01-30,1.1544842174883536,0.6961328304294577,1.6064238769616621,0.6416493801654725,-0.12584389291782924,1.4256983319501646,12.372857581403789,9.744797392189957,14.895139656387041,overall warnings,
2020-01-31,1.1919605759808574,0.7325035441072301,1.6838572792720454,1.1864515616653213,0.419450554680659,1.9528245887787152,12.731821933729936,10.324955613110024,15.187839394364646,overall warnings,
2020-02-01,1.275131822884541,0.8108035965009159,1.7286592590620724,0.5159614150892342,-0.2800936997205938,1.263208913378459,12.42132108335796,9.914629419945351,14.985416443203105,overall warnings,
2020-02-02,1.330639470429651,0.8393901530525246,1.8260602109183095,0.5527669963866964,-0.1979616455114469,1.305775233310086,12.538266726689912,9.957072160129368,15.02379802599492,overall warnings,
2020-02-03,1.1450910219953254,0.6840974476297619,1.6287245845241514,1.267858045592925,0.5061987113240267,2.059640590187148,11.970487346000514,9.586662223699856,14.324516789760942,overall warnings,
2020-02-04,1.3349768082205244,0.8805129562873443,1.8329593420234729,1.4318013164326577,0.6282550720056994,2.241270432477593,12.445190242306435,10.069997071601392,14.91609957432813,overall warnings,
2020-02-05,1.5319665151412676,1.0389544931994985,2.0163701673604693,0.6911527336246269,-0.09555522182323734,1.481926254230441,12.509397182581225,10.217758660285885,14.89011347308432,overall warnings,
2020-02-06,1.8141853498655873,1.279264766133577,2.3502944659609164,0.13038097099318852,-0.6539960097062527,0.8677732108256275,12.847178500635899,10.276439272482039,15.329406676143734,overall warnings,
2020-02-07,2.0026214965811278,1.4914484209096703,2.4945620522103242,0.11484109166540382,-0.5969310029171777,0.8858829686250691,13.265150413181992,11.046960122148235,15.665744506895532,overall warnings,
2020-02-08,2.071188149011526,1.5657761750553112,2.5999350303835476,0.2905401180417774,-0.45686469974084415,1.0378638341410686,13.17622060884025,10.807777443733029,15.324169862264041,overall warnings,
2020-02-09,2.2335749583003914,1.6756839507731882,2.766080464438728,0.5763993881406319,-0.1866304728897989,1.3439082033271899,13.505189402670869,10.972882316880332,15.72699991570972,overall warnings,
2020-02-10,2.371972880138314,1.814594530289776,2.877678331031615,0.3962331727409648,-0.39283471047518953,1.1676902691256956,13.819977457477265,11.500079424233684,15.98032366730795,overall warnings,
2020-02-11,2.5873808742791127,2.052797347336007,3.124461630720972,0.06469573933371617,-0.7261338990763925,0.833865631612917,13.517999375293789,11.427407087332492,15.630361763396122,overall warnings,
2020-02-12,2.808273997954915,2.2825305811194276,3.415253132468752,-0.6100860235742003,-1.3506685137466419,0.13848777739078344,13.41958731803442,11.376583364828013,15.780170727040536,overall warnings,
2020-02-13,2.763064512295787,2.212553969861403,3.287481287221794,-1.08320636150059,-1.8432301668329503,-0.32625760552487143,13.282388884089896,11.177292862372084,15.376549725447807,overall warnings,
2020-02-14,2.989180342576132,2.4265297872234237,3.543690483487175,-0.981017168043502,-1.7139263731400443,-0.2283052341574148,12.75251931070257,10.758960837543658,14.835346820899032,overall warnings,
2020-02-15,2.93047772913357,2.385784354570028,3.5166201863867124,-1.0401181240980815,-1.7931567519529354,-0.3087221146427056,13.064397686370942,10.805037603355252,15.287543732266348,overall warnings,
2020-02-16,3.0583974712634046,2.4962452533721593,3.643373911069791,-1.6402115966903341,-2.402733613261825,-0.8848177158697293,12.66485747217273,10.61150563009193,14.750111229749548,overall warnings,
2020-02-17,3.5281814956903834,2.9276936460382523,4.114139549874902,-1.3817954579524154,-2.1629865426188593,-0.6137733661135464,13.890760847957072,11.797488803693977,15.857278821590361,overall warnings,
2020-02-18,3.36310750243135,2.7787434075379545,3.944759486556881,-1.817917679425344,-2.5734311655585023,-1.0571222570421972,13.60220300978825,11.666660069843942,15.588432221104153,overall warnings,
2020-02-19,3.4161144668747974,2.822106844592251,4.011363535191,-1.8386354561757547,-2.601502140970289,-1.0564146842102526,13.45447799509071,11.431521242916254,15.45435290407235,overall warnings,
2020-02-20,3.5629860413620085,2.973770785562633,4.189729113630371,-1.8394247143682656,-2.622250255796677,-1.0368912463295756,12.725597188410557,10.70002198214459,14.589682223302477,overall warnings,
2020-02-21,3.856953335349731,3.2408381495097776,4.4579207621428205,-2.2787093267664176,-3.074299660206596,-1.496915434464511,13.837240691489784,12.031869418684305,15.716983092401192,overall warnings,
2020-02-22,3.9969768652337403,3.3662768008205317,4.603049183152349,-2.5804958797961852,-3.3390233030030125,-1.7681913454587463,13.529905942434976,11.518805437804199,15.324354200457426,overall warnings,
2020-02-23,3.872860831865843,3.2339577520247778,4.459350207164851,-1.7201326588060188,-2.446756283285947,-0.9912366331555866,12.98256119358311,11.091267179328721,14.720083572914385,overall warnings,
2020-02-24,4.384764499910771,3.748110752414147,5.037969365717137,-1.1927478781886949,-1.9641065387941894,-0.4226164738045018,13.476037957328217,11.663890455497443,15.383731832669474,overall warnings,
2020-02-25,4.528167388491784,3.890022074845859,5.170828378327588,-1.2743558838100024,-2.030346326759844,-0.4986322592665743,12.975536332173789,11.221158424938437,14.677488206895218,overall warnings,
2020-02-26,4.529198585033713,3.9311633427101906,5.184371491490279,-0.7434162904892763,-1.5260967593179375,0.045700532148024664,12.742144115254517,11.106642387685904,14.420363150222839,overall warnings,
2020-02-27,4.933346878243174,4.222264331979211,5.575722975368617,-1.0554529477394134,-1.790208131258329,-0.2788241688872477,13.358638953185697,11.558059285190005,15.038659850186395,overall warnings,
2020-02-28,4.891697988397183,4.272379242168301,5.525134394188439,-1.551797339399259,-2.3263331807564622,-0.7726778693035843,12.56830178547211,11.043081317253163,14.253049588578863,overall warnings,
2020-02-29,4.559771907330372,3.9364068102148813,5.143103837862295,-1.438327640202302,-2.1985736483876885,-0.6877293298619422,11.616799026302683,9.995392635249559,13.204217353692094,overall warnings,
2020-03-01,4.768505645571469,4.102221895279085,5.454457806516003,-0.8292414308824831,-1.5997318983978788,-0.0038154752329502134,13.07266685579663,11.344611167950475,14.75586910090609,overall warnings,
2020-03-02,5.234780587865848,4.556137151491554,5.909014233278042,-1.2256577925558214,-2.0243595169428152,-0.46044641944259307,13.301076890957912,11.625108137017715,14.98633296676871,overall warnings,
2020-03-03,5.427854304773598,4.724636426572758,6.13378442004192,-1.8750451793614018,-2.5718593765128386,-1.0503355052784176,13.492251820924551,11.763442195574173,15.135107849305717,overall warnings,
2020-03-04,5.665378529534359,4.989378984597973,6.356232795839896,-2.2058562987260926,-2.939205597950067,-1.4214451391660379,13.34885967191193,11.782134301768734,14.940074141075522,overall warnings,
2020-03-05,5.525547339994636,4.861372393498769,6.189441024525864,-2.5520303431205464,-3.2893806260016296,-1.7627410777501205,12.360389808247039,10.782925683862418,13.882234906991842,overall warnings,
2020-03-06,5.863140234992027,5.147872542768535,6.558450936424454,-3.177414839962841,-3.9702759471320843,-2.406322916121799,12.807308758090496,11.246236516340984,14.321680017439949,overall warnings,
2020-03-07,4.87648073495279,4.270906398555622,5.535449129706663,-2.848267189498958,-3.6406603672148723,-2.07755495180601,11.932370401654527,10.327701149218345,13.577002071318299,overall warnings,
2020-03-08,5.0820389913223005,4.466817558221816,5.745958396759272,-2.478298431468855,-3.2896565987169564,-1.7241526243307455,12.745784987921756,11.069042397016275,14.45706265544774,overall warnings,
2020-03-09,5.316358104384287,4.625637257342553,5.964354500138333,-2.176518615647951,-2.9201235262789345,-1.4341898241359212,12.486167622883334,10.812951518941356,14.049569300062764,overall warnings,
2020-03-10,5.707995356935692,5.018450187036472,6.486115569838275,-2.7208625179714145,-3.5389709287502327,-1.9432081899745024,12.811142373617004,11.362133443067302,14.378371110081195,overall warnings,
2020-03-11,5.942103020609523,5.17920395100085,6.667010223669956,-3.134496602127004,-3.9569879914711588,-2.316938044288746,12.367315100016349,10.873297200735612,13.883810827139705,overall warnings,
2020-03-12,6.418587756654775,5.637440011528458,7.145421853398759,-4.039249946324591,-4.859383581677525,-3.1965058027187907,13.186588230726157,11.604091256425388,14.632355874300686,overall warnings,
2020-03-13,6.419548690582566,5.592772232983148,7.177333786223196,-5.598582837454931,-6.466667842534136,-4.64350340456636,13.955449491294871,12.256021340721684,15.606191305122193,overall warnings,
2020-03-14,5.332708001546614,4.63844244140746,6.0668514886915155,-4.343283919315914,-5.235620089774138,-3.4374126608997275,13.683653650161322,12.020298730574535,15.487658872282568,overall warnings,
2020-03-15,3.294850773810656,2.747610977910166,3.8726961709489154,-2.466904025558764,-3.2884265583457797,-1.697390406523139,10.945440113958968,9.01012141589404,12.68369738045365,overall warnings,
2020-03-16,4.668687916804986,3.9718737283615915,5.337172442035759,-2.551050033280567,-3.334067083559763,-1.7496128837391838,11.990065574239171,10.27881561075072,13.662422630565173,overall warnings,
2020-03-17,3.33463537793683,2.699109633065254,3.9811467404184357,-3.1581314293780314,-4.047369774011015,-2.2984787961999595,13.77760996071045,11.502559287347617,16.202566226013587,overall warnings,
2020-03-18,4.886564556072875,4.204084954644099,5.559576628852773,-2.6670267604857116,-3.473412705755342,-1.8581837865676547,12.526746182478764,10.88393250017298,14.186909533322495,overall warnings,
2020-03-19,5.38315013416544,4.646991851722076,6.0983539306741035,-2.865837552058409,-3.673081091555315,-2.057407717825514,12.927004846348467,11.350992633507715,14.560157146282375,overall warnings,
2020-03-20,5.900391534255375,5.150769805661042,6.594451734712867,-2.847903419249543,-3.630800924926497,-2.0624847799677046,13.181697445965266,11.603278962632539,14.700276616976037,overall warnings,
2020-03-21,6.015784100016884,5.226296128363534,6.7182413864043635,-3.338232626321169,-4.091968149201428,-2.5554134397212938,13.330057848855612,11.668584756354381,14.854412123899687,overall warnings,
2020-03-22,6.568916040526372,5.745420117998115,7.415029768126725,-4.189150846139555,-5.02194605752706,-3.3025070313685205,13.074246204928821,11.503308215082379,14.70052770707824,overall warnings,
2020-03-23,5.629852843075465,4.899696773881712,6.3656386999537755,-3.6874226668832115,-4.5038818407066135,-2.887893366627507,11.657502908598257,10.160370125567635,13.208545767125383,overall warnings,
2020-03-24,5.122807167317668,4.390089863163794,5.869251972328857,-3.078647141839531,-3.9079814056593456,-2.197740702693317,12.554543170254806,10.830062213883847,14.228501561169725,overall warnings,
2020-03-25,4.991522568027243,4.209197005633386,5.747898163467411,-2.590629248960812,-3.3996208160760193,-1.7887127854863654,12.114979812504819,10.354976899566589,13.855334066285645,overall warnings,
2020-03-26,4.342566446201573,3.687585194982019,4.987091745737315,-2.1173447348085097,-2.895438561824479,-1.311952831637161,8.784179693252458,7.462051752041769,10.068384664688647,overall warnings,
2020-03-27,4.351846211748386,3.7765907359374156,4.997350476921347,-2.824053394089768,-3.6282081253822533,-2.0324368923478104,10.008360843998869,8.50027058278366,11.479052513637221,overall warnings,
2020-03-28,4.907800919561278,4.192169734155775,5.564030999738583,-3.018298401285916,-3.8116377268051664,-2.2108227185776514,11.531399640005654,9.895203593494184,13.140361142327475,overall warnings,
2020-03-29,5.188742843378587,4.46852040269319,5.8515896688116715,-3.4006991362033756,-4.2229274114920194,-2.6005982104352343,11.452883068451722,9.87087088850744,12.983680113010951,overall warnings,
2020-03-30,4.535092674935955,3.832810302364758,5.233628495289883,-2.8675000067701193,-3.68506855435549,-2.0784018880153083,13.378371079915278,11.441517527033575,15.339410272476044,overall warnings,
2020-03-31,4.861916327464453,4.1573132817635035,5.627515842016942,-2.1723640285576673,-2.966160299565467,-1.3379274199933329,12.526675868894344,10.816320271682184,14.33244236272286,overall warnings,
2020-04-01,4.931095597619137,4.242457919018208,5.6357768984247185,-1.756060968829735,-2.5381373658947473,-0.9725186068801145,12.847460332874245,11.215263140288709,14.551820440617066,overall warnings,
2020-04-02,4.88478127200224,4.120475418227778,5.640958723103988,-1.7336435017936893,-2.5258687810315847,-0.9053783515215001,13.480150256775318,11.700424895319381,15.230399307509687,overall warnings,
2020-04-03,5.152511064426831,4.403728832018482,5.925873629195249,-2.6258723027951607,-3.4502233115112837,-1.8005588557834242,12.761934748025705,11.129256159896528,14.419965388330104,overall warnings,
2020-04-04,2.889080979732916,2.2963839919654383,3.47747026451544,-3.4576798463887433,-4.363103491058992,-2.5524950531159285,11.261757850473025,9.350449551317688,13.185977840591194,overall warnings,
2020-04-05,3.7876664683074663,3.079689836516937,4.499120870533009,-4.085401651944236,-5.006741395906848,-3.1039849966522834,14.039208199267055,12.057596699742966,16.240093319859977,overall warnings,
2020-04-06,4.502976880519119,3.8287724622483736,5.209179385874313,-2.471092997256612,-3.313383687903316,-1.6229204820475516,12.43188891568315,10.749947839577374,14.133190551011882,overall warnings,
2020-04-07,5.668498204668824,4.879408850049309,6.431813557557079,-3.3036719588724033,-4.149898009595422,-2.5097430673251226,13.077444021909951,11.46154967745712,14.584634054864821,overall warnings,
2020-04-08,6.2571333908275015,5.454769056130838,7.077289748748861,-4.1100917732363325,-5.019209068149801,-3.2642357123499033,12.913070118045475,11.417628243207378,14.367444467692618,overall warnings,
2020-04-09,6.22000052595336,5.449364088727002,6.979907877701486,-3.975151886847066,-4.835273678005653,-3.107795259502595,11.6361106445815,10.254361474489432,12.959726559702615,overall warnings,
2020-04-10,6.734926417148583,5.974092577847017,7.475737716590212,-4.099660389893855,-4.948270979048625,-3.234597324117054,12.024981683009663,10.706754940477195,13.338505499160753,overall warnings,
2020-04-11,6.230348842873858,5.493377397804273,7.034449774753375,-3.7647873239074343,-4.616981788403895,-2.9284448894275457,11.435562963456553,10.076485501224019,12.776318731551134,overall warnings,
2020-04-12,6.065590610791649,5.332209317484661,6.771977288508755,-3.1155595009652934,-3.9512747719764407,-2.2934044413911274,11.180302741234797,9.894652715912011,12.486242279932094,overall warnings,
2020-04-13,6.2006198558356855,5.489275652996748,6.996367869095093,-2.5716264701197593,-3.371730892552745,-1.7439795257777095,11.90674635082054,10.675592498477736,13.322466709783075,overall warnings,
2020-04-14,6.520886822055019,5.75014198795711,7.299366707477065,-2.7489092154815897,-3.5376600038697714,-1.9214261482684967,12.05012410732078,10.698901316941091,13.463383025739176,overall warnings,
2020-04-15,6.192828162400079,5.440318839458514,6.963298107469754,-2.7982601492077572,-3.615332854725444,-1.9879376115549277,11.892077570976562,10.465431807235433,13.255480310011498,overall warnings,
2020-04-16,6.662589183825053,5.86425009401027,7.390386181375243,-3.948559795391718,-4.758905647488956,-3.128546958627779,11.71272914236198,10.363778794467454,12.986954355768034,overall warnings,
2020-04-17,7.226531074356989,6.482308053406014,8.065355665598958,-4.637881884155352,-5.489682332018379,-3.8127348413136697,12.382605748867025,11.061212138377316,13.742255480791865,overall warnings,
2020-04-18,6.655316569102615,5.832433983106849,7.386602502073816,-3.4854845727635766,-4.337665553074376,-2.6520503286482433,11.72285484872611,10.278584896226747,12.959148767699748,overall warnings,
2020-04-19,6.976423778290528,6.16910304395561,7.781406395219106,-4.036458441721651,-4.891993674571997,-3.1989894882088428,11.820215042632563,10.526754330511316,13.184941914091183,overall warnings,
2020-04-20,6.426248231482048,5.593924730767808,7.205106116964425,-3.05827887056067,-3.8530702081989836,-2.25182703023778,11.998620557631092,10.459241956535413,13.504490424123231,overall warnings,
2020-04-21,7.077057347418354,6.308442092521094,7.863941890155147,-3.374989963171033,-4.191113939917183,-2.5027239047651983,11.169475290871116,9.94668052161812,12.478972951363815,overall warnings,
2020-04-22,5.4189696170487425,4.721457704412142,6.140818719485178,-2.8801273106869703,-3.706531206270737,-2.028049789866675,9.974460365992982,8.670229364638592,11.320808634242258,overall warnings,
2020-04-23,NA,NA,NA,NA,NA,NA,NA,NA,NA,overall warnings,NAs in DO.obs; NAs in DO.sat; NAs in temp.water
2020-04-24,1.3418166749564653,0.7779972835787822,1.9440005709004171,-2.4361111435663076,-3.3563160675132404,-1.539871661163559,12.176622765719692,9.654408025290847,14.479546178995575,overall warnings,
2020-04-25,1.5676205874987281,1.019888109640243,2.156717773825679,-2.8929540828154816,-3.9142789653402827,-1.9693427395809873,12.584293219463737,10.262419430387933,14.968405886085254,overall warnings,
2020-04-26,2.308798060592445,1.6728000755489354,3.004360480290596,-3.532251066847574,-4.559031535919214,-2.5905458105950805,12.402407746563542,10.125287401574075,14.685189042683062,overall warnings,
2020-04-27,2.362287595211437,1.6942929714395252,3.0011620084909376,-3.0235043725547746,-3.960953344336722,-2.0351768910599106,11.692490204879565,9.4826951085416,13.745385644180114,overall warnings,
2020-04-28,3.890687625145251,3.169918119287778,4.660889270625702,-4.149988550969036,-5.12586935529593,-3.192725897336652,12.251262438079745,10.262602908944622,14.345041743085025,overall warnings,
2020-04-29,3.4495105476387877,2.7486690498329773,4.175400933474864,-3.7973229823151025,-4.80689260063049,-2.8433435070500375,10.676949319454417,8.814352032648289,12.649453593422988,overall warnings,
2020-04-30,3.775649929964903,3.017066542526114,4.492437276549378,-3.687708509385502,-4.664305363088533,-2.7085423175010996,11.154865447067564,9.30440970830011,13.137674430729282,overall warnings,
2020-05-01,4.069168810162083,3.323093183934219,4.876313435677318,-3.9123746335184064,-4.872427146225971,-2.9961552700437357,11.162518513413865,9.361975272532707,12.969888656755707,overall warnings,
2020-05-02,1.5792468658657903,0.9311701439186668,2.2207076274221396,-2.150050027232992,-3.133903927452122,-1.1523758797904184,11.47913666294512,9.261612241961517,13.875170957052932,overall warnings,
2020-05-03,4.110848625062756,3.3140063308214733,4.871289235481101,-2.361691349982056,-3.227292056402851,-1.4821394555734777,11.197027517807228,9.326515548329262,12.998420454999994,overall warnings,
2020-05-04,4.140975294841503,3.355958658677643,4.851251613975244,-3.008263749427427,-3.888537419189264,-2.113982766449298,11.014335532328877,9.390073774528023,12.676991848103167,overall warnings,
2020-05-05,4.612556193350164,3.8457149078795996,5.383850520678949,-3.330017623289697,-4.2319262361630114,-2.4452942047709807,10.976091962671406,9.418879442757294,12.475512211884839,overall warnings,
2020-05-06,5.035820353387724,4.230625318448311,5.8530667716647695,-2.847233359788816,-3.749642247607236,-1.9635417030223223,10.559328461734982,9.029407091101552,12.075952262235775,overall warnings,
2020-05-07,5.882361976500697,5.050785305329288,6.722591352127035,-4.240937968141338,-5.1793540047562585,-3.355284523164559,11.01483425020994,9.522485260897392,12.468743846753597,overall warnings,
2020-05-08,5.839726439448359,5.05561756585026,6.662114450480779,-4.707800109165961,-5.614222435054043,-3.797179866032661,9.888310161029912,8.614150653563021,11.169509555263273,overall warnings,
2020-05-09,6.284246527418411,5.4601416369842966,7.135544978869939,-4.827052042676302,-5.754380057690106,-3.918436649325903,11.073113220137586,9.661625160995673,12.44766160907375,overall warnings,
2020-05-10,5.511006272426455,4.6557431484098295,6.353982290970062,-4.515239475526354,-5.492059686791471,-3.525483368908796,10.15902390012407,8.652604400093596,11.555272280330847,overall warnings,
2020-05-11,2.958767116812361,2.2621429716632613,3.5811484595674523,-3.184990239728433,-4.100967267996746,-2.190527768619893,9.658092758595558,7.902613518528618,11.354961687214226,overall warnings,
2020-05-12,3.7867090348776937,3.074679263619498,4.481522997940015,-2.6696462745188896,-3.565679991435982,-1.8298144778497845,9.135005557128704,7.5129937925261565,10.761386778438817,overall warnings,
2020-05-13,3.709359500325485,2.99920556452684,4.4215326695850585,-3.2900416441425313,-4.208527715452038,-2.365838961973286,10.679119303498823,8.830076558873207,12.459654915532052,overall warnings,
2020-05-14,3.7191970145602555,3.0280460237768514,4.411256163937452,-3.031874235301789,-3.870540243171997,-2.1271325036319357,9.2658947779051,7.768840232078254,10.961114557740954,overall warnings,
2020-05-15,6.514084221590151,5.632646774594572,7.366894299176211,-4.571084168193506,-5.433205038586978,-3.6432584480915056,10.873106981357612,9.437380955917323,12.344228893900993,overall warnings,
2020-05-16,3.848069396791306,2.9393640671836208,4.699856852122854,-5.135976194169183,-6.354452887249994,-3.834699199822485,13.555424584093412,10.966544089801893,15.731961092176668,overall warnings,
2020-05-17,6.397336841387792,5.409165615856249,7.41864546030027,-6.104061558257481,-7.266287817544465,-4.995506812201075,13.769037701251865,11.818695158972226,15.755763175505086,overall warnings,
2020-05-18,5.019980004845472,4.134629110026876,5.89760988590355,-4.119473587785819,-5.129329732364641,-3.112869302140321,12.779570843472113,10.851824144704436,14.696840618214686,overall warnings,
2020-05-19,4.583245672422568,3.805259752125165,5.323625030146168,-3.7943846777743007,-4.668579078605977,-2.8743651186373294,11.132971244510578,9.49330946505478,12.817167774609352,overall warnings,
2020-05-20,6.079259600853163,5.1629699647041924,6.922992494488547,-4.74762164480552,-5.657000221038255,-3.7599697052773364,12.251753026400564,10.612512790609761,13.800323179942636,overall warnings,
2020-05-21,6.806474084923138,5.96088884070185,7.739986876550703,-5.469369820112993,-6.469374546154089,-4.5310447887830625,10.297471642075628,8.975222910741929,11.729884743219559,overall warnings,
2020-05-22,6.793065572714427,5.9951377544460955,7.653090734833471,-5.299248656913426,-6.265314132873499,-4.383217497837389,9.990865846807424,8.754152928388956,11.17847057819524,overall warnings,
2020-05-23,8.01648693922114,7.109074754397967,8.935995748165407,-6.357984186891024,-7.336714243018919,-5.382784064603551,10.632253495903472,9.448449710376957,11.865048461517613,overall warnings,
2020-05-24,9.384084857677653,8.420251759096256,10.361087423396766,-7.299720560243326,-8.267366762695502,-6.284382163774299,11.149074573165095,9.990051901281863,12.29141221631892,overall warnings,
2020-05-25,9.671824543919081,8.757364446260652,10.578790418201,-8.687429410788859,-9.682102851647114,-7.671596923903137,10.070765387347475,9.088100174963621,11.045980277764546,overall warnings,
2020-05-26,10.061175536103507,9.090198761361192,11.064051293278192,-9.207514034029796,-10.28358906369968,-8.113572129712011,10.137542084931379,9.11568562314071,11.13765640253732,overall warnings,
2020-05-27,10.55284907232445,9.635380121468524,11.602646669405173,-10.172563907301852,-11.333667988978112,-9.118357121712615,9.752302290378447,8.84937165787124,10.73238434236139,overall warnings,
2020-05-28,10.652401856075224,9.652155092355942,11.59888982776462,-10.830164906580698,-11.961316554682394,-9.63958776431342,9.769699239550985,8.806719124650746,10.677746635674811,overall warnings,
2020-05-29,9.38364592921445,8.44351947824784,10.341503182764896,-10.118765906019465,-11.327585908123666,-8.95760724913687,9.280382128091292,8.236413062950552,10.265950454120343,overall warnings,
2020-05-30,0.9037341705971027,0.30937428130187206,1.5254802319221887,-6.73279662017497,-8.445950372190085,-5.031715849652671,11.220036572765792,8.958113359444328,13.385268888559914,overall warnings,
2020-05-31,6.819826548174942,5.818940556332459,7.874308803386368,-7.607072368344828,-8.872222641168772,-6.390508563119105,11.48255501042584,9.79560705839783,13.181743262805579,overall warnings,
2020-06-01,7.006567829262167,6.138801772427556,7.931931208888837,-7.277312962095199,-8.421934727312788,-6.231020917731017,9.158258452110804,8.001231832214858,10.381256546114246,overall warnings,
2020-06-02,10.04981923425277,9.088598792353249,11.094422234293791,-9.21859278275311,-10.346583201460616,-8.160959420852466,10.10698557419532,9.127596369485039,11.190650992370054,overall warnings,
2020-06-03,10.559845994865888,9.465798662229274,11.650272189181457,-10.538159758658963,-11.778981915422213,-9.289343986275023,10.290571338846245,9.194029466612673,11.456412711903806,overall warnings,
2020-06-04,10.117703257322205,9.104347969275153,11.099415438412045,-9.759147856527767,-10.860562225650954,-8.612667020508297,9.555845866440956,8.571954145599511,10.549955804105316,overall warnings,
2020-06-05,9.128185563024495,8.152026022415143,10.117144690081698,-8.341262404915465,-9.470457670906693,-7.1908815996617506,10.06147714500965,8.907891083893047,11.259059032794159,overall warnings,
2020-06-06,9.2007068244478,8.162897065620585,10.259667592959216,-7.794083083326474,-8.898888507186523,-6.636810012712235,12.264586388871002,10.846392687532255,13.68934564711889,overall warnings,
2020-06-07,7.9682271667161615,7.0214586713393965,8.952697274309456,-5.237658883312755,-6.1988279303163205,-4.327660404798879,11.655027808757435,10.334427026766091,13.028871472871199,overall warnings,
2020-06-08,9.181719632361858,8.195888143452084,10.225860527602757,-6.015177159480386,-6.9994047509635715,-5.0735367583383155,10.148218864231666,9.042997325384599,11.363895225367662,overall warnings,
2020-06-09,11.662958469765748,10.50940652841967,12.814349012395546,-8.713564395894862,-9.765533217468285,-7.652503825089174,11.028184964189636,9.907606684664225,12.115237145414312,overall warnings,
2020-06-10,10.706067109440637,9.799383950012425,11.635847687836964,-8.489404747794872,-9.432855259197126,-7.542807705593048,8.65907243937467,7.818933738413226,9.48795857669403,overall warnings,
2020-06-11,12.526470954117906,11.42435494473862,13.546279375210494,-10.227074024233106,-11.280338352146646,-9.098136078522701,10.589765765335375,9.577029898753258,11.527589227005542,overall warnings,
2020-06-12,3.389932203363828,2.563586370289929,4.218122860446178,-5.635992911949813,-7.080159960685736,-4.189217394173464,11.039621710854172,8.97388309898608,13.04843051753886,overall warnings,
2020-06-13,6.227877419471859,5.3268677652450895,7.148883346688616,-6.140904456044472,-7.185773213070322,-5.05297240877739,9.630445950291996,8.230029695410524,11.093261159886529,overall warnings,
2020-06-14,9.252245176967563,8.146710650497562,10.236026706965147,-7.690723796777476,-8.754643054508586,-6.553467065257529,10.60061686728792,9.339823175851192,11.77218455094609,overall warnings,
2020-06-15,6.518259268524222,5.4955236482218135,7.522077705919591,-6.7380650308411845,-7.946777409739622,-5.485035092739009,12.363094922659666,10.55740178026964,14.153003970406978,overall warnings,
2020-06-16,9.614238599318629,8.625842920594234,10.671320400705246,-6.6422600322579,-7.639819362081247,-5.668539491832334,10.970148847524358,9.752957548384892,12.244890641126947,overall warnings,
2020-06-17,10.653426504849858,9.700996115239674,11.755474240895671,-7.509811700586493,-8.536611498743545,-6.5845365506626115,9.783270665997602,8.878209817718316,10.824906180746549,overall warnings,
2020-06-18,12.677075710673753,11.629846664459702,13.686861899738252,-9.751853037492982,-10.750555902482272,-8.769368818840594,10.512006718626976,9.596720157709157,11.383665106954913,overall warnings,
2020-06-19,13.631712450826289,12.553410297556326,14.66004479587147,-10.892206905012886,-11.945188988010619,-9.862850561437075,10.049720190128527,9.177693388789034,10.881334014259915,overall warnings,
2020-06-20,15.099412570688449,13.941760250716822,16.242401015999796,-12.213894406851752,-13.35327182123593,-11.109815554793057,10.782186728125923,9.932997800776224,11.689854923732355,overall warnings,
2020-06-21,14.585732880128319,13.505321031074583,15.672272113559794,-11.0986684359555,-12.184152578491808,-10.086363947512396,9.504789872131504,8.744091282310206,10.259172011378613,overall warnings,
2020-06-22,14.801523547978762,13.779363382938987,15.834345588226933,-12.17249174732239,-13.216149289325658,-11.117529113682336,9.021126320961919,8.33019052621153,9.72287788766594,overall warnings,
2020-06-23,14.608660084966637,13.634874682004336,15.586916083243615,-12.120274373750714,-13.169650322047767,-11.12232093413246,8.26990742067252,7.6060754542410365,8.898224619740954,overall warnings,
2020-06-24,12.988497407846808,12.013225453731916,14.010623014037371,-10.74686811702197,-11.806343460052272,-9.688163020524057,8.420201393207325,7.709563628575041,9.160690445757863,overall warnings,
2020-06-25,14.699638459166508,13.682448706307497,15.645942991427757,-11.543503929894719,-12.504671922102615,-10.53111084170996,8.5163040085781,7.8950770417534795,9.129446543048173,overall warnings,
2020-06-26,14.804818500578293,13.745566349127024,15.913955916356603,-12.067106828312609,-13.17110815256558,-10.986691985553616,8.392817851482103,7.701241156265792,9.11798589893332,overall warnings,
2020-06-27,14.281069461999786,13.29654730674978,15.37465798693012,-11.624053573113747,-12.769213574794385,-10.525066913950333,8.104354849783913,7.467226966033427,8.798088400723916,overall warnings,
2020-06-28,NA,NA,NA,NA,NA,NA,NA,NA,NA,overall warnings,NAs in DO.obs; NAs in DO.sat; NAs in temp.water
2020-06-29,NA,NA,NA,NA,NA,NA,NA,NA,NA,overall warnings,NAs in DO.obs; NAs in DO.sat; NAs in temp.water
2020-06-30,NA,NA,NA,NA,NA,NA,NA,NA,NA,overall warnings,NAs in DO.obs; NAs in DO.sat; NAs in temp.water
2020-07-01,NA,NA,NA,NA,NA,NA,NA,NA,NA,overall warnings,NAs in DO.obs; NAs in DO.sat; NAs in temp.water
2020-07-02,11.793889761114183,10.79281096611588,12.770777934913355,-11.373329793762602,-12.47239176979496,-10.250410459797529,8.202036388480131,7.415492424681992,8.96163094213855,overall warnings,
2020-07-03,11.616541503096261,10.586354624013829,12.572448817249432,-11.230535780809664,-12.286909587535785,-10.046357244904735,8.035121718967787,7.242482345273153,8.766825524441122,overall warnings,
2020-07-04,10.962772634417048,10.072825651923077,11.92954312378593,-10.478134889587732,-11.605427880790884,-9.452414047253871,7.7910632751730144,7.04844995852854,8.537920982532786,overall warnings,
2020-07-05,11.247716988425594,10.243958029935081,12.277464645968427,-11.186677846970122,-12.384569483367926,-10.017697976655972,8.020404604207501,7.236591836298133,8.83432566717874,overall warnings,
2020-07-06,11.041089005429754,9.993360409546508,12.06845691897987,-11.374612242752537,-12.584140245952083,-10.123626071593167,7.900200260356582,7.076892981277628,8.73630217271346,overall warnings,
2020-07-07,10.883325842456166,9.877473110918812,11.921179471639581,-10.981754552496891,-12.185648290059232,-9.798602742843155,7.849512822378691,7.025525664512734,8.635824366744574,overall warnings,
2020-07-08,11.130498837171809,10.090030487406796,12.140236766594303,-11.658685599393895,-12.869274247634502,-10.454704197089805,8.127305243777172,7.288158815446293,8.961454765795185,overall warnings,
2020-07-09,10.83811231124825,9.910045838745628,11.858496758945996,-11.580286015354478,-12.794200660542895,-10.42848321427102,7.9427804190971525,7.166925629250042,8.725513348441668,overall warnings,
2020-07-10,11.646936187299328,10.626662561330654,12.69695663510102,-12.17397670418891,-13.396792135344723,-10.978974143191998,8.217213239572223,7.40908556066978,9.019563217441265,overall warnings,
2020-07-11,11.63815824832992,10.567274576189616,12.678966012568015,-12.230579251314737,-13.502558776548236,-10.991004345412517,7.974388948025332,7.136831708330217,8.774938147018341,overall warnings,
2020-07-12,11.142837752711847,10.11570231400328,12.099213704513426,-11.96795425129659,-13.164273344134,-10.697289609812712,7.858132351953775,7.0667076624228455,8.668535081108699,overall warnings,
2020-07-13,11.258965057971235,10.309233547556751,12.234609797906506,-12.71771467397103,-13.944821853319704,-11.465252589591085,7.8928771783863,7.149530377404904,8.653735356104663,overall warnings,
2020-07-14,11.539360174575155,10.519006082307154,12.59953109596847,-12.910328780019118,-14.234979029964272,-11.638665933846617,8.02440010282777,7.250214841768318,8.804894303102316,overall warnings,
2020-07-15,11.499677058231978,10.45717352661218,12.467782318142003,-12.520625161764729,-13.671745073571508,-11.300527673761318,7.6579590639839346,6.912958836195814,8.398382352781564,overall warnings,
2020-07-16,NA,NA,NA,NA,NA,NA,NA,NA,NA,overall warnings,NAs in DO.sat; NAs in temp.water
2020-07-17,NA,NA,NA,NA,NA,NA,NA,NA,NA,overall warnings,NAs in DO.sat; NAs in temp.water
2020-07-18,NA,NA,NA,NA,NA,NA,NA,NA,NA,overall warnings,NAs in DO.sat; NAs in temp.water
2020-07-19,12.932380064650786,11.922850025663077,13.949810831961825,-12.36978597073142,-13.533306816520936,-11.261687531701195,7.722228810097378,7.023539380988633,8.407507860931505,overall warnings,
2020-07-20,12.599468738015496,11.617216469003491,13.58692685958909,-12.064285216474193,-13.198045184894378,-10.954236527802234,7.365671682002523,6.731303105556095,7.996005181256944,overall warnings,
2020-07-21,13.04730034319585,12.067253988225096,13.982117891637232,-12.547920326969646,-13.67979587225115,-11.456480244738586,7.552639769788432,6.911256497422017,8.182423305682116,overall warnings,
2020-07-22,12.326634748760242,11.439931359597137,13.228925782443328,-11.594259476006792,-12.685325523470784,-10.54902766667463,6.62301237792668,6.034536302191514,7.199745544648928,overall warnings,
2020-07-23,13.642027324007822,12.63157733992534,14.542346204716065,-12.374275820785044,-13.40392175432339,-11.260521329376344,7.507402845163684,6.85948181427162,8.102050173706449,overall warnings,
2020-07-24,15.604977302284274,14.639796042827069,16.62597791381714,-14.703976279236283,-15.833895241998736,-13.577435979868731,8.269174764502434,7.6451981500347115,8.867609457677746,overall warnings,
2020-07-25,16.077225143015045,15.0905124333812,17.083588268288537,-15.710187025204776,-16.8511359441524,-14.588436150234935,7.94867076159848,7.361255198943244,8.532073420496086,overall warnings,
2020-07-26,15.127442543453476,14.208093766131446,16.07249458414663,-14.708714448725992,-15.80073694759127,-13.676379691279786,7.013616045221699,6.513198886004958,7.545177457893228,overall warnings,
2020-07-27,14.519036102483204,13.57464483039657,15.46466460582337,-15.074512344101734,-16.274059107770295,-13.92278317535736,7.294365820980913,6.735306727953344,7.860809289720494,overall warnings,
2020-07-28,14.79771951168146,13.935901511143257,15.771675383411935,-13.72184868261164,-14.792316464455515,-12.70603317333322,6.737136938615846,6.2615551100207645,7.261016757807502,overall warnings,
2020-07-29,17.08816955342025,16.090480740959105,18.022615171551614,-14.908164527190458,-15.974629718332189,-13.87454633103901,7.660086482867377,7.1384860551215255,8.15200708879726,overall warnings,
2020-07-30,17.286846021295016,16.380267208379596,18.27865336609989,-15.10476803160183,-16.12430157228832,-14.07880476394463,7.568057644718354,7.106150393349499,8.07289319648736,overall warnings,
2020-07-31,17.62336503926264,16.687688163224983,18.628542568817597,-15.077175232658474,-16.069484064697715,-14.052394545011003,7.715823851344975,7.242516215685025,8.238123792997065,overall warnings,
2020-08-01,18.143914031632733,17.165192797705643,19.20311077283248,-15.382853483494792,-16.424738769043934,-14.367346431742671,7.988726631548177,7.494249867816827,8.525079076027973,overall warnings,
2020-08-02,18.177906993129284,17.160238818998362,19.187894096296134,-15.400601273699706,-16.462880155912142,-14.337309810193993,8.019558539930834,7.479852751389903,8.537702125935615,overall warnings,
2020-08-03,18.606007320513516,17.63944543213415,19.625283355822884,-16.162380901263496,-17.19924139923688,-15.149524320138166,8.083800226061385,7.589779845924605,8.564307974499952,overall warnings,
2020-08-04,18.589903542151895,17.613111528892535,19.572607928605848,-16.523580603403687,-17.576355393854175,-15.467030186128119,7.816252363744282,7.344912337661228,8.291391935661665,overall warnings,
2020-08-05,18.75779629243931,17.741638323062904,19.711674723653136,-16.640055771266404,-17.680677833845703,-15.548732318162655,7.876592311941131,7.3697497548914095,8.356021896979524,overall warnings,
2020-08-06,17.232925119243976,16.2323987613138,18.21564054591282,-15.828975248460512,-16.861336000930567,-14.724628095943693,8.405292280554931,7.867336646677388,8.973728050163045,overall warnings,
2020-08-07,18.092140317212596,17.179087850246038,19.107811430840606,-15.96802378128313,-17.023811611087506,-14.907193458051028,8.511672400897343,8.00738495371398,9.054944751793263,overall warnings,
2020-08-08,17.863102133758115,16.9103778251047,18.82103270334151,-15.882103064639427,-16.91346331877918,-14.847164986302998,8.40336575153042,7.863203044110179,8.935135567840424,overall warnings,
2020-08-09,18.21440634781018,17.24221777991896,19.239456340137433,-16.68423494232131,-17.803343922295035,-15.575074642030645,8.36364054030772,7.839651523434313,8.924585850653177,overall warnings,
2020-08-10,18.204820293812254,17.229881915828603,19.131580484382205,-17.021216697372907,-18.062061436555037,-15.906687110240792,8.294235896008052,7.792981801420768,8.797243903947917,overall warnings,
2020-08-11,16.126713998464346,15.152368703054217,17.15678967348854,-15.540192049273058,-16.729588741483976,-14.400321108876764,8.037219925915036,7.452532186685872,8.628753488723694,overall warnings,
2020-08-12,15.947712944359175,15.013089187524056,16.958851186194202,-14.962158896312225,-16.078798083675466,-13.871894134132967,8.590563878558555,7.980841021038502,9.193438414532288,overall warnings,
2020-08-13,15.227655211019396,14.278754933862093,16.171225562850207,-14.145019360021282,-15.236304163640074,-13.054321414377233,8.055295393810162,7.4837173600153575,8.636212617044134,overall warnings,
2020-08-14,15.536168662859229,14.638777450858559,16.48072386221051,-14.421717128300159,-15.475461260055766,-13.396027028518002,7.802858622670449,7.260224855365413,8.3482582934083709,overall warnings,
2020-08-15,16.02787529941213,15.123484819704466,16.914013227949297,-15.51817134468821,-16.528679135960566,-14.487288909452507,8.042034300851492,7.513384254198879,8.581462788638124,overall warnings,
2020-08-16,10.434799226851819,9.622908584913048,11.23153588684288,-10.802445663332822,-11.836357853369668,-9.767023551936472,6.126311971536922,5.523594109798164,6.69926899913712,overall warnings,
2020-08-17,12.277076838819218,11.263144849391884,13.244658028547324,-13.719041297303473,-14.949624654422424,-12.468747081316389,9.25471725603041,8.418927852107826,10.130534737334358,overall warnings,
2020-08-18,13.552645271367389,12.667931213997438,14.513479770555772,-13.505436390369603,-14.65205595537447,-12.46931591554087,8.10061360523601,7.474468233635483,8.774556725292356,overall warnings,
2020-08-19,15.19013180854121,14.143916584678761,16.23619919084773,-15.672073865567647,-16.941863995591522,-14.426646748354335,9.035637248163763,8.325744768872367,9.730047462021536,overall warnings,
2020-08-20,15.188248921318454,14.261060697781378,16.179861537965774,-16.415508787460368,-17.614985372788958,-15.236873399559688,8.610516922157764,8.029160926312475,9.248494884614455,overall warnings,
2020-08-21,15.352702893088207,14.379370255056404,16.290549754971845,-16.12601202180806,-17.301417247386812,-14.941080750285835,8.537007687274556,7.916792882272428,9.139945059011831,overall warnings,
2020-08-22,14.543655999669877,13.529576475843946,15.48202300732827,-14.919681082802768,-16.057029003959236,-13.715314007484045,8.474914343694412,7.793241039158301,9.14700725445054,overall warnings,
2020-08-23,13.486915670763562,12.601178972569418,14.333505114579367,-14.269896139912467,-15.302718309122515,-13.193451248335938,8.562174743042887,7.892221082411775,9.20189890032068,overall warnings,
2020-08-24,9.14827282335157,8.32205199351433,9.921682141754784,-12.353443883814112,-13.587324995037717,-11.064992257689092,7.216758074202033,6.410318796545239,7.993519363508303,overall warnings,
2020-08-25,12.763922037421185,11.88217119559752,13.676252744717923,-14.402301071011856,-15.602561581545125,-13.276393193227632,8.54425625987135,7.835516062575985,9.28618406646739,overall warnings,
2020-08-26,13.92910802880289,13.072340347362616,14.825012091179826,-15.022545171221367,-16.1416701077678,-13.881323725717023,8.614818783526882,8.009888261585948,9.239069211527632,overall warnings,
2020-08-27,13.67177322646041,12.875684391919066,14.552769613524482,-12.75868951130298,-13.822780992620904,-11.790837628153934,7.926463895869226,7.3890220349538485,8.501096985439203,overall warnings,
2020-08-28,15.973765000895995,15.075476761905017,16.92535056884341,-14.052136175511205,-15.03434721398237,-13.03210177609573,9.004332724710931,8.399293686596467,9.59846267759679,overall warnings,
2020-08-29,3.769824281840931,3.00930058828852,4.495596824058023,-10.487300863934092,-12.31891701709964,-8.581966434914836,10.189544407748405,8.484816836759697,11.836594501836359,overall warnings,
2020-08-30,7.0319692819236925,6.158899018863508,7.864899910104112,-10.151510502493416,-11.443482523387612,-8.786763408993625,9.571320420161268,8.355885243498623,10.687592415347995,overall warnings,
2020-08-31,8.436212251841882,7.521628879907592,9.330965912925064,-11.045061182353795,-12.33929717080419,-9.722238806843485,10.238450828182218,9.071550505614555,11.387023016622464,overall warnings,
2020-09-01,9.976510267600084,9.01789987899458,10.86672632815803,-12.351304430639013,-13.558212641052643,-11.064149400948462,10.782273025713792,9.73967319909187,11.812730355137914,overall warnings,
2020-09-02,11.42358742689456,10.464492139984408,12.466400881232685,-14.166545262515923,-15.535673046697148,-12.834548631756514,11.259203093721883,10.250053420902894,12.343385810327579,overall warnings,
2020-09-03,10.274163430021474,9.389392622388435,11.18780985720577,-12.005822476810902,-13.212592215860978,-10.807177950976563,9.303743022023841,8.427042737292403,10.200550312625909,overall warnings,
2020-09-04,11.423358981770903,10.466458143190764,12.376503637163562,-13.192987645997734,-14.46686012103154,-11.925852967047522,10.762661714978492,9.806812394325028,11.784280650079138,overall warnings,
2020-09-05,9.57087489115979,8.733606793703492,10.421160123898128,-9.964900162450231,-11.071048990002462,-8.878136086467233,8.90443475738503,8.015732308246916,9.799043114540837,overall warnings,
2020-09-06,10.241024742624987,9.350796693416642,11.059204609803665,-10.059533796563713,-11.07313450839048,-8.951624845110715,8.936361899954946,8.05342967043399,9.761543665255829,overall warnings,
2020-09-07,11.920701649277728,11.067242804628313,12.914748102202015,-12.451066052238513,-13.609185779848529,-11.367590439299772,9.7898725176507,9.026389549358344,10.660242801108163,overall warnings,
2020-09-08,10.645376764958524,9.757796626708531,11.437391543883125,-10.520886596807468,-11.522099972314068,-9.431003859672915,9.585013484736843,8.693984461822916,10.406706667297259,overall warnings,
2020-09-09,11.436332664506509,10.536275785060273,12.30797370284455,-10.314342848309405,-11.291403748696709,-9.249209300022192,9.557657665672426,8.682472617802222,10.354649837707806,overall warnings,
2020-09-10,11.966764436401494,10.98604734783007,12.87645275219845,-11.612659372438047,-12.699341416356587,-10.4836316691079,10.870132993220418,9.938002710256473,11.804536535627689,overall warnings,
2020-09-11,6.866424719648367,6.017008545295562,7.676493099789501,-9.151918728291582,-10.4627378009058,-7.845446098730585,9.854782988545828,8.535965518828897,11.247049364568188,overall warnings,
2020-09-12,5.9449916782260805,5.1301119420731025,6.850661921179604,-9.249091520970545,-10.738210530280062,-7.806258640893988,11.201633146765984,9.551862275560984,12.879563171339784,overall warnings,
2020-09-13,4.562094665291211,3.8252549552532065,5.313675045044922,-7.233075819305014,-8.542931328540947,-5.949070134099157,9.808143074270188,8.036244384350004,11.38939543109352,overall warnings,
2020-09-14,NA,NA,NA,NA,NA,NA,NA,NA,NA,overall warnings,NAs in DO.obs; NAs in DO.sat; NAs in temp.water
2020-09-15,NA,NA,NA,NA,NA,NA,NA,NA,NA,overall warnings,NAs in DO.obs; NAs in DO.sat; NAs in temp.water
2020-09-16,NA,NA,NA,NA,NA,NA,NA,NA,NA,overall warnings,NAs in DO.obs; NAs in DO.sat; NAs in temp.water
2020-09-17,NA,NA,NA,NA,NA,NA,NA,NA,NA,overall warnings,NAs in DO.obs; NAs in DO.sat; NAs in temp.water
2020-09-18,NA,NA,NA,NA,NA,NA,NA,NA,NA,overall warnings,NAs in DO.obs; NAs in DO.sat; NAs in temp.water
2020-09-19,NA,NA,NA,NA,NA,NA,NA,NA,NA,overall warnings,NAs in DO.obs; NAs in DO.sat; NAs in temp.water
2020-09-20,NA,NA,NA,NA,NA,NA,NA,NA,NA,overall warnings,NAs in DO.obs; NAs in DO.sat; NAs in temp.water
2020-09-21,NA,NA,NA,NA,NA,NA,NA,NA,NA,overall warnings,NAs in DO.obs; NAs in DO.sat; NAs in temp.water
2020-09-22,NA,NA,NA,NA,NA,NA,NA,NA,NA,overall warnings,NAs in DO.obs; NAs in DO.sat; NAs in temp.water
2020-09-23,NA,NA,NA,NA,NA,NA,NA,NA,NA,overall warnings,NAs in DO.obs; NAs in DO.sat; NAs in temp.water
2020-09-24,NA,NA,NA,NA,NA,NA,NA,NA,NA,overall warnings,NAs in DO.obs; NAs in DO.sat; NAs in temp.water
2020-09-25,NA,NA,NA,NA,NA,NA,NA,NA,NA,overall warnings,NAs in DO.obs; NAs in DO.sat; NAs in temp.water
2020-09-26,NA,NA,NA,NA,NA,NA,NA,NA,NA,overall warnings,NAs in DO.obs; NAs in DO.sat; NAs in temp.water
2020-09-27,NA,NA,NA,NA,NA,NA,NA,NA,NA,overall warnings,NAs in DO.obs; NAs in DO.sat; NAs in temp.water
2020-09-28,NA,NA,NA,NA,NA,NA,NA,NA,NA,overall warnings,NAs in DO.obs; NAs in DO.sat; NAs in temp.water
2020-09-29,NA,NA,NA,NA,NA,NA,NA,NA,NA,overall warnings,NAs in DO.obs; NAs in DO.sat; NAs in temp.water
2020-09-30,NA,NA,NA,NA,NA,NA,NA,NA,NA,overall warnings,NAs in DO.obs; NAs in DO.sat; NAs in temp.water
2020-10-01,10.07151308016843,9.249277392050619,10.879257379675483,-7.681380165689708,-8.619248344223628,-6.760404231999037,10.38448005750756,9.392748491776791,11.300057246362943,overall warnings,
2020-10-02,9.644057708296872,8.828526858282187,10.476967617240474,-7.778254211594724,-8.692236266215225,-6.822487649481718,10.086354914949236,9.15449578606925,11.099772781707715,overall warnings,
2020-10-03,9.222061357233303,8.43521895440311,9.996904999640964,-7.628488555951455,-8.534625222936288,-6.738792430712244,9.783319008485343,8.845680703620634,10.714372429658814,overall warnings,
2020-10-04,9.418812918732131,8.672393590632717,10.173209307829405,-7.65944691160608,-8.530918883010779,-6.753054285907426,10.049626889427664,9.133549694258708,10.952435593695384,overall warnings,
2020-10-05,9.473335040834836,8.680132548898328,10.266913744931761,-7.495803072404064,-8.428211776274944,-6.648093089718403,10.049177320889754,9.083052978734997,11.022726962134342,overall warnings,
2020-10-06,9.608793909808956,8.849852145036953,10.369574433845685,-7.569023008918197,-8.416500903763955,-6.667522020145067,10.37524523306625,9.406318409016379,11.348089254420714,overall warnings,
2020-10-07,8.167934701112511,7.457879152247397,8.890688117424908,-7.0083562655625435,-7.938517951455386,-6.149069848364048,9.292281331790715,8.327469901331401,10.294423526788291,overall warnings,
2020-10-08,7.537706001956181,6.8363918671032495,8.189538454708497,-6.639296083593931,-7.508626047944581,-5.760001061030658,8.822760801783629,7.872539871395707,9.766384288529311,overall warnings,
2020-10-09,8.698816865260302,7.963747866507109,9.406609156333124,-7.441618987209354,-8.29006154795703,-6.5413975459392,9.62574150724473,8.654416058849955,10.557198618021783,overall warnings,
2020-10-10,5.364648596255231,4.760653203427998,5.922093496208969,-6.06688139029918,-6.9396591478331855,-5.1530389058297486,7.23774630384764,6.242648559393023,8.2841130049851,overall warnings,
2020-10-11,7.642609291289938,6.904117799531647,8.322743354089909,-6.263892920304626,-7.071055653516123,-5.419046222147923,9.195397745027034,8.124570095448293,10.19352845777711,overall warnings,
2020-10-12,9.204070986919987,8.486249763497659,9.991243598648222,-7.308943784078775,-8.177559912074278,-6.473805335711399,10.743256999506364,9.77667976017165,11.760426873806658,overall warnings,
2020-10-13,9.179031864473798,8.421118834966867,9.88705756556203,-7.301713798095673,-8.11265195743875,-6.470791176486361,10.416086449222075,9.45461243681194,11.366305987983624,overall warnings,
2020-10-14,9.003947787340941,8.193031457418563,9.79095372504954,-7.400067389892305,-8.280386062587159,-6.468939627599764,11.091003158319223,9.97060576305242,12.169828785127413,overall warnings,
2020-10-15,9.14067525290585,8.360657135961453,9.903917160528461,-6.859295991533907,-7.755190146211358,-5.984846153576207,11.22020001962186,10.155396290117183,12.278958689223602,overall warnings,
2020-10-16,8.943878478787136,8.217206766247871,9.694475171826241,-7.107806138550242,-7.966687924875405,-6.282101624276407,11.716293223850332,10.648268235532212,12.825952844451578,overall warnings,
2020-10-17,9.495974649688735,8.708964115802626,10.259149296184876,-7.633379720285777,-8.501524975551549,-6.7128731946354065,11.269074874364392,10.229917498220768,12.281869782646575,overall warnings,
2020-10-18,8.81240783863419,8.026343683637666,9.537668274735912,-7.361242582693221,-8.239558392945758,-6.427184470543695,11.61492147285762,10.430047145761673,12.690980716270664,overall warnings,
2020-10-19,8.31721867347073,7.622452955367672,9.056105198290158,-6.912025521889607,-7.778595538848103,-6.084198318574131,11.169811580650517,10.112466079623355,12.316082810142637,overall warnings,
2020-10-20,8.269879959859217,7.5402352828443835,9.005615213650637,-7.4902884079835275,-8.39110700835406,-6.5335880350082585,11.854268366650818,10.648406406409816,12.969558572310431,overall warnings,
2020-10-21,8.015937183952705,7.333022364838129,8.739405554957052,-7.085024959110854,-7.954021412408812,-6.228332513315526,11.71385354982887,10.541332586458099,12.882233980474858,overall warnings,
2020-10-22,7.387621030408806,6.690653936833243,8.037168627646041,-6.074032314982555,-6.9322127353740015,-5.206576191588543,10.732064305164268,9.553101113048907,11.82616130927692,overall warnings,
2020-10-23,7.331664619230047,6.623598697088087,8.034229420327318,-6.516458827648021,-7.379535803590378,-5.620414964023332,11.625843811581902,10.4248701396892,12.863638560493955,overall warnings,
2020-10-24,8.036040493629468,7.317841770304587,8.778959531587027,-6.984197132826872,-7.82719741541025,-6.061441562938146,11.783993020096492,10.617735577792839,13.012108408822845,overall warnings,
2020-10-25,6.878242772300517,6.193708218578881,7.569502493854996,-5.652469746014736,-6.518636273170479,-4.805143390645405,11.99504916183195,10.689340547409776,13.345061723220425,overall warnings,
2020-10-26,5.669332212163718,5.015548964707208,6.313290085532604,-2.9481143251836457,-3.698391114184848,-2.143228541697055,10.698250145016129,9.32753875866605,12.027225665244588,overall warnings,
2020-10-27,6.744667368217948,6.05470090423345,7.47168825723657,-3.7261659768054116,-4.463690130503817,-2.927290635696845,12.37926323586245,10.93906580777434,13.763508146149949,overall warnings,
2020-10-28,6.867917376932628,6.155912382409385,7.563405112811293,-4.097117831793554,-4.88490796758677,-3.293033693580225,12.14951309384033,10.803605532561367,13.595451856133899,overall warnings,
2020-10-29,6.893143828269276,6.1954456571319545,7.559271982560087,-4.210721972953204,-4.979484456555257,-3.4458861932464573,11.801079689781492,10.443761268613823,13.08516251273649,overall warnings,
2020-10-30,7.042194201099935,6.36272453729702,7.696437871430211,-4.196067011444972,-5.014821105783663,-3.4369815535065893,11.930179839771645,10.676531378786134,13.18186827896578,overall warnings,
2020-10-31,6.907777155511177,6.23589442140399,7.545993158055239,-3.991712483920004,-4.788120379579693,-3.228262174482358,12.021118258707478,10.730500764542683,13.349870404666234,overall warnings,
2020-11-01,6.881084870512695,6.207448276151739,7.564914120851536,-3.7284475974249727,-4.505268851691166,-2.9382310265036415,11.884084066758199,10.634207755384985,13.196382950893746,overall warnings,
2020-11-02,6.706215996067108,6.06056201639648,7.380303434314871,-3.726618951239711,-4.4654952724451755,-2.990737598233837,11.873907025486995,10.50484359309116,13.232827805482968,overall warnings,
2020-11-03,6.408684281034365,5.803558457537523,7.050380333538421,-3.5725980741338317,-4.364956276147871,-2.839347564782307,10.568095827250882,9.367401900802891,11.83359803269053,overall warnings,
2020-11-04,6.670555800247378,6.002840721246355,7.378839841832154,-3.4079206999298846,-4.144999899702474,-2.6515119758281345,12.037719337151067,10.727097757065291,13.453483143866778,overall warnings,
2020-11-05,7.082512645851212,6.370503889608576,7.79547871401789,-4.839190314783632,-5.618427165312881,-4.081174558544741,12.140286300006945,10.75716828213627,13.569437303705213,overall warnings,
2020-11-06,6.824736544730641,6.1342171871623945,7.489710889116073,-5.218612884838706,-6.042298994362608,-4.406984653576361,12.841661346828014,11.344412048173607,14.292598668354719,overall warnings,
2020-11-07,4.790610064611055,4.234047984670319,5.358427215300207,-3.745819468582349,-4.534288851468266,-3.0052405772114374,9.440062370593521,8.016010326298428,10.730024695890439,overall warnings,
2020-11-08,4.38919712192464,3.8020179784401034,4.957477278038526,-2.729848342716826,-3.483681556072354,-1.919185419779016,10.59670467915094,9.034251403774519,12.126446485849518,overall warnings,
2020-11-09,5.011990587193902,4.4597670726636265,5.577531623921016,-1.5600045344796647,-2.358210742251017,-0.834406200077996,10.8694294629586,9.500125311240023,12.288506604344034,overall warnings,
2020-11-10,5.537930843928547,4.917322078073121,6.179606596467461,-2.6093727981447308,-3.338496697172256,-1.8762689099267598,11.701815640840511,10.290445013089778,13.23874141164763,overall warnings,
2020-11-11,5.768341241443819,5.124675875071499,6.422009698038568,-3.1491139757781825,-3.8925175520908497,-2.376031510435093,12.66521126244599,11.164204934990664,14.26803775242938,overall warnings,
2020-11-12,NA,NA,NA,NA,NA,NA,NA,NA,NA,overall warnings,NAs in DO.obs; NAs in DO.sat; NAs in temp.water
2020-11-13,2.3635883066400822,1.9126217551411513,2.8271521168568556,-2.101544030082337,-2.8209671558118394,-1.3711913405629614,9.267380502326905,7.364635271347252,11.143017077814072,overall warnings,
2020-11-14,3.9492161245189124,3.4288349530606443,4.482563864296808,-1.710390153513752,-2.432112365549963,-0.9756574877065729,10.500065553776544,8.794030620073485,12.125707296501366,overall warnings,
2020-11-15,1.9350247401830427,1.475718070905791,2.381001074515235,-1.4262026840719209,-2.155174004165648,-0.7005003432322863,11.015800454279598,8.931837219280933,13.182158458177454,overall warnings,
2020-11-16,3.3914911701644863,2.829521964210527,3.941950855469076,-2.834912779554847,-3.6257755103929274,-2.0640145550871756,11.356045595080381,9.472203155523882,13.219343997883529,overall warnings,
2020-11-17,1.477681752132538,1.018413305629099,1.9209964307211154,-2.6305763182142696,-3.47007779843045,-1.7915818874600635,9.780137591115901,7.653088346213794,11.873058807665206,overall warnings,
2020-11-18,2.7029195121231515,2.198393425097181,3.2191073804115296,-2.0760751008607308,-2.8650591620498123,-1.3233634469285853,11.616394660081568,9.618466280399796,13.52431968026373,overall warnings,
2020-11-19,3.1712505137643072,2.6147043038380082,3.681546864468121,-0.81268195463571,-1.565985029555203,-0.06989355593997974,12.419482482489679,10.42118669849776,14.282742111079767,overall warnings,
2020-11-20,3.4730609005022517,2.9394265687705836,4.019971280575469,-0.5803986646164604,-1.3314930252867723,0.1306124950914466,12.356112530253824,10.31709074741086,14.293729667297903,overall warnings,
2020-11-21,3.41742583905706,2.8780547619736843,3.9671542229455095,-0.6221539325900467,-1.3953616400042628,0.0809617006357816,12.31571324430227,10.404652731058167,14.192840004173727,overall warnings,
2020-11-22,3.0389596239540877,2.532211736017284,3.544081576909598,-1.2596188438213982,-2.0211859964621732,-0.5313115102743886,11.301993981963282,9.298998489367298,13.254804143300165,overall warnings,
2020-11-23,3.606417350585131,3.0759585260030478,4.15451424639822,-1.5313758916459754,-2.2494435510498985,-0.7946702804963923,12.224633587255347,10.213651929580815,14.130943447069523,overall warnings,
2020-11-24,3.373978984804892,2.8132780492770264,3.893006738887283,-1.1035133409229632,-1.8088731381149497,-0.3675835578220069,10.627145506302533,8.79827190823892,12.406317586585285,overall warnings,
2020-11-25,3.5903109717921646,3.04334101796537,4.100874157916578,-0.19897532824498293,-0.9386919863847087,0.5447563635039077,11.209313852409194,9.353784196109503,13.039954509985295,overall warnings,
2020-11-26,3.566941954343649,3.002428193993488,4.092099320676166,0.2743737616785513,-0.4964166401368217,1.0335221213918027,11.692074021247102,9.717313027648407,13.563823374513895,overall warnings,
2020-11-27,3.355653232675377,2.8241925536470016,3.907281613927488,0.45065356943435997,-0.3304113971795545,1.2422713040114013,11.876211090614271,10.027908111747665,13.849256614402446,overall warnings,
2020-11-28,3.8429441849133195,3.2867761016354717,4.348797486913595,0.5500734034194836,-0.23800997684339814,1.3900073800604662,11.560496767758265,9.737690593059773,13.344375852477716,overall warnings,
2020-11-29,3.4832672120840815,2.951749359805698,4.017900716310446,0.4719840001238997,-0.34186731608633075,1.241921608744999,11.126574897975736,9.303722813186829,12.983503298791213,overall warnings,
2020-11-30,3.398455145532179,2.8840320519396623,3.8956220164462096,0.538400870149501,-0.31612623282268626,1.4164497570866137,10.473986310872354,8.673261645932175,12.223136890624806,overall warnings,
2020-12-01,3.2826267688797657,2.758054538370552,3.848539973745971,0.6130051935863172,-0.17197887489969355,1.4182862190233505,11.835257656320106,9.924021595101967,13.854891877158433,overall warnings,
2020-12-02,3.4710924550472213,2.974291109191237,3.9853918952215395,0.31413485449200773,-0.47498416722515313,1.064420304129152,11.689580266369516,9.887422118948553,13.610967446369198,overall warnings,
2020-12-03,3.599234389301783,3.093456980919822,4.13209344082216,0.6334214012301336,-0.1555935887097877,1.464536842587176,11.156971533718668,9.439200619301754,12.94682496089494,overall warnings,
2020-12-04,3.4017882568848434,2.8897219268930305,3.923246127798111,0.7398005728195414,-0.03283568807950777,1.5528775781700639,11.443868666914849,9.62131691137329,13.324010494431409,overall warnings,
2020-12-05,3.4601553859723007,2.926204646232152,3.959720692106914,0.5683143202771839,-0.22444464923676788,1.4321957746794332,10.885835933732798,8.94780462804534,12.704824247891656,overall warnings,
2020-12-06,3.378941352091287,2.8339024522423526,3.850859178185788,0.7652157113863846,-0.0763847238622307,1.5623528830396014,10.882043590152836,8.958924248489252,12.650966688826248,overall warnings,
2020-12-07,3.701886794337445,3.1454984544449283,4.210717818428347,1.1145941037230438,0.2547020883310012,1.9535998817833182,11.534090075464405,9.656468707068594,13.243813924902328,overall warnings,
2020-12-08,3.312910508373352,2.764938743262779,3.816829653189949,0.6923948450473888,-0.10591121294791964,1.4561372104729413,11.296245653550677,9.516602972865712,13.242614538530875,overall warnings,
2020-12-09,3.748529210964109,3.247509212427827,4.2394704929566664,0.3622519031999274,-0.4293507201128246,1.1450511797225906,10.244872095481323,8.64345514951955,11.80791878385497,overall warnings,
2020-12-10,3.13540203174279,2.633585001330442,3.6318076674748823,0.23844546861018476,-0.532780816012455,1.0801578817650157,11.198790330232985,9.261495926555618,13.055341446850262,overall warnings,
2020-12-11,3.2448251903524534,2.7515224559039844,3.7401958730676967,-0.1849126622981983,-0.9741694205953679,0.621391509368243,10.51261285104757,8.5658913304253,12.403275489023173,overall warnings,
2020-12-12,3.358375674637177,2.878012616660842,3.814377506407288,-0.2989937061337208,-1.0901251770328018,0.4680271206278788,10.338419021236135,8.52627513176361,12.08795675687419,overall warnings,
2020-12-13,1.371998277766782,0.976333035197696,1.7982553797577556,0.15642370610894024,-0.5805127320274762,0.8782685558326784,10.157513713681102,7.803173817199032,12.387717898472989,overall warnings,
2020-12-14,3.081431003426542,2.5986983748398766,3.5572153113692058,0.5940926233446819,-0.21523991411856386,1.4216272450340581,10.741194919705993,9.022704424563532,12.502689960927956,overall warnings,
2020-12-15,2.739178782479078,2.275891435915511,3.1585835709347827,-0.09778022342506129,-0.9575821422077342,0.7295474882723657,8.90246973551465,7.091883805281963,10.629077321725438,overall warnings,
2020-12-16,2.242820477220307,1.748596659181928,2.749857351481881,-0.08810393589756751,-0.8402865944627794,0.6430714670600246,13.215216529606558,10.69078931968424,15.737810928990424,overall warnings,
2020-12-17,1.2498958047935722,0.8137194303938082,1.6816996474117576,1.0572283429255644,0.2767851446850141,1.8248954087843388,11.924829435620916,9.53969950993035,14.158664181824818,overall warnings,
2020-12-18,2.2467486670422723,1.7776571404219257,2.695020894564072,1.4599674418342237,0.6334602013055172,2.2940459649421725,12.823594194782451,10.561470924030958,15.016155846781388,overall warnings,
2020-12-19,2.2953014106443064,1.8587013285862954,2.735650771070669,1.0243031774352105,0.10323588551986272,1.8518194691973116,10.493588307767986,8.520974147881045,12.50326717411334,overall warnings,
2020-12-20,2.5191015950722697,2.043438533721198,2.9930284596774692,0.6431294009436608,-0.16303295304691445,1.4177497136106743,10.790528092480503,8.81197826473777,12.776007974877745,overall warnings,
2020-12-21,2.6625416228772565,2.186351155492616,3.1516965211119947,-0.19533578621186581,-0.9493175594057672,0.5639024568492041,10.924317956539596,8.949714896064917,12.882624807907925,overall warnings,
2020-12-22,2.6568717091683443,2.173018383165569,3.1273749824226558,1.216324266470493,0.4301960707717844,1.992259903180887,11.903279624169695,9.873278242654134,14.020526022747086,overall warnings,
2020-12-23,2.541266417683822,2.0574997437478193,3.008709363444188,1.7104049111419766,0.8241663133650423,2.5611700324722215,12.082218986273707,10.004774405145,14.187677106682836,overall warnings,
2020-12-24,3.1282619002415553,2.648644855926571,3.604345322900728,0.8733449492652212,-0.0013152491621748882,1.7554194592976067,11.102395963409144,9.16143838163731,13.052885193852592,overall warnings,
2020-12-25,1.3539777454426403,0.9339081142463505,1.7609172114619291,-0.2280774031656161,-0.9793512537436664,0.521493146385241,11.738764776476835,9.272693794696387,14.367500518184276,overall warnings,
2020-12-26,2.7514249941635307,2.3180801424881534,3.2213725302073355,0.656063347622377,-0.1739676513344078,1.426289389843026,11.866581112545878,9.88324079531007,13.764268497196788,overall warnings,
2020-12-27,2.7175930988899637,2.2365163821166,3.2052400644975627,0.31009858401796203,-0.4513945419030895,1.0542200124649945,11.930763697443862,9.858458073646524,13.987090627780443,overall warnings,
2020-12-28,2.3581701397350914,1.9058195483360534,2.854019452642922,0.8725117199638388,0.0926413080571926,1.626119758671013,12.640086468379026,10.473223523767304,14.813240401530262,overall warnings,
2020-12-29,2.956260287836698,2.4755488577794367,3.460879567787382,1.6771615740589128,0.7760785951919948,2.5142812857236447,11.71391818580098,9.84244135380549,13.613647934483044,overall warnings,
2020-12-30,2.2362360083778157,1.7801139955719365,2.725301979155903,0.7715350035243339,-0.06483671372076154,1.635301338051305,12.534115137327511,10.352066989455885,14.823107505183723,overall warnings,
2020-12-31,3.193356710171913,2.7117719117122396,3.6734293983135275,0.46780574625377,-0.32859313201844137,1.266170100930378,11.583576561185613,9.63165408023995,13.454636333156182,overall warnings,
2021-01-01,3.337727077312537,2.8368221814117143,3.85038819675032,0.059546208719553476,-0.7176366534886921,0.8380874818340162,12.742891795311332,10.782368154175293,14.830897942133776,overall warnings,
2021-01-02,2.4759540807123255,1.9941324027128575,2.951234847906737,0.2555207600371356,-0.5030532268951243,0.9750891199027035,12.410695922964365,10.210758063127503,14.636188601583987,overall warnings,
2021-01-03,2.28535269469132,1.8022784084519146,2.738100949129885,0.10598288696604838,-0.665192512559748,0.9120981535849669,11.879387657328211,9.663368974719544,14.077669952322397,overall warnings,
2021-01-04,0.9696332164364718,0.5764277159453117,1.3856611860565906,0.31775984834394283,-0.401147630644146,1.0766875608908573,11.423545159233374,9.170094363673229,13.783158364181766,overall warnings,
2021-01-05,2.2430400892687863,1.7941682472390732,2.7019690152448024,1.2531940994565662,0.46372858561502284,2.072152379659967,11.194706230205245,9.30662412741224,13.25106821095751,overall warnings,
2021-01-06,1.2025607763682862,0.7862106358182241,1.623755137130812,1.2174363664452523,0.39574103870968247,1.9865997933616841,12.852948500121338,10.439770811622315,15.367673449576953,overall warnings,
2021-01-07,2.479844393286159,1.968032712047623,2.9723439064362633,1.3134745966684562,0.46967471374422226,2.0671710126546703,13.189682695261828,10.930321328113775,15.39184235886804,overall warnings,
2021-01-08,2.238022231467818,1.7856631127551097,2.6861715661621033,1.3684212848309207,0.5682570665972947,2.2280971595281787,11.87699308536688,9.83475574285535,13.907699975918348,overall warnings,
2021-01-09,2.6432725794407665,2.1573480103939104,3.1233566974949527,1.6778090602918154,0.8260129000282529,2.513968562232156,12.698381019620413,10.52857651717982,14.85166474881019,overall warnings,
2021-01-10,2.7067073170820857,2.2321973460847913,3.1593550935361843,1.1451480541880787,0.30493600145605027,1.995251261924949,12.26536729981601,10.253106992383756,14.293671420605392,overall warnings,
2021-01-11,2.14533763521459,1.6800583122256827,2.603608466115588,0.5488484054865179,-0.24572315690722288,1.3317678503144197,11.88460355901454,9.787117323947331,14.179773446764433,overall warnings,
2021-01-12,1.117271609114861,0.7044884426300408,1.5349473251668937,0.5940505656917023,-0.15440273504913815,1.386518427914786,12.309110028353347,9.752115776086349,14.976890629490937,overall warnings,
2021-01-13,0.01611092225685037,-0.3778691942123195,0.397272279248843,2.4161537333360084,1.5417428285860995,3.2744088554478905,12.556768400782342,9.969758468014474,15.264792413177444,overall warnings,
2021-01-14,0.38332846277045574,-0.027227519369297043,0.7959481971300092,3.028114049252313,2.033214247541937,3.9823388428208855,12.883355727668462,10.045456757214442,15.581508235473333,overall warnings,
2021-01-15,0.9903196647600753,0.5827471738750789,1.410115575859705,2.2402346151160453,1.3283254493783052,3.194320462512665,12.044204735959823,9.659085790156585,14.59392652784252,overall warnings,
2021-01-16,1.384067247513543,0.9342485290067397,1.8349204913672983,2.10075934103756,1.156842090479832,2.9631601719953986,12.611592222198732,9.979175558189732,15.133077684987008,overall warnings,
2021-01-17,1.5815931982182354,1.133533614973492,2.0217004874907585,1.6334255980896906,0.7258140144059557,2.4887332867308074,11.800814003328865,9.43331457224417,14.125680210284372,overall warnings,
2021-01-18,1.6360676730700754,1.1595468370246202,2.0993852450499664,1.6731433286190156,0.834672110775416,2.497431983964358,12.629845104550899,10.293758847734642,15.077933083058019,overall warnings,
2021-01-19,1.6988797285117583,1.2505304223063478,2.1963264948038907,1.768700115944189,0.9199687686753774,2.5503958766045343,13.11762892000297,10.711637333820047,15.515731616771772,overall warnings,
2021-01-20,1.785275080569471,1.3244500891723257,2.255807977267821,1.8969438347636545,1.077784806642004,2.7845337767305303,12.724944289367377,10.375691123768139,15.013220527880415,overall warnings,
2021-01-21,2.16140081941456,1.6753615996254274,2.6318013696991778,1.0607857773745395,0.24844411570596686,1.8436040966200133,12.760551175646,10.601841728474641,14.878740658720321,overall warnings,
2021-01-22,1.804510247258452,1.325031617436901,2.27921554810627,1.026761453894467,0.26892170928482,1.8480789597037344,13.296296175913547,10.928976084857451,15.644545067208824,overall warnings,
2021-01-23,2.021913935605412,1.5089772094999092,2.4797235726512445,1.4349273176883568,0.618925994370595,2.264552653198975,13.085561571279078,10.777896109400002,15.338794668638394,overall warnings,
2021-01-24,1.6628891731537037,1.2255940331916615,2.1236290639155495,0.8366933795897936,0.08329602581112724,1.6434456139623288,12.540604197586152,10.31156354898908,14.91924960066195,overall warnings,
2021-01-25,2.2667751208732803,1.7876083462494738,2.7374554926826793,1.1187569084290305,0.2838790075227735,1.9187376831082656,12.62330918769012,10.47706242338603,14.659315203240032,overall warnings,
2021-01-26,1.7384615997459005,1.2556380952443476,2.2226824102376543,0.0012799595505990089,-0.7297919149225482,0.7068845334447902,13.442729510415086,10.866512714586838,16.075269486922704,overall warnings,
2021-01-27,1.8788317678578406,1.4247989599265989,2.3302814713365723,-0.09893051872037911,-0.9018884184879523,0.6381323965571177,11.793989240562492,9.433963281592748,13.926436932728551,overall warnings,
2021-01-28,1.949141579516115,1.4773846772190844,2.3963326091027,0.152453206814941,-0.6250808308898755,0.9325291302181824,12.315465797981044,10.08515258465964,14.495578734065631,overall warnings,
2021-01-29,2.8442619091643566,2.328598180349269,3.330547276300911,0.6962117355717374,-0.12874519462772854,1.4975407632842272,12.517277221786479,10.517104433981762,14.533298785987286,overall warnings,
2021-01-30,2.8701209639779264,2.3611787562418725,3.3707851012424674,0.8585110563412889,0.033445808108276555,1.6995305213661378,12.713265702458036,10.62891373893022,14.672251161899437,overall warnings,
2021-01-31,1.7086826690183963,1.2304019963789024,2.1527404744994487,0.7515675004986162,-0.08180722269289784,1.560996164480858,12.213181778852956,9.944956425210858,14.490296215430046,overall warnings,
2021-02-01,1.4050401823876049,0.9225890531691769,1.8785866946365628,0.5685453785077341,-0.23344983271977554,1.3428800990466192,13.761737605055101,11.203644308781241,16.270469438185906,overall warnings,
2021-02-02,2.443164444041013,1.8982779393032507,3.000228543765417,1.2108143795427884,0.41472227417016816,2.0616116446786195,12.757924191788932,10.544465203876356,15.15829351122457,overall warnings,
2021-02-03,2.258270724025656,1.7874655564467485,2.75156879398195,1.552707512209541,0.735498824143276,2.3884464261427247,10.911764764046403,9.060581009783329,12.928628157306754,overall warnings,
2021-02-04,2.4222285842524998,1.933626620634807,2.968076727149447,2.6009074534497305,1.644236857412472,3.5090313477857626,13.01900809813436,10.736181943499991,15.08640925480209,overall warnings,
2021-02-05,2.6177223673393337,2.102686702048478,3.1509616236295566,1.7246131410825698,0.8472270827157052,2.584141500709287,12.567270886100694,10.500775096689377,14.683300870810271,overall warnings,
2021-02-06,2.8434048799932605,2.291359042957114,3.3798365348098875,1.7632121530065006,0.8880755600186131,2.595072096877101,13.454398748293713,11.276877486150712,15.565068642230978,overall warnings,
2021-02-07,3.008762307134311,2.456401457722041,3.5433361169307283,1.043503262718504,0.23445927386133247,1.875823900399287,13.293827045393103,11.046635325717963,15.402580673259454,overall warnings,
2021-02-08,3.190205551109412,2.67369492030568,3.7276351247762736,0.7988206658350367,5.331840782403709e-4,1.6156145776679833,12.536026676683736,10.606440906937427,14.411557537837465,overall warnings,
2021-02-09,3.2128037382517967,2.6723528991873753,3.739665930771463,0.7666358120115067,-0.07756367663152453,1.5647697243655798,12.803975860018582,10.822860990764386,14.685254134579168,overall warnings,
2021-02-10,NA,NA,NA,NA,NA,NA,NA,NA,NA,overall warnings,NAs in DO.obs; NAs in DO.sat; NAs in temp.water
2021-02-11,2.3383896212949784,1.8020554091741323,2.8780892381110763,0.11703929400553614,-0.67597630186711255,0.8764189426076202,13.589808417312668,11.14509446450553,15.927688858286439,overall warnings,
2021-02-12,3.1692007515917613,2.6279969007379034,3.7118969672066315,0.2742853368516588,-0.4816991608622661,1.103525016157634,13.337046475977,11.367060009115342,15.403783769635117,overall warnings,
2021-02-13,2.6273003714429635,2.1055305890140428,3.1757002563282706,0.3048543462104674,-0.48846719256086524,1.0943134966247916,12.193419270618861,10.156086299796577,14.321305438870848,overall warnings,
2021-02-14,1.999080526643191,1.5105925360138086,2.4955806515691807,0.2641539312851705,-0.5104269174946616,1.0258701577934197,11.973978437059046,9.547405504305434,14.200386270792308,overall warnings,
2021-02-15,2.0150410359182196,1.4856530954159044,2.530166939790727,0.5219021471685292,-0.2838636216449775,1.3457624967099389,11.841500132932795,9.594822347032185,13.981726217923967,overall warnings,
2021-02-16,2.473011681456656,1.8921396094356822,3.0063872057540473,1.3113546813936447,0.507427854005961,2.1495738871755923,12.868108638224644,10.727923940839911,15.086798418012211,overall warnings,
2021-02-17,2.7550479211707497,2.1968813650732937,3.328247065394386,1.4895211338120289,0.6661994210182752,2.3309298738203177,12.30582923832445,10.157823567318527,14.420276482262539,overall warnings,
2021-02-18,1.2484015470512424,0.7804699066017928,1.722446117279067,1.141041792907868,0.31883438749765874,1.9775618784737263,12.304134681431723,9.866875131562706,14.794241427818573,overall warnings,
2021-02-19,2.475679815296988,1.8743001859279005,3.0269835513341214,0.9539605997110626,0.1019928099013723,1.787506315026725,12.842077252570016,10.266785781131917,15.145680313965286,overall warnings,
2021-02-20,2.4626723729902134,1.9155735768760598,2.9856744605303414,1.7745093245926333,0.9284435421676708,2.6445050639407546,12.180717210422593,10.103472952648378,14.23418989369746,overall warnings,
2021-02-21,2.837228188536902,2.2983988516054445,3.3676696012211105,2.1500244408047724,1.210686686862381,3.0402864884352043,12.294417229179011,10.300672987127884,14.284214783681405,overall warnings,
2021-02-22,3.187762915864698,2.610243732144087,3.784170161633895,1.5458817035522576,0.7052541952304439,2.3417226644194815,13.083739750800543,11.133307562012606,15.18550629177073,overall warnings,
2021-02-23,3.490515059699751,2.8640518470148244,4.124459749811167,1.2485632826740338,0.43305518943637844,2.0837824319148956,13.654385451548576,11.49093102542915,15.740892023403827,overall warnings,
2021-02-24,3.391082756871893,2.7934751045869324,4.033923647159814,1.9333475047968165,1.1429762623354724,2.76423166704767,13.964581956333117,11.947042836703599,15.955971190548862,overall warnings,
2021-02-25,3.590542963733601,2.9793186101969247,4.233906411384517,1.5733756651820165,0.7827204999101403,2.37695418082236,14.09278048018605,12.036256860594074,16.22344628884075,overall warnings,
2021-02-26,3.2488572174631716,2.694290098033507,3.822059877792647,0.7377724817140872,-0.07470231473846582,1.5746734345002045,12.248860126355254,10.40550853732859,14.181894198546882,overall warnings,
2021-02-27,3.714727051612848,3.06366431529224,4.346304110376323,0.9444216464641113,0.1401991403209471,1.7441923428526267,13.132906199134595,11.191162327579846,15.018911767349215,overall warnings,
2021-02-28,4.272444789968442,3.616418196896389,4.93606799794817,0.624264409059957,-0.14931515939741438,1.4442979086600773,14.033047044984649,12.134957107758654,15.931905548229212,overall warnings,
2021-03-01,4.409126581614448,3.7427396578183716,5.060764345420529,-0.23535120964739753,-1.0023821159343091,0.562647238226233,14.033183254035684,12.0371049237127,15.897006417534923,overall warnings,
2021-03-02,4.789121125677034,4.078364191446357,5.480329733270534,-0.7162060843792126,-1.477095395921362,0.08997516480755016,14.369909069153849,12.442366349871845,16.23406860867866,overall warnings,
2021-03-03,4.627876332285689,3.9382831691935776,5.3138846269932145,-0.9630560550485177,-1.7432202461662227,-0.18676612707234627,14.524497084034458,12.624997865153025,16.375635829800952,overall warnings,
2021-03-04,4.950190310186038,4.26207661715147,5.6351079691136,-0.5830673282817285,-1.3694116374160994,0.2199505642943178,14.33168121062276,12.528550888477557,16.188944909299288,overall warnings,
2021-03-05,3.5906612190569245,2.941588790467465,4.259757925425514,-0.9167228030194332,-1.6854926173486586,-0.15396700418553544,14.899860126779188,12.643082502065033,17.098961585514527,overall warnings,
2021-03-06,4.62840933439551,3.977746651035844,5.258073800865692,-0.2967650436670374,-1.1072779562270563,0.45332976605698544,13.569009192062465,11.775340287194128,15.391159961362792,overall warnings,
2021-03-07,5.20813867208181,4.517403135901763,5.952560479412974,-0.4604354438056904,-1.242851361138673,0.27097780896191326,13.519305834077683,11.755489866419548,15.287688874330499,overall warnings,
2021-03-08,3.9735692448711584,3.316751833550204,4.613243850365814,-0.417841416639513,-1.1649779854578957,0.33443465619981444,14.625643227525373,12.44084141510079,16.81568269350606,overall warnings,
2021-03-09,3.8729183971231573,3.231667576320284,4.516063968612235,-0.4399652761571383,-1.2195219534387038,0.370302284264719,13.071792569168789,11.117440427316158,15.097169483749203,overall warnings,
2021-03-10,4.944306621780166,4.214723811034104,5.672422120946945,-0.5521759861208342,-1.3342471889487175,0.19306542221438108,13.977664384446996,12.070394001443393,15.881805267651925,overall warnings,
2021-03-11,5.128373471883437,4.391378759876443,5.798904929033793,0.0354864098066526,-0.7688219121656069,0.8346234335654537,13.942327620736254,12.11811913830608,15.589364346816494,overall warnings,
2021-03-12,5.492556349349624,4.721295734914374,6.222784518183636,-0.08594745975813187,-0.8876375578716337,0.7226504607271742,14.142499570336897,12.355728712828263,15.865437537348805,overall warnings,
2021-03-13,5.765496637584297,4.972092954880036,6.526430448374467,-0.6008192807089681,-1.403557180937751,0.16326697983852576,13.854197856445214,12.07937649863456,15.49537805128414,overall warnings,
2021-03-14,2.9376508421704863,2.304024476154588,3.589805391251816,-0.20470026835390626,-1.0113190139924506,0.593346732934372,13.840472143573031,11.416777186203293,16.168035878925153,overall warnings,
2021-03-15,4.917937970352844,4.216451626784608,5.628648517945273,0.06126842796204122,-0.7511714588822986,0.8105510896094964,13.446411253310103,11.815035127063894,15.185645612329006,overall warnings,
2021-03-16,5.264618106536658,4.493848940866978,6.016163808363513,-0.018903298833672054,-0.8249443363848137,0.7753767458750384,14.227047764940288,12.338911780263386,16.04231793367353,overall warnings,
2021-03-17,5.448013109416267,4.725002872626111,6.1811201875695945,-1.2887913063924739,-2.0610502242036977,-0.5399220722868039,13.689450556411515,12.015841866996514,15.458867646275758,overall warnings,
2021-03-18,4.224708863765407,3.54222499454146,4.847410595949002,-1.3211969856300012,-2.1689832153038346,-0.5560951377034427,13.063237881639186,11.200877510087444,14.973844657251089,overall warnings,
2021-03-19,4.701302147428281,3.9885736644681726,5.406776190418196,-0.40914777505194716,-1.256583222767328,0.37150590086458135,12.757749390608865,10.987092873089756,14.582287989052933,overall warnings,
2021-03-20,5.469391869279049,4.741828248582693,6.280788967282731,0.5773532293850246,-0.22675048007367382,1.3651927080413024,14.76852256000906,12.882542587717497,16.727519729019722,overall warnings,
2021-03-21,5.884932123183932,5.15687951496323,6.607171427351874,-0.0017210951761102045,-0.7886149456014615,0.7971619682974452,13.002545384553384,11.401269060035203,14.438461600909825,overall warnings,
2021-03-22,5.931401513044792,5.143223444160578,6.685033677055439,-0.8778519592748668,-1.717595938678487,-0.04762903995532487,14.592083653690748,12.665943352540376,16.440633250891032,overall warnings,
2021-03-23,6.4480156801146045,5.70390983354149,7.2070709224298675,-0.534175684512892,-1.3222243940136393,0.28693493111052726,13.478764354048273,11.965711676876197,14.939541699489112,overall warnings,
2021-03-24,6.858197087241114,6.04284709145686,7.68622647010005,-1.8391357847559173,-2.6251734660358625,-1.0317341617387525,14.518092414278584,12.826318216088382,16.108986529351466,overall warnings,
2021-03-25,5.712659428725136,4.970175920034129,6.478439749115052,-1.2130579519983669,-2.010837304200382,-0.4365639775486584,13.022018711001365,11.32642809147435,14.666322072619494,overall warnings,
2021-03-26,6.897093460419592,6.102054806776453,7.710145654219088,-1.2185361385178846,-2.0431455192425623,-0.4446981832553505,13.206417237358085,11.697182364157557,14.687179235680768,overall warnings,
2021-03-27,7.730219037536861,6.899425996489436,8.604901673591565,-1.5677734362088427,-2.3965587666739308,-0.7543607871404323,13.473828146710819,12.015816657843095,14.839790520754127,overall warnings,
2021-03-28,7.949976970929879,7.145366150895577,8.796376257807967,-1.9928969062749093,-2.7754818335114684,-1.2055754592979548,13.056545190401682,11.760703868965697,14.432936728191622,overall warnings,
2021-03-29,8.014028227694691,7.171007753938132,8.888988913068792,-1.2457225112314365,-2.058071330079434,-0.4616722079037015,13.64921733755091,12.236826820762305,15.093713652937765,overall warnings,
2021-03-30,8.072381097720665,7.254993991025032,8.91494464768317,-1.2656107014005231,-2.050033572132564,-0.49609930599137664,13.763576325675782,12.365321699912151,15.15125362668261,overall warnings,
2021-03-31,8.828401061768808,7.95534835397136,9.697207619105864,-2.7036750317452114,-3.4623802809732815,-1.8957820031383197,13.81120962945483,12.476410581699602,15.147290507275152,overall warnings,
2021-04-01,NA,NA,NA,NA,NA,NA,NA,NA,NA,overall warnings,NAs in DO.obs; NAs in DO.sat; NAs in temp.water
2021-04-02,NA,NA,NA,NA,NA,NA,NA,NA,NA,overall warnings,NAs in DO.obs; NAs in DO.sat; NAs in temp.water
2021-04-03,NA,NA,NA,NA,NA,NA,NA,NA,NA,overall warnings,NAs in DO.obs; NAs in DO.sat; NAs in temp.water
2021-04-04,NA,NA,NA,NA,NA,NA,NA,NA,NA,overall warnings,NAs in DO.obs; NAs in DO.sat; NAs in temp.water
2021-04-05,NA,NA,NA,NA,NA,NA,NA,NA,NA,overall warnings,NAs in DO.obs; NAs in DO.sat; NAs in temp.water
2021-04-06,NA,NA,NA,NA,NA,NA,NA,NA,NA,overall warnings,NAs in DO.obs; NAs in DO.sat; NAs in temp.water
2021-04-07,7.305981842649066,6.485687018166346,8.199752108290424,-2.179664297447039,-3.0132868492424114,-1.3684755148186503,12.083345545438078,10.793938313542277,13.457233323196016,overall warnings,
2021-04-08,7.359137476265577,6.534882576569466,8.204287887303419,-1.8965589097259836,-2.6898217504766544,-1.1053026196828233,12.002997515867126,10.670898670138612,13.305761256138773,overall warnings,
2021-04-09,7.643805835232239,6.78929439084827,8.460746797020931,-2.581809116878821,-3.423263932389301,-1.7608828853417435,11.810011472609117,10.521223509158249,13.07687778089678,overall warnings,
2021-04-10,7.779956857780473,6.9340618713862705,8.623489944200148,-2.340620398473696,-3.169615427430831,-1.528711445119826,11.98698545176456,10.675453974845055,13.188488828369456,overall warnings,
2021-04-11,7.870929695806266,7.003904630791864,8.717355651054675,-2.9896375919430174,-3.808166323384024,-2.15324204238169,11.998018974008767,10.663370483904584,13.23119439170754,overall warnings,
2021-04-12,8.063036340029596,7.2357170929924814,8.885649796068723,-3.270453813095033,-4.06061628453676,-2.4535943339728292,12.082902342135899,10.857493994877736,13.321422987805168,overall warnings,
2021-04-13,7.873209091640167,6.9512370649843085,8.769844283068748,-3.029234965875441,-3.897629862626549,-2.2004221417333,12.41169403129971,11.040142988164055,13.728732312172012,overall warnings,
2021-04-14,7.977844286429544,7.166691273841947,8.873273255211915,-2.94706747983777,-3.7834689151253182,-2.1405017469192025,12.004713106800848,10.766694798751804,13.256103098459386,overall warnings,
2021-04-15,8.377349498708735,7.583467388700122,9.193689154174498,-3.1583961151495936,-3.994301432422277,-2.3610486668347654,11.918757106019093,10.736102263297823,13.087881247532653,overall warnings,
2021-04-16,8.485521153834547,7.688409259060876,9.38364059044048,-3.290265814876525,-4.136577994126907,-2.491205967950356,11.578614962040515,10.434058156553217,12.760972490436302,overall warnings,
2021-04-17,8.774734997897237,7.977459033025936,9.558957173058065,-3.325150287117413,-4.099913635846469,-2.5324219712116034,11.674758658085615,10.58407083430646,12.738365260234033,overall warnings,
2021-04-18,9.25587868900351,8.351636022717853,10.205424974465778,-3.9516922478504144,-4.838144541902697,-3.1263964279117022,11.684595328698727,10.533356110243874,12.87892225894573,overall warnings,
2021-04-19,8.538787518271223,7.713204987802899,9.428727901733845,-3.5338342363495254,-4.379814330296363,-2.702133420507118,11.15332602460984,10.124540341699996,12.334719697459416,overall warnings,
2021-04-20,6.462920381123576,5.628973445277595,7.293285750879428,-2.7857623294942524,-3.587479313832514,-1.912779533066179,11.3264124139689,9.875142116195242,12.71891042717488,overall warnings,
2021-04-21,8.200833389096593,7.28825401416559,9.086631931754624,-3.9863827867364288,-4.8293682450019055,-3.1248028203880094,11.575458131178845,10.307254623632167,12.852375686612667,overall warnings,
2021-04-22,8.246308105616492,7.339163975801341,9.114399849333624,-4.142578872495896,-5.067974859150939,-3.2460683381966398,11.440875635479049,10.22811514313819,12.643832358446785,overall warnings,
2021-04-23,8.492788816629432,7.574207663278104,9.395948963086807,-4.373557540078286,-5.254261747558608,-3.5016941625111144,11.79050319178523,10.502676142234183,13.123656882057956,overall warnings,
2021-04-24,5.847324877787915,5.095592603073217,6.622044880778184,-3.5769240306025614,-4.4317993220331555,-2.718831249817584,10.993254949634588,9.553591053192674,12.460941161978583,overall warnings,
2021-04-25,4.526680379984992,3.82003874529913,5.26110143270716,-2.3050375398686542,-3.1937181574815594,-1.4394316361519637,9.771309611369201,8.25898804099429,11.309598697814874,overall warnings,
2021-04-26,6.95642081309399,6.078779246482479,7.892292193750494,-2.5932943930754435,-3.4207851194959997,-1.7210559948828783,12.887262139767383,11.252050478975747,14.541020686715203,overall warnings,
2021-04-27,8.038804320411227,7.165454013807464,8.985426747810543,-3.2099591346748135,-4.069361882297349,-2.3672060575575258,11.595427001904476,10.374871371033475,12.904005570397256,overall warnings,
2021-04-28,8.829501137113215,7.88696725653018,9.768641741004378,-3.778498001364963,-4.610328053227087,-2.949439077647791,11.797603002385847,10.56635494421176,12.998438356288156,overall warnings,
2021-04-29,9.145716665152179,8.170633351798337,10.045906614960767,-4.451809558992933,-5.2744968476807506,-3.573694268009414,11.666018283756838,10.527448602446606,12.817473757121897,overall warnings,
2021-04-30,8.718426541473402,7.798776057808103,9.663457127079816,-4.588632994980245,-5.44091624001802,-3.7123976260644587,11.78024228223266,10.520680074752967,13.071093200375199,overall warnings,
2021-05-01,6.680059624313021,5.822606998472412,7.551200153522179,-4.445662015359023,-5.33241379372657,-3.544702760469275,10.089632240237489,8.769235513443178,11.369746693380552,overall warnings,
2021-05-02,8.220730340146059,7.287153998975008,9.159709961297482,-4.5912835070044355,-5.497353645790676,-3.683886628268669,11.333296610183213,10.045493005227296,12.711540639400432,overall warnings,
2021-05-03,8.318188365673572,7.44926640206864,9.20383672468777,-4.612840478225987,-5.4788090268970535,-3.7442401216452654,11.80547397653999,10.566018434780933,13.00717148274265,overall warnings,
2021-05-04,8.89141960141541,7.977737626470569,9.84202332572808,-5.653790253470136,-6.557590416521677,-4.7576568210289425,11.724496983500341,10.443282717789927,12.970696187270102,overall warnings,
2021-05-05,9.227059656201432,8.213718979595546,10.175822915436648,-6.521379810568421,-7.398286513503759,-5.567260111675986,11.769225993848782,10.449055901647283,12.983129608236696,overall warnings,
2021-05-06,8.240312092454406,7.345393905881987,9.113586813707261,-5.0403367833207415,-5.914007317423242,-4.0884649462693545,11.027857389432357,9.873824628632194,12.226309832440336,overall warnings,
2021-05-07,8.320321307632511,7.422487275507662,9.274477023572143,-4.034049494821349,-4.962811755674104,-3.146616971911293,11.543570009475355,10.28142634331788,12.831881774628258,overall warnings,
2021-05-08,8.595104260078774,7.629755263898462,9.61575094126386,-4.244196682582263,-5.147579310109937,-3.3522161679682156,12.027739318150378,10.706405329722294,13.422484524335774,overall warnings,
2021-05-09,8.85991462861383,7.967421612512318,9.781987313548438,-5.032216079842512,-5.89995693017241,-4.1906921445779535,11.274772299692193,10.05446825963494,12.49026447338889,overall warnings,
2021-05-10,9.583871481940728,8.6163799271017,10.522143093134337,-5.713216964625101,-6.603563247596167,-4.787587004398088,11.446611757028872,10.313328295328896,12.577747796810364,overall warnings,
2021-05-11,10.369254245310039,9.401970434330533,11.419469625865261,-6.824922976892047,-7.7904846930985885,-5.882751717779459,11.593954660881215,10.458380408482196,12.757278581746476,overall warnings,
2021-05-12,11.100427439954938,10.112958202436085,12.096218532179664,-7.238026783194576,-8.197828936480427,-6.276099858715056,11.869601788277654,10.785069578697222,12.960378408044821,overall warnings,
2021-05-13,11.606678114310938,10.581855543128627,12.680144881128795,-7.632784011657895,-8.640833831247225,-6.6647340811286195,11.70165644837249,10.647028954979156,12.823437763024097,overall warnings,
2021-05-14,12.221858122892186,11.075001918066318,13.427106863588437,-8.33437825818228,-9.410078691888407,-7.3231608703330755,12.640201816938315,11.469544770755327,13.882645991320691,overall warnings,
2021-05-15,11.283908211058336,10.303996074935514,12.299328863740497,-7.628902680765299,-8.581126683981614,-6.673261459194345,11.690698662893658,10.651586813621595,12.786410724589622,overall warnings,
2021-05-16,11.346282114089446,10.285300998439574,12.384319821228141,-7.356840550718049,-8.333522080490745,-6.307486435621143,11.880936823566214,10.766673319614279,12.982802758686638,overall warnings,
2021-05-17,11.040898140200746,10.076429606939795,12.121023734568125,-6.726086951291963,-7.6826409617298,-5.796587214768831,11.547193415538498,10.461641621690982,12.624952126570932,overall warnings,
2021-05-18,11.31655938170765,10.321140560704393,12.390898138249199,-6.586838273918226,-7.519537437354565,-5.661392521410133,11.5850037070844,10.533997208527781,12.664607862773549,overall warnings,
2021-05-19,10.992501346131377,9.86893283721563,12.171870068692844,-6.744774744868302,-7.776934512746583,-5.736930482329282,14.589099953989848,13.125877439967635,16.14657000972627,overall warnings,
2021-05-20,7.499158388808551,6.566079393515086,8.398674851931416,-3.219938118217288,-4.123770336065214,-2.3287530017908256,11.657287132511147,10.195394178508435,13.077286445133904,overall warnings,
2021-05-21,9.311045406012518,8.282880212116646,10.406714697981874,-4.072457220199192,-5.004699054138787,-3.15089624559335,12.933493996238674,11.465550811747402,14.375045609859518,overall warnings,
2021-05-22,10.7019079542746,9.578547715004527,11.85652973878683,-5.247355254171767,-6.10105003690564,-4.332331589005101,13.255272385216273,11.891785475554416,14.70740190024889,overall warnings,
2021-05-23,11.952157245799672,10.914501150441353,12.956742800139681,-6.269553449579981,-7.160137903407859,-5.375637354555077,11.841232695549408,10.807650392767357,12.866444816430073,overall warnings,
2021-05-24,13.060603389390655,11.856867878312043,14.27813147597065,-7.537408629425492,-8.537749627412882,-6.5648136327427205,13.324140155476597,12.09546823075572,14.573132862737433,overall warnings,
2021-05-25,11.921413023616147,10.89964564544025,12.943776158324114,-6.495027126309932,-7.398600351298537,-5.560630112787487,11.273182289883668,10.297124169357689,12.34973742171603,overall warnings,
2021-05-26,13.07247122148659,12.033713942225532,14.124265605241932,-7.207614613683544,-8.1638942722071,-6.3020473978066835,11.747329004300159,10.798337943712196,12.713241237211628,overall warnings,
2021-05-27,10.882747239946642,9.9388845900371,11.81494278857234,-5.673283559861911,-6.54272347655246,-4.737790083646106,10.353268919370386,9.431424299579193,11.323741470903911,overall warnings,
2021-05-28,13.644778695118468,12.446468779498506,14.742069216665131,-8.330881676540388,-9.339864887645577,-7.345839306068717,11.802210336123416,10.768790186497665,12.775325309835104,overall warnings,
2021-05-29,13.58047450841369,12.535753592055443,14.610270537839945,-8.960496232936952,-9.943751214873508,-7.942845292373837,11.232787732741947,10.327219648817703,12.116639549882025,overall warnings,
2021-05-30,13.94656999701525,12.759003961786663,15.06739050252214,-9.40961604765273,-10.433888612675,-8.36989203966528,11.253876449949484,10.331573694882469,12.167160741008203,overall warnings,
2021-05-31,14.550553419126153,13.46207137070388,15.656853959441689,-10.54644062767646,-11.573084248107941,-9.468332226013574,11.882332096802763,10.95118083896181,12.822530789321513,overall warnings,
2021-06-01,14.26822084062352,13.128449531404774,15.404468276676342,-11.232360233736198,-12.303658514753726,-10.102501368764969,11.001508637614396,10.067447256196864,11.920681289515345,overall warnings,
2021-06-02,14.248221917736043,13.186673752576267,15.381530668501636,-11.780363512005707,-12.942997207094498,-10.689516391207341,10.569762301286158,9.721134918616245,11.452897252724846,overall warnings,
2021-06-03,13.63086192527378,12.69928564499282,14.772429988454071,-11.399399215698015,-12.543064754040742,-10.352258674791814,10.104918474466455,9.32273071139843,10.95430304577077,overall warnings,
2021-06-04,13.225188524877623,12.229818537104048,14.37131275643426,-10.62674686446745,-11.774543287271023,-9.591047527044989,9.908376606744056,9.07198672937186,10.803519002985668,overall warnings,
2021-06-05,12.441147277387193,11.432515579138624,13.472558290228427,-9.524442062050795,-10.574911694503324,-8.480021546403542,9.751427447231567,8.857637184880526,10.602262216287293,overall warnings,
2021-06-06,12.012438831583857,10.90028999002056,13.067657262003783,-8.836807773561565,-9.915364570005345,-7.699366693967319,10.187758688974856,9.172908755118973,11.123423670704987,overall warnings,
2021-06-07,11.384536111699667,10.238093091645707,12.572973881179678,-8.32530138756346,-9.41933348221633,-7.227318212854935,12.097346030663834,10.842596586724566,13.389824818245218,overall warnings,
2021-06-08,9.738981013520768,8.814098507310225,10.618134785634174,-5.884557745424667,-6.800998117361524,-4.982605441999278,8.828052204727813,7.895384643810968,9.71084288073638,overall warnings,
2021-06-09,8.554783002239422,7.3200976932108075,9.80538013179435,-6.229312452144408,-7.404923076290055,-5.097332214494087,12.057417239334528,10.293386265827854,13.827129541906336,overall warnings,
2021-06-10,10.808390418221293,9.741777884762696,11.828375079023512,-6.347447319801654,-7.2761516379919655,-5.407700974042128,9.492645526009127,8.498960555939638,10.508994310403173,overall warnings,
2021-06-11,6.875042857535089,5.928342124510997,7.782178065701595,-5.643619594796785,-6.64185861132543,-4.580638613756637,10.91827863551646,9.388724197061036,12.449113921960798,overall warnings,
2021-06-12,12.18137216475812,11.015286736955213,13.355984022335827,-8.437852123140965,-9.438379058409764,-7.416339998622486,12.329734487411152,11.089958089750686,13.589143366285079,overall warnings,
2021-06-13,11.3775580301937,10.301767068963228,12.475849512439144,-8.741393154686582,-9.75393735416884,-7.674842271460511,9.92607135651025,8.89720236326314,11.018029466001867,overall warnings,
2021-06-14,10.98655790997931,10.058408200685669,11.895970643729438,-7.556811999923483,-8.498799852995122,-6.602389086500212,8.25839780453379,7.495045877861388,9.025325240857224,overall warnings,
2021-06-15,11.176882588351688,10.24406613714539,12.10947440107307,-7.135715633260646,-8.013252004602448,-6.194884710767898,8.180963950435686,7.410674602450908,8.950502543945001,overall warnings,
2021-06-16,12.408081232122896,11.409025830272157,13.436407088878553,-8.617446745521324,-9.63302827729298,-7.64024800942273,8.602014361327404,7.813960242415613,9.391117080193824,overall warnings,
2021-06-17,13.300370772250268,12.179828228545265,14.252735156303237,-9.936420108395456,-10.857042408342176,-8.835862141017483,8.51657785835206,7.74158441002397,9.225262924198953,overall warnings,
2021-06-18,13.456976306471763,12.45079760547059,14.469485075807018,-10.559029331486913,-11.581099203907806,-9.51895206169354,8.166551219606227,7.469579731085126,8.833774508727885,overall warnings,
2021-06-19,13.766118067273794,12.736670727764295,14.76824853254745,-11.207325910382435,-12.273010586325173,-10.17987110924664,8.089026493645367,7.424653810972699,8.778371143261971,overall warnings,
2021-06-20,13.646723523606155,12.703025051111634,14.659463935122524,-11.360378258706547,-12.415309214865706,-10.35167489507799,7.72555260735928,7.085020956511567,8.391953450011346,overall warnings,
2021-06-21,13.5416061327005,12.548548083522533,14.522318435500495,-11.054831187840328,-12.049194685420439,-10.002930276568776,7.479398937322825,6.867868254937161,8.125463154372934,overall warnings,
2021-06-22,13.615753871139765,12.491845710078705,14.662329707492368,-11.96843253428358,-13.042592788544699,-10.819077521255407,8.185356694717182,7.42582452351759,8.884070457734397,overall warnings,
2021-06-23,13.668102551978725,12.693930216791813,14.725810125045449,-11.36928305913911,-12.475537871101194,-10.330744479934392,8.100617537770182,7.419344472243248,8.824279938280487,overall warnings,
2021-06-24,13.819084452678327,12.784639906351858,14.84930489959897,-11.425273081002572,-12.515144294783068,-10.327252115876762,7.925665929869995,7.264450310440457,8.593655198234513,overall warnings,
2021-06-25,14.18759175177789,13.13374577186333,15.238739914978625,-12.09016478125181,-13.178704576331265,-11.035954068014721,8.08931935600685,7.424150929952367,8.772276507707904,overall warnings,
2021-06-26,14.090756664453183,13.090293851645727,15.102440719080017,-12.391307949500785,-13.489311846274312,-11.343010325112745,7.892783177849724,7.228648319697629,8.52252801399809,overall warnings,
2021-06-27,14.13104767324627,13.094340012968342,15.130199238568647,-13.396599176120326,-14.494157379691927,-12.253938186472123,8.038114752099148,7.354591265421451,8.680942416793643,overall warnings,
2021-06-28,13.577014578791417,12.508726952616914,14.568955311782636,-12.78451161825456,-13.913276533292738,-11.591963009197624,7.556938524322726,6.890452639915639,8.17803626475181,overall warnings,
2021-06-29,13.290923447338423,12.272805261376135,14.250156416049403,-12.24846900574419,-13.333455118052132,-11.14522977119315,7.560485959208307,6.9222052537545355,8.172796691163079,overall warnings,
2021-06-30,13.69368545594126,12.68944769433406,14.698390109926725,-13.044134769987414,-14.104936146279522,-11.875489097210826,7.973713010621376,7.3255562815238555,8.677141894813243,overall warnings,
2021-07-01,13.898463903525705,12.871366314950174,14.942580575116388,-13.487865500289338,-14.720507562426103,-12.376884500466256,7.951772684829719,7.272628643806062,8.64427289088392,overall warnings,
2021-07-02,14.445411438435666,13.364772772505408,15.551347841290715,-14.153536850099098,-15.399893135794425,-12.944514623880568,7.739523342360343,7.100722468073271,8.390896459509369,overall warnings,
2021-07-03,13.701599813225663,12.671713627643802,14.77043690522259,-13.604776883276596,-14.805692180622183,-12.3537829525996,7.463749050371215,6.8036576949456125,8.098085244124647,overall warnings,
2021-07-04,13.140917517525835,12.181738936486818,14.190274840883655,-12.799868477955453,-13.98858430773732,-11.665645116862006,7.382604581043584,6.7552142810699936,8.026757483188135,overall warnings,
2021-07-05,13.119628340355252,12.122984497828183,14.140225999770577,-12.366641903360879,-13.423941219623885,-11.205773369287042,7.51925966752504,6.877628837774695,8.170202927118247,overall warnings,
2021-07-06,12.778566730074855,11.768213885886741,13.773954596341452,-11.991160584282694,-13.149513906292299,-10.875441482360273,7.5513798973262585,6.89259663851155,8.22831701157078,overall warnings,
2021-07-07,12.292853075580613,11.321282986797033,13.311158595093648,-12.407252380172544,-13.637496251984137,-11.246819459109767,7.705347492608629,7.029100154788139,8.429310459937463,overall warnings,
2021-07-08,11.565185106099001,10.67900329838735,12.54591656779419,-11.426315971652645,-12.569423256017078,-10.367365676189683,7.10480309836195,6.431430615868448,7.781957896353301,overall warnings,
2021-07-09,11.429647836801157,10.343338886865643,12.450494186151392,-11.355816773684207,-12.498425153382195,-10.11079024803855,7.353010644938809,6.586286573618397,8.106998626216239,overall warnings,
2021-07-10,11.490756468760253,10.57321246971659,12.42319459227653,-11.696725584478937,-12.805477872268773,-10.617010138068471,7.280205533163864,6.643513123705064,7.951037461872457,overall warnings,
2021-07-11,11.720414647289207,10.753008773138951,12.713006784293956,-12.415974373637479,-13.623507698065433,-11.252591255771117,7.621068168395841,6.886117340049507,8.339005368524202,overall warnings,
2021-07-12,11.335585895824895,10.40289249082354,12.376883709087544,-11.918989680059212,-13.164932440753834,-10.777142218973331,7.461691778849669,6.732953964410605,8.194615831796973,overall warnings,
2021-07-13,10.959948788736941,10.000893775086883,11.893653573571175,-11.60078339493177,-12.732552758975217,-10.418296016136052,7.365383230568128,6.615534261868675,8.107924096815884,overall warnings,
2021-07-14,11.312720719537493,10.347112271540162,12.309028487889421,-11.655562466285177,-12.876058068277128,-10.44819077670338,7.427884022411028,6.7015337038580025,8.16903766735464,overall warnings,
2021-07-15,11.265413400190383,10.304101314946823,12.256585837027613,-11.641959472824805,-12.841647973449149,-10.464521269715236,7.400712343326229,6.682388999656929,8.129189985584812,overall warnings,
2021-07-16,11.423703860294383,10.403597501722546,12.483351351701714,-11.74889763676139,-12.987078628263067,-10.572004830921351,7.3199425985354765,6.5813543761948905,8.080762679599877,overall warnings,
2021-07-17,11.711762301811543,10.707805536428014,12.670153111563534,-11.395755359009291,-12.52481287296924,-10.193389428207245,7.459964593590877,6.743891180415672,8.153946699236176,overall warnings,
2021-07-18,12.180643137663466,11.17188521175081,13.207667049639703,-11.924769769617331,-13.116396814544883,-10.768806817766157,7.587587576475693,6.88218082349239,8.30936274678611,overall warnings,
2021-07-19,12.108776431742585,11.153643071942119,13.118578256051146,-11.780427224912975,-12.936778335413726,-10.699691691997582,7.281987187275455,6.62447080649589,7.987971194301144,overall warnings,
2021-07-20,11.896718558365446,10.918879017431498,12.850235596413366,-11.12386560490955,-12.259534851528873,-10.029019021023336,7.243168293786408,6.543102430440977,7.9254771816627825,overall warnings,
2021-07-21,12.513245886679256,11.510597350540872,13.456492452787407,-11.727451083543814,-12.774925396680894,-10.603845688761927,7.754294170931256,7.0342877716144985,8.399813315906387,overall warnings,
2021-07-22,12.506821474234574,11.53883186311573,13.460650269201478,-10.96111825975525,-11.980389504288324,-9.906902811008226,7.5224461021592335,6.86703177347727,8.203861331936427,overall warnings,
2021-07-23,12.356333500189956,11.332929906508648,13.262667189081606,-11.174042780851682,-12.227010233192411,-10.065631596652011,7.678260312182426,6.978307845310006,8.35120581448975,overall warnings,
2021-07-24,12.505857023914551,11.455653036343474,13.487731461978605,-11.743155159630046,-12.833095565011023,-10.575700478588564,7.944656479077929,7.18548212207709,8.654627472491697,overall warnings,
2021-07-25,10.947913829171643,10.024417052310076,11.903527052027211,-11.499259530039716,-12.690320533957898,-10.341624509248325,7.677984937086778,6.962884930510427,8.437949024279634,overall warnings,
2021-07-26,11.288140991044209,10.305235921410512,12.275055182341056,-11.186482226959104,-12.361798545327298,-10.063143275190132,7.693962644101505,6.94419318152303,8.453970864350504,overall warnings,
2021-07-27,2.961914345919512,2.350922083518475,3.5439750706344277,-4.0572740483101635,-5.081222525739011,-2.907140589482656,3.410250736206831,2.326452019588607,4.419941871879619,overall warnings,
2021-07-28,10.999746826491345,9.950184639786578,12.053128919068545,-8.736230473665913,-9.794313085858644,-7.703060310665559,8.450641882973914,7.571161797923319,9.352423054956562,overall warnings,
2021-07-29,11.36633734879839,10.387232325099829,12.357894871241484,-11.343881443692997,-12.434807495050471,-10.271417714001146,8.29861953964155,7.51882793487309,9.103318551801182,overall warnings,
2021-07-30,7.6582919993517695,6.539242148170924,8.746119114478683,-8.365150749296799,-9.737004589425993,-6.924389699266363,7.22657544373223,6.176569852020027,8.225838454535324,overall warnings,
2021-07-31,12.050644579336037,10.993533797137657,13.065389633532968,-10.637921461319378,-11.719890111067965,-9.493694799600561,8.659046989511804,7.829702534000119,9.514574892130856,overall warnings,
2021-08-01,10.522573217122964,9.474187163171523,11.571157689485656,-9.49938510224574,-10.620854377927785,-8.370481349923825,8.340580024851002,7.444077541669804,9.261589115482797,overall warnings,
2021-08-02,8.32236479125183,7.434152317106241,9.124564828542244,-6.932623432954035,-7.885303936116516,-5.993704716897759,5.9570307357101955,5.2225111022315085,6.6482766482640905,overall warnings,
2021-08-03,9.698142710873658,8.751177248146796,10.65726272049483,-7.426259808890137,-8.432302580589685,-6.433630181042332,8.242069052569157,7.325844648321797,9.147408401874934,overall warnings,
2021-08-04,11.635212103603518,10.465081048497678,12.832536910503762,-9.195948809553219,-10.37436574098108,-8.034715841321091,10.496744751667848,9.328993966687317,11.63163798137907,overall warnings,
2021-08-05,11.706655370188969,10.72773998570232,12.792333990683012,-7.94769007107387,-8.922886859614053,-7.015618692488683,8.83010214371353,8.008237488695109,9.748036552188845,overall warnings,
2021-08-06,12.386171802159891,11.419270461161592,13.322472782701887,-9.957220204310904,-10.896178303146508,-8.98165137301314,8.3831520557123,7.6401398350548835,9.110147477411953,overall warnings,
2021-08-07,13.578326999680343,12.604973273499716,14.577925724901348,-10.873886837909815,-11.849093171573172,-9.876748125465541,8.454714122174796,7.782558787190499,9.157583530356607,overall warnings,
2021-08-08,12.138070429491181,11.185318975933086,13.062310594617829,-10.572874411280052,-11.571024055141683,-9.55061370658139,7.265171115142504,6.612356102144502,7.920832618019864,overall warnings,
2021-08-09,10.816886608210597,9.904592657643546,11.698546947625879,-9.548687647522932,-10.592555397043515,-8.513556105287782,7.291317209206857,6.587225771659925,8.006963443141068,overall warnings,
2021-08-10,13.485899279250956,12.512480276290743,14.575893806014584,-11.439726865295867,-12.557481555100571,-10.403747473523167,9.131603146698247,8.402511076550333,9.961691728970662,overall warnings,
2021-08-11,12.670565998179939,11.688488833705836,13.689676411783784,-10.903571516999909,-11.96371028135453,-9.901037265054002,8.452751953683407,7.676657235540349,9.24170426311623,overall warnings,
2021-08-12,11.642248157788522,10.723135416953845,12.611548325678694,-9.630416258217743,-10.676429811199371,-8.622781850994231,8.474075456106391,7.7114988712746,9.270426525560666,overall warnings,
2021-08-13,12.939503529390299,11.85561645014294,14.07346742762936,-10.753859397371695,-11.918973130935985,-9.639501948171166,10.140740516398562,9.231945297166726,11.093619334614091,overall warnings,
2021-08-14,13.883603895732234,12.71804445134085,14.983010646795007,-10.989767158118557,-12.044583673716241,-9.907300833691107,10.04661749791363,9.129396563490236,10.958449210671057,overall warnings,
2021-08-15,12.041500204238996,11.117717042256707,13.007100182965235,-9.682023274372511,-10.73015228359154,-8.738034476348174,7.856269146705184,7.15205114390499,8.585351218939442,overall warnings,
2021-08-16,14.226416956015479,13.162912447226033,15.24899796113102,-11.113480279290613,-12.105644938258576,-10.074254237724942,8.654153081512087,7.958509072691041,9.362626960704779,overall warnings,
2021-08-17,13.788706163142262,12.782237546300717,14.770761371544953,-9.656662773753268,-10.59374832509456,-8.681713668762143,8.349431905919648,7.662986443309849,9.039159248376071,overall warnings,
2021-08-18,14.135607539198592,13.147812677866051,15.076202784966174,-8.991267206551445,-9.887086761847224,-8.061097747334948,8.869918463204765,8.19306441927507,9.551201488191483,overall warnings,
2021-08-19,14.973136500047701,13.993445577383639,15.993077123005154,-10.200044920410946,-11.188029250186359,-9.277318807230234,9.306282925468803,8.622025821491581,10.007862868733937,overall warnings,
2021-08-20,15.58185474097765,14.582197196280136,16.549351651514225,-10.923362658156446,-11.85568247949777,-9.970867984693038,9.168733469685309,8.498933724657093,9.819765078925801,overall warnings,
2021-08-21,15.476424818947635,14.414924109226806,16.439311845170423,-10.949907423353949,-11.885840797092401,-9.940611201194493,8.984533076470786,8.294512680686942,9.614163792884796,overall warnings,
2021-08-22,13.948570315151237,13.048567971156507,14.883418479891699,-9.497243285993786,-10.460100102451939,-8.546533953616526,8.585634992512464,7.934308690219926,9.258078858529467,overall warnings,
2021-08-23,12.936962719721901,11.986336382234818,13.862903806477487,-9.359959842116897,-10.26530891575365,-8.407652929197058,8.888522981381474,8.131146312964804,9.619223818014152,overall warnings,
2021-08-24,12.129377435610547,11.31159187761741,12.959394202002887,-8.49523215623761,-9.337213469859318,-7.636062962289408,7.936892172324206,7.281466125365218,8.607408544438963,overall warnings,
2021-08-25,11.094067833843265,10.308290648698382,11.920300352669924,-7.3906232034588335,-8.210524875236308,-6.5458357573614,7.47143312337064,6.78696542364867,8.141570926603837,overall warnings,
2021-08-26,15.193379108699625,14.22848543378356,16.098223106392904,-10.091305675727035,-10.977420196479676,-9.181961828947006,9.629210594857222,8.920471415020417,10.292343989262354,overall warnings,
2021-08-27,15.30619036469151,14.397761257930064,16.30217838269924,-11.20951679887329,-12.14310823601438,-10.30532549927354,8.988701537832952,8.365997098066527,9.64677300575987,overall warnings,
2021-08-28,15.53239423568252,14.548188313592,16.481036310141878,-11.615833695549503,-12.562408702240896,-10.620356155349674,9.543792991260478,8.865714324911846,10.233870941969808,overall warnings,
2021-08-29,13.90379226242724,13.021439055797316,14.75427369989366,-10.419349687777729,-11.324710779202276,-9.49189400096915,8.271430029803433,7.633775771067111,8.849840797152384,overall warnings,
2021-08-30,14.444924229198437,13.487277350199534,15.340310593449352,-10.464254899524363,-11.401721350013478,-9.534011337816485,8.82857314127483,8.149696132244827,9.46581106004721,overall warnings,
2021-08-31,13.900238679626348,12.92725638736834,14.754630151471861,-10.257944702420629,-11.175964925591895,-9.344468810974444,8.609214022768494,7.943097311520196,9.239464503454686,overall warnings,
2021-09-01,13.066068570467166,12.201759067170833,13.928569526650678,-8.956236265323719,-9.81748455347171,-8.110746508829815,8.729388250448789,8.019218388576098,9.401661107540138,overall warnings,
2021-09-02,13.201101064737635,12.321960637825613,14.031559288013575,-8.575343727096367,-9.455214663032681,-7.693989817582808,8.865488661263726,8.190851681383712,9.54802760061471,overall warnings,
2021-09-03,13.01733356231016,12.151143583119067,13.940233654613102,-9.042563814295292,-9.97442566588027,-8.171464890595479,9.912557974782683,9.137439185536714,10.682692753106277,overall warnings,
2021-09-04,10.737977047149984,9.977179318302376,11.51600530246997,-7.913769288645101,-8.737082949662309,-7.049236092165555,8.611939174570956,7.822059090809014,9.357604703789683,overall warnings,
2021-09-05,9.981024824681823,9.082752721646377,10.840917568987928,-7.579789393334139,-8.485435290688141,-6.616984794814977,9.89057810745513,8.867070227708052,10.861738195459065,overall warnings,
2021-09-06,10.7790768013001,9.898967992832114,11.67132148128704,-7.8949490172349375,-8.834029677498009,-7.009587036020028,9.978180151929049,8.98240126719493,10.932041407213866,overall warnings,
2021-09-07,8.262671503933028,7.344594093129831,9.159226353429927,-7.426511620848784,-8.467782861377483,-6.407982110939841,10.617953812371882,9.304598190607424,11.917218728924254,overall warnings,
2021-09-08,9.51460491447269,8.649854526787044,10.33390884553583,-6.695059676883561,-7.569595927507034,-5.77550930336646,8.443269010932454,7.550504015259307,9.320346939539872,overall warnings,
2021-09-09,10.212371708722209,9.139564756232643,11.314567503901985,-8.547231724560312,-9.63415491716647,-7.416198709350934,12.319598373492731,10.927190475582709,13.723505405187776,overall warnings,
2021-09-10,9.613673182668128,8.785574919133472,10.475475195646576,-7.530353589226045,-8.429904234468207,-6.63309080863043,8.987668876605266,8.112223972414341,9.895037089551145,overall warnings,
2021-09-11,11.204495444849105,10.28188425118757,12.110516759161857,-8.618825863193255,-9.539961322815472,-7.7004501199850495,9.765175399720382,8.843010163306404,10.63405436854807,overall warnings,
2021-09-12,11.551508536002485,10.569537384240274,12.436316804392195,-9.287788202794506,-10.229269679048107,-8.257423804454048,9.699877312337142,8.79899528126908,10.517809063309054,overall warnings,
2021-09-13,10.488494170453684,9.646096029240283,11.33314679654768,-7.735668041597944,-8.661609411058572,-6.8760311031767305,9.002989946150862,8.161673159721436,9.794042566519579,overall warnings,
2021-09-14,10.775347350879844,9.882290319056112,11.694874280237675,-7.560966170516274,-8.472457175005522,-6.6891069680402495,9.34131561810711,8.469317738380296,10.245505954346434,overall warnings,
2021-09-15,10.729361885804996,9.861475007597102,11.601048207115243,-7.819472006490952,-8.71767864026372,-6.897347842356577,9.464887457769175,8.621170722167186,10.353713439075557,overall warnings,
2021-09-16,10.742312581469644,9.922635630436206,11.531097980618904,-7.608107075989957,-8.4739830515264991,-6.753653603089022,9.416377931179204,8.583778788269228,10.18058904023319,overall warnings,
2021-09-17,8.986091444167517,8.188863974948976,9.756233735220965,-6.301071834604439,-7.185343011683179,-5.40252449295722,8.518215992785024,7.632505414808309,9.392308023921913,overall warnings,
2021-09-18,6.310640968711851,5.6754516206286985,6.9447639334376055,-5.609708694773353,-6.4494424890892255,-4.75021045659435,7.000733979036422,6.109911706327052,7.940839202195512,overall warnings,
2021-09-19,9.144567996566192,8.319749471814406,9.937932785123685,-5.588900452853748,-6.428030646121417,-4.788552002788606,9.639471980201957,8.680981549067099,10.606853347523145,overall warnings,
2021-09-20,10.04958439635544,9.178650148302188,10.903526653723281,-6.420743728406852,-7.262321502829894,-5.538377560184317,10.552784657565489,9.57959377864284,11.546099677735167,overall warnings,
2021-09-21,9.953351477280577,9.086525453591738,10.788023349830741,-6.62785241824553,-7.501187272885686,-5.779181525293927,9.723938752503084,8.786201069711781,10.613858934408361,overall warnings,
2021-09-22,10.803920410407187,9.965787015045393,11.666138588040718,-7.141645436030652,-8.025211170456902,-6.2918584506248445,10.183314409854052,9.254501165845477,11.097725191757842,overall warnings,
2021-09-23,10.654308987425916,9.784153966876367,11.448645209622674,-7.5098618014116205,-8.361281046571369,-6.6152724150274445,10.042086817180829,9.084999051493782,10.90204001736432,overall warnings,
2021-09-24,10.705695587961909,9.870007793546055,11.529674886010417,-7.516797102208622,-8.350425558159,-6.659864166643763,9.574244578244002,8.706732655719941,10.443221735407322,overall warnings,
2021-09-25,10.965772029727525,10.201521387533438,11.806223319974716,-7.735225548079919,-8.579000730158008,-6.930664792958312,9.929738364532007,9.077038015119477,10.77300861964669,overall warnings,
2021-09-26,10.912237140487381,10.050523758119306,11.823987048948021,-7.887433966249382,-8.821998749889916,-6.980460493503386,10.36616968803903,9.439151752692306,11.345374281799415,overall warnings,
2021-09-27,5.24853313855253,4.575245294282116,5.955564214248393,-5.023468512528193,-6.055073014753699,-4.088951708702243,8.335958462605394,7.003593620917148,9.65529789188042,overall warnings,
2021-09-28,9.332323253622405,8.521859352149102,10.168302216887861,-5.0855242548119906,-5.9194596910030635,-4.264241045527188,10.426927451435409,9.416631519301138,11.53578694050617,overall warnings,
2021-09-29,9.753998899861294,8.86713210722603,10.58227633039808,-5.8474337976701865,-6.692392056523394,-5.0043357459453865,11.055357985916018,9.992733670960023,12.076582770942444,overall warnings,
2021-09-30,9.885587270403624,9.047004324508357,10.71932616617201,-6.165330426434263,-7.015821615360713,-5.321296831302984,10.574409528632827,9.525371218051294,11.583482275495115,overall warnings,
2021-10-01,10.237620970161197,9.425379547096739,11.098580281777297,-6.752818583967442,-7.562679635419561,-5.947002477093774,10.766421404285666,9.789280286114133,11.727716166066532,overall warnings,
2021-10-02,10.473035588767559,9.682441576962315,11.301755656530482,-7.089388358188402,-7.934637467368707,-6.241664283005681,10.90965787160577,9.988376802470675,11.900958458623489,overall warnings,
2021-10-03,10.473316221590938,9.637539008364474,11.300616230959477,-7.414007393668429,-8.323746900757472,-6.528662732372882,10.937067984434124,9.994195772340538,11.932987151941793,overall warnings,
2021-10-04,10.542160081130366,9.658721896109878,11.409023096037709,-7.414106849565245,-8.322864828844095,-6.4965185029793675,11.073232968403097,10.01929793332642,12.067116675181573,overall warnings,
2021-10-05,9.59388400779574,8.76955187106362,10.397725209126198,-6.289823756350504,-7.170097962325127,-5.3901336999765475,9.959782936552287,9.027947073342721,10.939310327510945,overall warnings,
2021-10-06,10.017829756434203,9.203305921681231,10.796212091290336,-6.392802848593167,-7.194916268974266,-5.590301312373242,11.412085718415916,10.354003493352748,12.44057108855238,overall warnings,
2021-10-07,9.544082000958568,8.747520774360435,10.356141100647154,-5.92368524068455,-6.792400676197332,-5.08021294182461,10.942306725038534,9.878855041948581,11.955459544660245,overall warnings,
2021-10-08,10.2369269011468,9.38582476284528,11.066591658434309,-5.553243047725159,-6.3955046725368145,-4.706069840126599,12.026421580361342,10.907662537846855,13.096855322433116,overall warnings,
2021-10-09,9.713132296494582,8.891128653157777,10.541994407691101,-5.2416366284322775,-6.060461555632636,-4.45543359076896,11.609134749540775,10.527987035165827,12.671075117151995,overall warnings,
2021-10-10,10.146326965116364,9.279248568997719,11.013369754704607,-5.209311139469116,-6.043436057279585,-4.3659761957774865,12.344416922084275,11.152270508461836,13.511842016405087,overall warnings,
2021-10-11,8.946309903184904,8.168354127783237,9.729221873610273,-4.2478082703040725,-5.056398051454264,-3.4538357477750625,11.274715288993503,10.16599767688815,12.4810837468213,overall warnings,
2021-10-12,8.684389033129435,7.95514986613584,9.380973479982265,-4.162595204528252,-4.902452254628606,-3.3642145188097037,10.809386051577452,9.755540518993904,11.842894104921928,overall warnings,
2021-10-13,10.249415598700828,9.358675440929467,11.105539196616123,-4.905704230296743,-5.680911743313093,-4.112402745971069,12.939801535607149,11.725868470330507,14.123594720215438,overall warnings,
2021-10-14,9.383477529046681,8.555098503807693,10.162370289820524,-4.132748959930572,-4.932465257343271,-3.3463091395627487,12.451763122288515,11.2814079718982,13.54562876814123,overall warnings,
2021-10-15,9.157335779107656,8.332211611763231,9.94345450970238,-4.539696886493653,-5.313504627492474,-3.7629425200411792,12.085210248847277,10.916507342666119,13.228135318817523,overall warnings,
2021-10-16,9.482241503667723,8.627052676729361,10.3175531112508,-5.629141214153144,-6.466185842781727,-4.81043974811645,12.176755384274426,11.003263978635916,13.402064198539918,overall warnings,
2021-10-17,7.911481351793032,7.075238407403928,8.717543103042368,-5.615938277614047,-6.493310464187538,-4.753559641373952,12.271734453972217,10.763743341912432,13.694958084545094,overall warnings,
2021-10-18,8.87496182121507,8.072172552786444,9.680666436788055,-4.886913476760401,-5.685350142392948,-4.102716661919421,11.755311415666306,10.608857831202164,12.931293231156797,overall warnings,
2021-10-19,8.305029973451257,7.590035772174762,9.029879774582264,-4.967343375450026,-5.7468472073477495,-4.168215724609811,11.616938273133854,10.399976650385929,12.867816803249928,overall warnings,
2021-10-20,6.363714587009699,5.655223108449093,7.053999939522004,-3.936920440003468,-4.73246806102168,-3.1125790920527,11.042143202101954,9.673482196692772,12.42179986280071,overall warnings,
2021-10-21,7.356753656127259,6.57645636591666,8.153249273094932,-5.247631277369473,-6.073215363905538,-4.403330873744766,13.107384816921787,11.575962417153836,14.635763936593515,overall warnings,
2021-10-22,6.9142723055488124,6.144287266176261,7.627069731364732,-5.471428498526914,-6.354488439560173,-4.611183233668053,11.920887306849067,10.447607900730357,13.282781157568532,overall warnings,
2021-10-23,4.440918796069534,3.830771018677016,5.033769344826334,-4.801713697549375,-5.674097821916942,-3.9515164585685123,10.111746144875188,8.55329130779372,11.685657002891851,overall warnings,
2021-10-24,2.72346062606547,2.2070655325561868,3.266889022949928,-4.384782908102165,-5.398177001920705,-3.4122173061144307,11.201687696089774,9.139872141374216,13.212361000125444,overall warnings,
2021-10-25,2.353631690063754,1.7759392040127255,2.949065075430035,-2.9855732781156537,-3.90216592217632,-2.0278714275301595,13.097422060531695,10.760349459359865,15.557628614905418,overall warnings,
2021-10-26,2.5550927968805643,2.0578990553175593,3.0665842744158294,-2.445505681733568,-3.1748125822001856,-1.700524190013606,11.514569829667199,9.551439674644818,13.491389813548295,overall warnings,
2021-10-27,4.05179706869732,3.499347870289346,4.635341446384973,-2.0029436168466015,-2.735641574185388,-1.2810727015167613,11.523213380515633,9.903151754433667,13.104096379003623,overall warnings,
2021-10-28,5.224771098125398,4.446634951395531,5.9519455750797245,-2.9410076542933465,-3.7359526342603746,-2.072931087283077,13.50239431254672,11.459323955812446,15.370016189347195,overall warnings,
2021-10-29,5.020584461199169,4.3917149826458015,5.63731483863814,-3.849120905695872,-4.644054377528287,-3.0473062918297633,11.034279357821298,9.556971066020507,12.556629391662268,overall warnings,
2021-10-30,4.521092369136554,3.8973043752530288,5.15623716215387,-3.954473780363254,-4.747671832042259,-3.1310735633215754,11.585913912681683,9.900308231707392,13.301808122021306,overall warnings,
2021-10-31,5.596452050731449,4.900816250145047,6.294591183027675,-4.45761807943132,-5.309126707691303,-3.625344316303029,13.339349737630522,11.625189379297968,15.07228450143473,overall warnings,
2021-11-01,2.92130097009011,2.4204390330064416,3.4232392783203,-2.909164394513324,-3.6605484615197046,-2.1299975742813166,10.427276476723609,8.569249900170307,12.152018010811586,overall warnings,
2021-11-02,4.8539062755939035,4.2299816859103005,5.506174386249877,-2.933509207352185,-3.700017011461764,-2.1587561047269745,12.773609583353007,11.070036467481277,14.542680415383217,overall warnings,
2021-11-03,5.039847010632419,4.397088935877117,5.6611815314979665,-3.564124492421225,-4.356581072273652,-2.7764026219758273,11.187395445088097,9.67613309823192,12.708763608816833,overall warnings,
2021-11-04,5.2313875988567675,4.584658435903412,5.942649050867302,-2.9585703553771805,-3.717257886760775,-2.19322771726559,13.809269656497928,12.099002038429271,15.638574872516553,overall warnings,
2021-11-05,2.903673078861866,2.3773185650944204,3.465914699343965,-2.0815128004638277,-2.927168789783749,-1.2874880605539816,12.773384281979945,10.660742798552453,14.80200475924194,overall warnings,
2021-11-06,3.3500705494028122,2.852658184930463,3.8908543947951646,-1.2517927145356005,-1.9861533917529663,-0.47712671522689104,12.322911296422143,10.529853323565941,14.299743900195494,overall warnings,
2021-11-07,4.158530352663167,3.5354871475356657,4.751585498487897,-1.2485969409236888,-1.9870929588978243,-0.5036454194623027,13.285827431769546,11.390992706553984,15.220906348110436,overall warnings,
2021-11-08,4.106378149697491,3.4794561402687867,4.759980426006743,-1.9140337750806375,-2.6652811586332263,-1.1762739895441863,14.86122964327867,12.586035853068843,17.08963756126553,overall warnings,
2021-11-09,2.9603443114888983,2.3709791973172814,3.5413525753048187,-3.772580763266859,-4.66790226183275,-2.941745596168164,13.080244878362443,10.81875383423019,15.270141788167996,overall warnings,
2021-11-10,3.2531622693588953,2.716245952528159,3.771949003086033,-4.160992245194738,-5.020782302526064,-3.2873239845375632,12.383497071701846,10.49457447625303,14.219631652010966,overall warnings,
2021-11-11,4.201417194321538,3.6102700435093724,4.752083729678391,-3.92343602598413,-4.714156352662083,-3.074655038891907,11.77250518493501,10.046144371112515,13.392381468945574,overall warnings,
2021-11-12,3.274098707918433,2.7875027175867095,3.7766416175671242,-3.3806715463360164,-4.1729910663965075,-2.6105686280464337,10.698817794801307,8.966780129855408,12.38000160069117,overall warnings,
2021-11-13,3.579981019257379,3.04208730536717,4.100434532772699,-3.8640575598934794,-4.674940779406439,-3.043951721009127,11.431785149506911,9.712792946292161,13.248535297036778,overall warnings,
2021-11-14,3.1505215115339853,2.6309887849433413,3.636095469668458,-3.7858102000491254,-4.60806961044869,-2.9792005403280304,11.154099881302958,9.301494282385642,13.046054906752875,overall warnings,
2021-11-15,3.744939583651955,3.1408575751397554,4.267672955009274,-4.7308410624926704,-5.602909456789497,-3.7788877548678235,12.914796750431446,10.952973147213648,14.717689725857712,overall warnings,
2021-11-16,3.9379885471422496,3.33987710759812,4.531344543809045,-4.23638682697967,-5.100400313631853,-3.3398473874481374,13.624251023327307,11.686429059255003,15.580534690681151,overall warnings,
2021-11-17,4.175607573389552,3.599765670630533,4.750260930320738,-3.7942471765933354,-4.648418473940125,-2.948360517200792,12.02844362887918,10.261423627435693,13.80574915880503,overall warnings,
2021-11-18,4.058718732570847,3.5185511376364227,4.629679864830129,-4.500123305131036,-5.3235592634875735,-3.6630915997478715,13.058884610325656,11.149755555443551,14.947813372696539,overall warnings,
2021-11-19,4.037981513723972,3.4884892304885193,4.618703547398526,-3.7958470240384328,-4.600024082899496,-3.0067279195102725,12.177829683889964,10.439746576607867,13.985543372478137,overall warnings,
2021-11-20,3.987708405367461,3.3770279693001837,4.600152058405365,-3.1544620478834484,-3.966961926388648,-2.346348112937302,13.490462862546144,11.526147452068727,15.4524616652249,overall warnings,
2021-11-21,3.936290946521987,3.3711019419686825,4.528827408534574,-3.0047863080746953,-3.7734366886806567,-2.21749437549232,13.356861388990843,11.49899410531014,15.30965925625139,overall warnings,
2021-11-22,3.826059518418579,3.240628518470518,4.427762042244597,-3.8445544622269585,-4.702330881408019,-2.9785283636867073,13.260650903518307,11.319241562131445,15.31676263675478,overall warnings,
2021-11-23,3.7278768002249043,3.166431084160707,4.281090480530895,-3.5619527493775096,-4.350878212103973,-2.7258011006345213,13.036121508782703,11.099559509405031,14.991757602562334,overall warnings,
2021-11-24,3.831515338558399,3.2988609369974626,4.395953440775219,-2.5870067753784554,-3.33846771653523,-1.8131204307269868,12.28505324846812,10.426882723279569,13.997818765868033,overall warnings,
2021-11-25,4.141883027515243,3.600401072236941,4.685059550646189,-2.503555559417128,-3.2482783747285335,-1.7790780638737544,12.4736414922973,10.767914153227126,14.252347091204646,overall warnings,
2021-11-26,4.400188697605353,3.827035087517668,4.9501259349891145,-2.9515170320506026,-3.689088555114014,-2.213560229477147,11.749682629805623,10.073365366032554,13.36753027615176,overall warnings,
2021-11-27,4.445640060040519,3.8799283893668344,5.010266508416815,-3.4219648635056386,-4.166722912354771,-2.6490853242488885,12.198515514143848,10.50072209017695,13.879700721146758,overall warnings,
2021-11-28,4.061688806651826,3.5092583173427028,4.660016845054298,-3.287010204283487,-4.092575769370532,-2.5039607552574146,12.725109971187631,10.835186162801326,14.599632439478722,overall warnings,
2021-11-29,4.201472246015854,3.6299230447829194,4.744654666255112,-3.0142713947884934,-3.8064530700937693,-2.2521769393515414,11.81573913790237,9.977642675570094,13.538720592332872,overall warnings,
2021-11-30,3.965694033457281,3.4029812372590933,4.526000658144786,-2.837404165730004,-3.621423001521949,-2.0587755947056587,12.996572168672781,11.081377321973887,14.974092765749141,overall warnings,
2021-12-01,4.186603205665163,3.600654959248521,4.7864139127807235,-3.203644721988897,-3.948290162418308,-2.380959886641281,13.345036015721092,11.426528913782501,15.26968691450885,overall warnings,
2021-12-02,3.816869282343828,3.2349559848131326,4.39709438765545,-3.3057313985668797,-4.142717580481463,-2.4851291858185673,12.737768051134399,10.798002175821432,14.715561833288046,overall warnings,
2021-12-03,3.7944765951228665,3.247970596741551,4.336615420170685,-3.3795902206418833,-4.180856545473037,-2.5921828948328054,12.410279916969131,10.531233738596878,14.337116193734584,overall warnings,
2021-12-04,3.444024233153088,2.9676809411612033,3.961829829480054,-2.5737546516012815,-3.3825345333111474,-1.8234224732682804,11.025640225236435,9.197344566474738,12.930272052502804,overall warnings,
2021-12-05,3.720951814835311,3.1706349258112856,4.259095721251791,-2.5589041328029083,-3.3106137776838436,-1.781607761385219,11.923192245744993,9.919552091821448,13.844234191728543,overall warnings,
2021-12-06,2.4507822049446277,1.996296088025538,2.9196361352956464,-2.906805602390184,-3.677911354078077,-2.1396354452838726,10.41481690530027,8.279737420799409,12.473655488621203,overall warnings,
2021-12-07,3.6816644231912896,3.076765735475413,4.276017197993816,-3.674629551810744,-4.484204810855722,-2.8230269051935553,13.05410164874737,11.047119993015649,15.20609761831923,overall warnings,
2021-12-08,3.8859926555334177,3.3744516651904597,4.384499560539076,-3.7139189605747855,-4.464713493312982,-2.8845446307391764,10.510253192671634,8.86072977710735,12.175440681038728,overall warnings,
2021-12-09,3.6211642461139744,3.1031226781738614,4.123099477793565,-3.0999699383472414,-3.887667714266279,-2.331272534428542,11.443603369318083,9.686696978231938,13.241874297707525,overall warnings,
2021-12-10,3.6120193558331475,3.1133156511300752,4.135787630766233,-2.775112742719684,-3.532907741769133,-1.988710111868435,11.318161586321864,9.564918792513879,13.10360925092888,overall warnings,
2021-12-11,1.8669915470933378,1.3899722953514182,2.3751900100495,-3.9007263458741277,-4.983652350546638,-2.9061457069881254,11.330107285603438,8.99662012938283,13.783940021551178,overall warnings,
2021-12-12,2.3861074005745886,1.93177522456217,2.8533097656418036,-4.164405507724446,-5.058258792941876,-3.2737494620107994,10.406677476754147,8.355554324957808,12.47085722300711,overall warnings,
2021-12-13,0.6654702732372241,0.2684151859706657,1.0674448760964121,-4.6357089008440635,-5.864260313947657,-3.411820761080574,11.911539568706353,9.290113343640021,14.53768238607905,overall warnings,
2021-12-14,2.9739988691905572,2.471012377445986,3.457554773314756,-3.6616718656861034,-4.517213704711805,-2.8328184513585697,12.392460737142887,10.358439564320747,14.447887424342959,overall warnings,
2021-12-15,0.8449940850139663,0.4461461865586884,1.2567995662501643,-3.7855467248451085,-4.768229149363402,-2.785052604022978,11.481901059106681,8.92988727067441,14.045579241902034,overall warnings,
2021-12-16,3.0364191096461486,2.5581878109574476,3.500157266430788,-2.3874732329626207,-3.1010954142506306,-1.6550156661952273,10.88560209309449,9.200942091259071,12.672465263467847,overall warnings,
2021-12-17,3.0932416024984652,2.5893730765123526,3.5893970730755487,-2.0240374173005025,-2.7395502128200415,-1.3000602939246624,11.858710173224125,9.820240959233312,13.772332328301577,overall warnings,
2021-12-18,3.1851847994325744,2.7215623873858057,3.6548069850365517,-2.422042338423582,-3.1539439859410363,-1.6601820220226686,10.930602238922535,9.066524964950297,12.757592659487424,overall warnings,
2021-12-19,3.018671373182936,2.5353517101283827,3.5172436481973004,-2.9852324133404258,-3.7669829079169412,-2.192424973159601,11.555016286285653,9.628192500453125,13.485382004623165,overall warnings,
2021-12-20,3.3641842796958166,2.853155991288583,3.8815595787592594,-3.0298228235811893,-3.817382140000015,-2.2305886124116596,12.125666324845252,10.14667475494419,13.904659234559894,overall warnings,
2021-12-21,2.232594039536332,1.7637052072408665,2.702379708959733,-2.597458780531594,-3.4327624172125737,-1.799596716365579,12.27183401359838,9.90853108310339,14.574640935532468,overall warnings,
2021-12-22,2.580696532608152,2.049156857887982,3.0833082629657995,-4.032371920923364,-4.969372561235666,-3.1147350362169623,13.67682169245814,11.231229595945614,16.08454611002045,overall warnings,
2021-12-23,2.21279880115548,1.7619862415191643,2.6558100128314552,-4.5175093528891015,-5.444996453415494,-3.5892498661004897,12.936207995745903,10.563003024582713,15.253634379351709,overall warnings,
2021-12-24,1.05275215941036,0.6298348481635696,1.4563721580292697,-4.468094861853367,-5.56536164645757,-3.3078791980222206,13.13458618511665,10.512178893705917,15.627332877838922,overall warnings,
2021-12-25,2.5657919355607293,2.0907580250203597,3.052451576120828,-4.774453400440914,-5.7526475897267755,-3.809980490551336,12.813625965094404,10.780899040021156,15.055731198839192,overall warnings,
2021-12-26,0.9611809117276511,0.5479021157525322,1.3576988871973377,-4.848716056744351,-5.981014719064745,-3.6782511041494557,13.427005045814886,10.941944538406903,16.144689823200196,overall warnings,
2021-12-27,2.534909696992587,2.0889744439211726,2.985590164228003,-3.842122644185713,-4.706548632353434,-3.002675556561896,11.176519464218337,9.321977250638662,13.210075053570923,overall warnings,
2021-12-28,3.008669737256681,2.548717881653584,3.488594662723339,-4.444942106662534,-5.304417138267807,-3.615019758176422,12.059295999793953,10.203351400499395,14.045293006258591,overall warnings,
2021-12-29,2.6537785224101142,2.186962671600316,3.1380531774904714,-4.003396790427336,-4.8768786732998635,-3.107603299348411,12.454528513256822,10.396769957985182,14.5369733157158,overall warnings,
2021-12-30,3.2452773689498837,2.756076207315758,3.740271127862412,-3.5216918476381354,-4.307641349687476,-2.664964209969965,11.693054613780347,9.84061954874638,13.53512774634734,overall warnings,
2021-12-31,3.016224096386919,2.515263270596418,3.507316507888771,-2.957969158168079,-3.7428593060864825,-2.1637720324007415,11.886646193266445,9.93497318557388,13.790252452709126,overall warnings,
2022-01-01,2.759039744275001,2.253198455326756,3.25478531086684,-2.154401491625377,-2.9466283468316408,-1.3888474100900365,13.163629615205963,11.03206347991018,15.335189247725934,overall warnings,
2022-01-02,2.81763188432108,2.317870615353808,3.303888210106311,-2.9885383094514015,-3.796251659141149,-2.214315220894656,13.184508812180487,10.91847214155393,15.387327598887365,overall warnings,
2022-01-03,0.9797453743630142,0.5694325153545999,1.401061201044109,-3.410600776318322,-4.289874020416301,-2.5418321280919915,13.552507132296334,11.079425982475454,16.03540742712195,overall warnings,
2022-01-04,1.486597334977926,1.0365989404936613,1.9198174581121956,-2.319619636184867,-3.096482434784906,-1.5556732207964201,12.984214939045243,10.542753461620094,15.527025136751694,overall warnings,
2022-01-05,1.9871998186381723,1.5354629497354502,2.45730870984492,-2.1559666271896467,-2.9239180287259727,-1.4095522788401182,12.923161889794905,10.56744108635285,15.270235571575949,overall warnings,
2022-01-06,2.261654872997627,1.7769716976564462,2.7596930283110175,-3.0615124638055464,-3.917958518240031,-2.2720689644043452,12.208532320713118,9.97746014055103,14.561191285919985,overall warnings,
2022-01-07,1.550495055851728,1.1059301578444667,2.0093144049819616,-2.6158052423138667,-3.501672515521963,-1.8015344899500496,12.176475975071309,9.795728422113825,14.633652775517815,overall warnings,
2022-01-08,1.5451906561981725,1.0849215407190405,2.0054277859857264,-1.554381560080548,-2.346304891126408,-0.7727998235453719,12.688436457050969,10.430899274606851,15.187557694058134,overall warnings,
2022-01-09,1.6338011032347952,1.1581131757727614,2.085057356255228,-1.21001613860411,-1.9530507880579762,-0.46064325864302796,13.12501404702099,10.705512889732384,15.627482481633413,overall warnings,
2022-01-10,2.087509772978433,1.6128546037842213,2.5774537029533637,-1.3586258703333598,-2.0734882865691677,-0.6369056660662251,13.496463089007847,11.214166293927494,15.863312852848441,overall warnings,
2022-01-11,2.5063972625952924,2.015508863487432,2.9982271749233544,-1.6120662911691008,-2.3531663992406586,-0.8781877759506207,13.088831151979047,10.829215465863642,15.29128385892621,overall warnings,
2022-01-12,2.8834946504361687,2.3356140658442284,3.414606114532935,-2.2569568967605194,-2.982378494618629,-1.4267447897925325,14.076919056845092,11.778158981650972,16.366509950612695,overall warnings,
2022-01-13,2.740972339390636,2.2418927038981327,3.204883054017221,-1.778809811483855,-2.51217064121586,-1.045774879915297,12.200806519479912,10.100593035307993,14.21534593413096,overall warnings,
2022-01-14,2.787524672122509,2.247731674016096,3.3276119047962753,-1.8797066551141959,-2.627276016751717,-1.1100254062353427,14.022168710154235,11.73635926508519,16.406531081311844,overall warnings,
2022-01-15,2.773768348256133,2.286259476229,3.275677181544878,-2.095010440884329,-2.8756627001168664,-1.316501182407432,13.946431446543839,11.858834441345287,16.13273601366268,overall warnings,
2022-01-16,2.7259166318894525,2.2330841568866218,3.2666752305744176,-2.6456156693732704,-3.451019507387105,-1.8444998302600206,13.981140713785674,11.781124505217846,16.281432293943613,overall warnings,
2022-01-17,2.843852182103759,2.356698692093942,3.336946226213386,-2.8598055443629713,-3.621092656239715,-2.112223328817371,13.591002929782523,11.494041352929726,15.74405176951391,overall warnings,
2022-01-18,2.8692464808679956,2.372109623727868,3.385671207765364,-2.545927816123342,-3.320651348321144,-1.7611757248665432,13.926328423577557,11.827004186605174,16.26316315999043,overall warnings,
2022-01-19,3.1553299164913584,2.64485579369548,3.6580591012747625,-1.9436958782734475,-2.666239379139394,-1.1955285609217567,13.13329707990794,11.181387276202155,15.1373293654626,overall warnings,
2022-01-20,3.3148650316898953,2.753364803786971,3.8337301711838223,-1.990796644705567,-2.718333652709967,-1.2197420639926184,13.236147748746891,11.241049092835363,15.285833532255927,overall warnings,
2022-01-21,3.285419660528567,2.7784580900881255,3.796765978303046,-2.0558214425275803,-2.791076486258508,-1.3146757893685734,14.005968046112727,11.984491982703059,16.040357795605264,overall warnings,
2022-01-22,3.244237888830442,2.6949512487333815,3.805365546686605,-2.505916470262323,-3.298714840240012,-1.7454151036375785,13.994833710590331,11.855533988686688,16.122386903666783,overall warnings,
2022-01-23,3.3819605082449242,2.834034166245067,3.9019967166184917,-2.615005296847457,-3.3661548425223953,-1.8299362679037776,14.004806202046897,11.884846505710835,16.040085750949807,overall warnings,
2022-01-24,3.4547897939186836,2.9298514791173353,4.0094804210170185,-2.9618230568215376,-3.735717297929024,-2.205483892685342,14.150360340264584,12.21682083643935,16.243479479016358,overall warnings,
2022-01-25,3.367978464040843,2.8070153277147076,3.887509037203893,-2.9718175213213507,-3.748846264929585,-2.1497226181419316,13.988512724097731,11.851212277387667,16.0587931206049,overall warnings,
2022-01-26,3.279000108335804,2.720136030574021,3.8057275283772265,-2.786048807131756,-3.519355178083305,-1.981802439648297,13.980575577402032,11.762094601874578,16.084621622956696,overall warnings,
2022-01-27,3.4596409946441393,2.9377370728426655,3.9870194096716958,-2.4265623715586466,-3.1757646837995135,-1.6838258344406032,13.911735949199436,11.91936665012346,15.896867050463298,overall warnings,
2022-01-28,3.6189540743968096,3.09473711301585,4.149442121051381,-2.364459130793667,-3.092755640724604,-1.6174093749343694,13.831409176292397,11.861816469043053,15.686862679110874,overall warnings,
2022-01-29,3.6584607437210543,3.0953005577525854,4.233821818766276,-2.629902475879196,-3.4252162568525755,-1.8605039085816428,14.023495508375339,11.946725278741223,16.11607907925289,overall warnings,
2022-01-30,3.845576943150899,3.2750894491112787,4.404949998707785,-2.604311709331064,-3.3702958698367964,-1.8299354309548108,13.508333825016951,11.46860943860283,15.511901192995197,overall warnings,
2022-01-31,4.158948717904028,3.5932485832334002,4.762463580171214,-2.6778137591740268,-3.38929710879182,-1.8956365575949161,14.346620844952696,12.47913823124445,16.322375727843966,overall warnings,
2022-02-01,3.866703304217242,3.2959336380611153,4.452834841116721,-2.465708200741018,-3.2118670016185815,-1.7051636315792853,13.564084653454028,11.556244125412649,15.648260054680732,overall warnings,
2022-02-02,4.175422578889824,3.5887911573013866,4.779471666472953,-2.3765080333260142,-3.109068645770483,-1.611116339798397,14.419459942624027,12.49673574868518,16.530311059184665,overall warnings,
2022-02-03,4.205274482926477,3.6211089370744167,4.7932212099287135,-2.2452311948828694,-2.99193219996849,-1.5059191132090832,14.118312050912287,12.274413682258578,16.026936732152556,overall warnings,
2022-02-04,4.360712345582089,3.7888456338582395,4.932853598462637,-1.8906421572914405,-2.615197229354611,-1.1323599492375935,12.841821486926758,11.10851954106313,14.513258823776358,overall warnings,
2022-02-05,4.407885928801544,3.7960404974895607,5.034153996269299,-2.197454576309464,-2.9634812841115568,-1.4312571136046868,12.931586525263182,11.200764302342073,14.794014829335701,overall warnings,
2022-02-06,4.715890131235653,4.102684657486219,5.314788818026172,-2.6197143338980657,-3.3462229585346295,-1.8489162821502154,13.727379211149985,11.872829179098476,15.503433467448923,overall warnings,
2022-02-07,4.80796214400382,4.205668871280071,5.371921599588697,-2.1656390344426253,-2.9270424274132516,-1.4399138938430938,12.858388031043999,11.188450478554753,14.4530939557159,overall warnings,
2022-02-08,4.889631108419902,4.215238503667908,5.475289120084084,-2.210504869691487,-2.916704034704274,-1.50583487296688,13.698864160244582,11.744550970805387,15.350849875582805,overall warnings,
2022-02-09,5.156821101535592,4.574318580154262,5.784688147365763,-2.5680670416689506,-3.2900739932185115,-1.8342902680103579,13.69989513611142,12.041919510525782,15.361597711358863,overall warnings,
2022-02-10,5.5852512381785004,4.8962473615179345,6.257579948532454,-3.4167848369089846,-4.140792862300563,-2.6298272002398035,13.987166474490513,12.243704358815036,15.766396826512882,overall warnings,
2022-02-11,5.541046967205261,4.8727550041302665,6.165942100300766,-3.6106243564620506,-4.436176560922619,-2.8126759970595665,14.095158464271332,12.445730246337437,15.744041460326082,overall warnings,
2022-02-12,5.441144144293972,4.851109887860218,6.08955128156319,-3.4792208323910403,-4.2983911693640735,-2.7663686847048687,14.435232025439952,12.812742454231202,16.18711206012744,overall warnings,
2022-02-13,5.318534026020275,4.696285477873185,5.9507019342616445,-3.5301010823186934,-4.313239131718892,-2.683335746404286,13.442016694616477,11.852511187118909,15.096335823755,overall warnings,
2022-02-14,5.431749132529528,4.77120367526005,6.087998794959526,-4.428314252718557,-5.293150736409355,-3.577888553837999,14.217798499387186,12.427276479798218,15.887490232446142,overall warnings,
2022-02-15,5.31721476724193,4.6617800016082365,5.961169531283768,-3.548321191057541,-4.334029520004708,-2.7555180568121544,14.561896400852095,12.738135136717917,16.36243937829802,overall warnings,
2022-02-16,5.169779546805167,4.546265355275778,5.791852777373676,-3.1225715502739675,-3.872567028378979,-2.337511503634096,13.673416233831622,11.977932382433483,15.331356124920475,overall warnings,
2022-02-17,5.576890868712902,4.957556284908965,6.2436039588366015,-3.083170789051232,-3.8513463706040305,-2.324193302490979,13.760139006220578,12.182216395308242,15.401054410520047,overall warnings,
2022-02-18,5.985834035139129,5.261828451052363,6.665210049025373,-3.7437038296280507,-4.511619028356272,-2.9052682339195077,13.425567864714825,11.788246991700548,15.00262460761934,overall warnings,
2022-02-19,6.08675903049779,5.460843378807262,6.679141395664769,-4.204712665798022,-4.977084119707759,-3.4087791912690064,12.362361591331545,11.010007458221637,13.705887108784435,overall warnings,
2022-02-20,5.458045687863933,4.737099020738095,6.088141113902502,-4.340284705682903,-5.177523867971608,-3.4756328683726805,12.909063072544441,11.214170558404955,14.550407209254002,overall warnings,
2022-02-21,4.295526285851475,3.7133453879721063,4.900855916028092,-4.179731636340255,-5.030355161093312,-3.2844050385319155,12.189493430143948,10.404226531756864,13.903073591403842,overall warnings,
2022-02-22,5.005531786119461,4.3888429316730155,5.667745058435428,-3.9206099617205887,-4.770961187697517,-3.1251563309767527,12.367037432801474,10.786451885120547,14.020870636248466,overall warnings,
2022-02-23,5.723433449310557,5.097971102531295,6.420757038873216,-3.8307644036141832,-4.642646845477194,-3.031035584505053,13.118875640742704,11.592320566022112,14.74393182215494,overall warnings,
2022-02-24,5.657068241161825,5.023081240081514,6.310375363074925,-3.370982632892705,-4.173666100683778,-2.6042208544285605,13.040687110888083,11.44629342436994,14.622919350781409,overall warnings,
2022-02-25,6.039224165406884,5.347003461279924,6.728563814830218,-3.6775045819712844,-4.473232258534394,-2.8841858793379744,13.094234479196682,11.511220595431226,14.693322295507159,overall warnings,
2022-02-26,5.081389284151031,4.490937124723842,5.7267991459802206,-2.824718731841563,-3.6037845692015127,-2.026755435318586,13.167449399175254,11.496628797805743,14.911085450378318,overall warnings,
2022-02-27,4.9252749398913025,4.343735037759292,5.462522477403216,-3.1190574159640976,-3.8676866215591494,-2.3297812073830952,10.69021890864583,9.226791619546782,12.18904756858313,overall warnings,
2022-02-28,5.406363214074096,4.816752808672051,6.006930372191808,-3.771119821824585,-4.5616361790011775,-2.9861526239739073,10.364929042014204,9.123006339547285,11.725239266932245,overall warnings,
2022-03-01,6.546747316805164,5.824079594276878,7.288629658181455,-4.374110626303512,-5.212651590069213,-3.582724801469412,13.60792247274635,11.98527387089746,15.109168627184241,overall warnings,
2022-03-02,6.93224076963566,6.204357591745827,7.675885955357545,-4.829261896103027,-5.668493445066547,-4.012358940058735,12.50933156239275,11.032050249037754,13.975872500500117,overall warnings,
2022-03-03,5.652285241690464,4.949775188022285,6.255120890152394,-4.939981289871288,-5.751129158334415,-4.062565785656853,11.861723868325896,10.203565778439122,13.356779221987466,overall warnings,
2022-03-04,5.174631178105576,4.496300056079936,5.801090005934167,-4.011191936276566,-4.8031398014082685,-3.1239790169588115,11.820826350994633,10.24957495865982,13.382985517136017,overall warnings,
2022-03-05,4.700822032733271,4.110060553689785,5.289452326071611,-3.782031248319365,-4.539407839906789,-2.989913749985396,10.311400704007553,8.785463990093774,11.77370732071348,overall warnings,
2022-03-06,6.181324336342547,5.461480084822421,6.869688004767184,-3.6934860746300178,-4.519067532605119,-2.9202141601957776,12.679018446908898,11.13326293950114,14.107265797334145,overall warnings,
2022-03-07,6.239845185018587,5.542919539386916,6.897398102417223,-3.5731172308337147,-4.328478283573798,-2.801613151240616,12.12032212625008,10.729942732267972,13.453125804861081,overall warnings,
2022-03-08,6.106234790157899,5.3901200273265735,6.815499461398263,-4.144881280080735,-4.974269762923189,-3.3080660811541067,12.052921831041383,10.623851709270225,13.55449489807408,overall warnings,
2022-03-09,6.115556464667044,5.350966117954396,6.791900515632782,-4.536282709582961,-5.370549252565877,-3.6364358757926287,12.045976113465318,10.520015656034131,13.4548955457911,overall warnings,
2022-03-10,6.62148337980111,5.884909394263233,7.324035126720258,-4.525047270512445,-5.350668212405082,-3.6969022525242465,12.391386975536292,10.97459450304111,13.74459355956226,overall warnings,
2022-03-11,6.696100050475792,5.917125202379076,7.393058496376304,-4.485178987234063,-5.325623404697782,-3.5952193135467865,11.987847092153139,10.600567676104845,13.366850103493038,overall warnings,
2022-03-12,6.606935615233926,5.826585196818986,7.318148794153392,-5.73222449075114,-6.593017461534176,-4.789546508210495,13.470154027552304,11.881247665073344,15.017653048569562,overall warnings,
2022-03-13,5.750601670240044,5.097187859728957,6.387828682226185,-3.9735928935653204,-4.759009186059113,-3.158332409287511,12.273681988689912,10.800818256230972,13.727608805407492,overall warnings,
2022-03-14,7.116888469915846,6.389722152890389,7.903185141960648,-4.882023306505104,-5.769595799220499,-4.064715876354164,13.731846608332358,12.266044420172099,15.188250174924825,overall warnings,
2022-03-15,6.171913339156518,5.452621182309504,6.8968334635113555,-4.222251454529723,-5.033794909197376,-3.359249623704123,11.916596250941542,10.50015464760785,13.4085910267355,overall warnings,
2022-03-16,6.791700830900316,6.026399270480646,7.532197144579158,-4.260187723261412,-5.083286783621725,-3.4360365281407796,12.89577782069382,11.506681675107673,14.347547758413729,overall warnings,
2022-03-17,6.32485213095569,5.6467943255960735,7.0749337438975655,-4.846649439555097,-5.732779784788575,-4.050201644250541,12.551448438491471,11.127022235210822,14.051311580523837,overall warnings,
2022-03-18,7.222527346179888,6.4491108252095675,7.999912325063272,-5.4643367474932365,-6.318388213372486,-4.594421956677226,13.203346127584268,11.76901857957674,14.698426667040295,overall warnings,
2022-03-19,5.018873409578761,4.381551491780031,5.657150762370282,-4.3199938961384285,-5.192496614786455,-3.5083629591024548,11.28415916323489,9.827447931724416,12.765910824786552,overall warnings,
2022-03-20,6.245281788615069,5.548484991272493,6.959474223151193,-3.8251645397640797,-4.654647282509249,-3.0021585346548973,12.857424804126435,11.360790119475373,14.375174949044645,overall warnings,
2022-03-21,5.272767638665508,4.626302863000483,5.963912381641926,-3.7064774415873156,-4.495955765151855,-2.8384221849254962,11.654423100559537,10.249330963625962,13.285098587288289,overall warnings,
2022-03-22,7.594532847273073,6.7739849686737585,8.39559971190847,-5.403407259164828,-6.246741802301249,-4.523899571649376,13.039591713214755,11.685443771894283,14.443847814856586,overall warnings,
2022-03-23,8.033974388885358,7.194508531676171,8.907659956982089,-6.059445176680898,-6.948429633543213,-5.107996850661911,12.679292167025544,11.316162091936842,14.034056613180269,overall warnings,
2022-03-24,7.79763865030532,6.96836835008757,8.615260710127691,-6.428644988894041,-7.396905251813686,-5.477049058951406,13.250634219315002,11.84406785019771,14.645867301759576,overall warnings,
2022-03-25,7.682167789684641,6.8717542911032226,8.491157128190816,-6.7939409216148645,-7.748502464386426,-5.833145076079937,13.07076710417323,11.623116459437751,14.44842863700728,overall warnings,
2022-03-26,7.906376207930046,7.096692322243734,8.727344994113114,-7.418197136999348,-8.432315595901297,-6.463487826858085,13.012606760201432,11.603824979775451,14.392573129131499,overall warnings,
2022-03-27,6.4721406104151225,5.735649712383653,7.213227417533836,-7.1956384001597895,-8.201835918516107,-6.1303917486989645,11.922891340043982,10.571895188714135,13.335966256102143,overall warnings,
2022-03-28,7.001203390147491,6.244046241678681,7.783570476796309,-7.387739327835901,-8.428318268119984,-6.3785469079433295,13.71408952254222,12.139066393898732,15.208686015358174,overall warnings,
2022-03-29,8.189469455111947,7.406063044856494,8.969888143284003,-6.891223075868019,-7.7819004497586235,-6.012767488577535,13.01104129029266,11.727576826024563,14.297930730336745,overall warnings,
2022-03-30,7.559329030779095,6.735638741792031,8.314918915402492,-6.197949502319133,-7.087219455465715,-5.277702680913096,12.46229012554231,11.118821185437136,13.694371761476436,overall warnings,
2022-03-31,8.481574537128209,7.666167031790103,9.346060087152576,-6.480386017596784,-7.399518456204206,-5.622033647495551,13.14506112478062,11.79583269087337,14.528485421349815,overall warnings,
2022-04-01,8.484922646956957,7.6517010008743815,9.32460381006504,-6.510213924573168,-7.414774506507168,-5.58774692292666,12.4781786839248,11.211020554467316,13.771887374154797,overall warnings,
2022-04-02,8.12538294300446,7.24040778062224,8.983400356061793,-6.644677879290416,-7.627736464742483,-5.610480111333303,13.122280868396246,11.676031325003942,14.499724700971388,overall warnings,
2022-04-03,7.441907121102011,6.674731186037029,8.192348322406591,-6.085907921292829,-6.960833078816399,-5.172006784761719,11.981116993063985,10.811285104408311,13.262201734299769,overall warnings,
2022-04-04,3.5875235613042635,2.9416769618550633,4.202918492665595,-4.838689251874301,-5.803775686004563,-3.7952878106218897,10.418515918939248,8.666134372688726,12.143161767339109,overall warnings,
2022-04-05,7.773166630619552,6.902174791582421,8.595117077632683,-4.9577031237874865,-5.831680214777283,-4.067409081464232,12.46583760119322,11.058031400728053,13.810451459074228,overall warnings,
2022-04-06,8.608901770956429,7.76216731217426,9.448970012397648,-5.947724391096294,-6.802776164686681,-5.0910150000782775,12.80181924124571,11.53891569974196,14.057374211694736,overall warnings,
2022-04-07,9.583458576041256,8.733919176135073,10.427604209667253,-6.93894625719951,-7.841820804682387,-6.077875998110113,12.91995427313914,11.749891830747583,14.024058884264408,overall warnings,
2022-04-08,9.276934846225096,8.451582896861085,10.17670692816935,-6.57855023334035,-7.5464757137757275,-5.659521840920305,12.510802614224794,11.396318316810436,13.728398988257984,overall warnings,
2022-04-09,9.255857685955721,8.427232040350871,10.086030397112085,-6.435125029889866,-7.296666814672534,-5.556426803461906,12.344047451876211,11.164668469995336,13.500237900302237,overall warnings,
2022-04-10,7.208694916554782,6.309508667431987,8.06297293368434,-6.934502533996928,-7.947790464720346,-5.837328055875481,13.851794682682407,12.153412968190997,15.541516372299577,overall warnings,
2022-04-11,4.878801358757,4.207184850774786,5.5500440056044,-5.793295341043377,-6.788162145796428,-4.820707300457212,11.392864407789968,9.871706708607695,12.967021569453467,overall warnings,
2022-04-12,5.828715357379633,5.1045265129678095,6.558980450608324,-5.287621470214551,-6.222189486206697,-4.370168949497017,12.305125814859947,10.678475847301135,13.802038440775235,overall warnings,
2022-04-13,6.695719121988645,5.83522657967805,7.516729569403621,-7.333715319681169,-8.419054979059833,-6.265189884378943,14.808751186401732,12.96559122068937,16.67132415035759,overall warnings,
2022-04-14,7.4758928344816,6.716446249704997,8.282406833643526,-5.486910892624429,-6.409874073007099,-4.629655685834916,11.549016394434249,10.340307888345405,12.840617804356848,overall warnings,
2022-04-15,8.603082623065529,7.725656017829322,9.495112846473885,-6.229375685842822,-7.151197763598118,-5.319707757756613,13.70356589837294,12.219691396059487,15.252532856580116,overall warnings,
2022-04-16,-1.0332199699867566,-1.571835899124581,-0.5040809377367751,-3.820026565260099,-5.1074490215560635,-2.5922819420112355,11.878160931863476,9.167736198160476,14.537225750661408,overall warnings,
2022-04-17,2.0238850337017773,1.4339996756891664,2.637604086625528,-4.197577367066389,-5.2671072409268405,-3.213300336350164,12.323197937163716,10.105746303356794,14.678043622537263,overall warnings,
2022-04-18,1.6790498903637112,1.093795474500056,2.2501786744412713,-5.088863964796169,-6.341952317839049,-3.8961483297599186,13.21304362431831,10.583507605153516,15.805789118217708,overall warnings,
2022-04-19,2.329624930253882,1.7472041419338804,2.8996713320272076,-4.460324725316621,-5.459434593026226,-3.386890539087882,12.632253881121702,10.404755675464708,14.95976805314594,overall warnings,
2022-04-20,1.809867995947676,1.2545159479576604,2.3779941764605255,-5.114808908286836,-6.175284930088111,-3.9159310604442434,12.637635820847855,10.177574192304341,15.095211393639575,overall warnings,
2022-04-21,3.293931490782021,2.6175517187192274,4.009516784082296,-4.5764641761767315,-5.662560564642043,-3.5582207066596405,11.96177617853606,9.94111164846867,14.14781916938636,overall warnings,
2022-04-22,4.036239208398636,3.2931339764001093,4.829039021878125,-3.5846466949277906,-4.576107810110035,-2.645947398151424,10.894037142001684,9.152068535678472,12.652260362010534,overall warnings,
2022-04-23,5.438823412157389,4.587697497110261,6.35728125337997,-3.989992233974533,-4.928181632604244,-3.0694327241399515,11.630626066795173,9.979871823055246,13.32464047430512,overall warnings,
2022-04-24,6.3852544578353605,5.528463593182803,7.172625183059429,-4.91371130616746,-5.820289760075709,-3.9401124587668317,12.297039156559826,10.765648528138655,13.726740918716116,overall warnings,
2022-04-25,6.422967439643017,5.572083657360247,7.288501086145704,-4.949230883159439,-5.870622692059299,-4.017449833133472,12.41515353795922,10.856960076120012,13.959875313587235,overall warnings,
2022-04-26,7.417579723926164,6.473985856752924,8.297037910561745,-5.499047447055668,-6.469706040473908,-4.51982759050951,12.425353126307144,10.909706631868902,13.885645174669463,overall warnings,
2022-04-27,7.438354290448333,6.53182752059309,8.372757633335942,-5.796042585941375,-6.772218584273563,-4.852885896717845,12.21445691436577,10.800111739433657,13.71182394611611,overall warnings,
2022-04-28,5.161619822996723,4.352333879501847,5.973927992361658,-4.790331546892388,-5.789674517559898,-3.8011398699784964,11.342093922817948,9.649144688602982,13.028228743101858,overall warnings,
2022-04-29,7.624581757015637,6.721950526446467,8.524275642531801,-6.292390966822515,-7.249037138788871,-5.361639623421263,13.502593825247105,11.92992184284879,15.034812369001264,overall warnings,
2022-04-30,6.006093721265458,5.229989671451621,6.843467423812984,-5.569088156188225,-6.571504348993646,-4.588891399877972,11.284483074214439,9.852060043744817,12.6786398268612,overall warnings,
2022-05-01,7.959944912610789,7.0280903041145395,8.855199645063973,-7.129892366670493,-8.121190860112254,-6.062285588803503,12.77615956774352,11.335470577399889,14.16231118538152,overall warnings,
2022-05-02,5.613250925292477,4.828987762615444,6.418872440674798,-5.092511099572179,-6.093594028706229,-4.0869762409452575,11.50934269962759,9.945195828126078,13.06318921700919,overall warnings,
2022-05-03,7.797185823206998,6.9050769806261485,8.700401905270901,-6.5942949315494985,-7.563854273340275,-5.60118284928481,11.482244647063247,10.148489166475024,12.760319966143088,overall warnings,
2022-05-04,9.051437917209604,8.04608733086316,9.997156632231464,-8.38687156265934,-9.407665648811996,-7.28703567392727,11.97163603585368,10.676493191093524,13.304828289516673,overall warnings,
2022-05-05,3.5120087761554672,2.860650469128651,4.14992957255231,-4.896823408443602,-5.959343825120404,-3.890223116571579,8.167786773299717,6.7722663652069555,9.551078855110351,overall warnings,
2022-05-06,3.1776438471735595,2.3920836813494906,3.9387260594872746,-5.874789426543932,-7.180291683934171,-4.504075771893046,13.255367187787506,11.016169270133245,15.50865324072641,overall warnings,
2022-05-07,3.1771807094716173,2.455963484662763,3.8856345510291845,-4.419295913106042,-5.487911850976504,-3.289164349591831,11.40221294814484,9.396328553130802,13.372550858725962,overall warnings,
2022-05-08,2.4815383505772184,1.842270504256837,3.0830768976157694,-4.35986175278553,-5.344997959329065,-3.23540490205084,10.812896031437603,8.822333340700546,12.707919706575991,overall warnings,
2022-05-09,4.305586642675035,3.545540673287118,5.125185991980974,-4.599577840552357,-5.635836049106047,-3.6090485071226146,12.06248622627386,10.277112658385814,13.991310234201304,overall warnings,
2022-05-10,5.837877927295569,4.956777605818738,6.675706468831799,-4.8858219719857505,-5.807284233088115,-3.895455699033773,11.545179365625508,9.922929158996437,13.171293305741473,overall warnings,
2022-05-11,6.777332497213859,5.7748069366844765,7.668667246719995,-5.875565508456807,-6.868064627729642,-4.825686890968579,12.378756108253992,10.670134395724595,13.971140494445036,overall warnings,
2022-05-12,5.751269962224262,4.9402203064089285,6.530740534865624,-4.91723858086727,-5.809201810934675,-3.9576147508409893,11.250625980710533,9.669806118869,12.854370298718052,overall warnings,
2022-05-13,6.488261512166053,5.5571130397064685,7.399792389706374,-5.675515821035808,-6.683286825363309,-4.688639513660646,12.74465078964695,10.921216284440524,14.45661219488274,overall warnings,
2022-05-14,8.230427206537072,7.290440439249854,9.122198492855873,-7.446735293936239,-8.45755330335385,-6.436476064569644,11.707282861367695,10.323011736467805,13.05861867049152,overall warnings,
2022-05-15,8.724063971829299,7.846112417756605,9.621637016161854,-7.670614350482559,-8.67715462695661,-6.6740693268505495,11.411326044751899,10.277141166801824,12.598010440926034,overall warnings,
2022-05-16,8.342544963118147,7.3759823392907515,9.235723000538627,-6.768589976401409,-7.775738999298802,-5.720140654990192,11.165900384648957,9.877463534239183,12.331455067545615,overall warnings,
2022-05-17,8.95958868439489,7.977977330976643,9.835746858729868,-6.861906693525831,-7.798919926347653,-5.905813085578555,11.021483908356334,9.767868597525634,12.14632409425657,overall warnings,
2022-05-18,8.925286781159706,8.016263035900838,9.870524778175307,-6.69830859416558,-7.696433983336036,-5.743877231112297,11.156716213991192,10.005455297424927,12.310946666030707,overall warnings,
2022-05-19,9.50342273130114,8.633840322045359,10.404157193900037,-6.622487078782688,-7.60669584025818,-5.707603915124941,10.928912121240486,9.845884625569296,11.993419506363928,overall warnings,
2022-05-20,9.764574629090468,8.850281516424406,10.703226475070432,-7.175713797778842,-8.126782894285622,-6.199037815717735,11.48557138820292,10.417978559815232,12.620318849162697,overall warnings,
2022-05-21,10.036120379940442,9.0943581034672345,10.934244506053643,-7.283362638791198,-8.244937987931701,-6.306763943644192,11.325377376869145,10.225648868492952,12.383895816423372,overall warnings,
2022-05-22,10.762608226892596,9.835728094527454,11.733302023644788,-7.367481062822872,-8.297676595526164,-6.43072550087053,11.196518757744787,10.205546023736193,12.235227317298168,overall warnings,
2022-05-23,11.606212747682463,10.638817779584803,12.561516095516042,-8.1023010846374,-9.064153619608932,-7.164530678325201,10.949543056455436,9.980166540686776,11.877641233560247,overall warnings,
2022-05-24,12.071581659567492,11.104291410666404,13.064880032088258,-8.741821702555384,-9.715694240534315,-7.760263563038466,10.682838586569122,9.766799842963474,11.624568673450286,overall warnings,
2022-05-25,12.77645953027566,11.722992168135079,13.801190305185992,-9.684913157721144,-10.67786474386488,-8.651064498198076,10.73514879891718,9.825010210376782,11.626853881656409,overall warnings,
2022-05-26,11.273354052363569,10.131311150029747,12.410856453359992,-8.612045485084511,-9.782739192963538,-7.522080764230668,13.041098166466572,11.674727490494663,14.38501564431813,overall warnings,
2022-05-27,8.530907820731475,7.5948312920277825,9.422541693868157,-5.987268775860874,-6.920494540157712,-4.997307687032977,10.074923965620808,8.889894736419667,11.256065899539346,overall warnings,
2022-05-28,6.997748150052048,6.093156289627607,7.866418863894994,-6.351762186555867,-7.398763273105945,-5.244061759032728,11.588293285937304,10.07670552136804,13.009380108329008,overall warnings,
2022-05-29,10.302586213235356,9.327439689549413,11.284452375580399,-6.721605014034173,-7.702263818062824,-5.777989034863941,11.120374884144343,10.011978590011156,12.213269567242223,overall warnings,
2022-05-30,11.86906965580328,10.864172549690156,12.84359880259615,-7.890732062580385,-8.82535736915846,-6.8866449703004164,10.915710588711853,9.974090392681685,11.846640364844536,overall warnings,
2022-05-31,12.73291992378616,11.704105628751007,13.675622349063525,-8.803511690074505,-9.738964041264163,-7.802216007431759,10.793763030359237,9.870844291738516,11.672097279663557,overall warnings,
2022-06-01,13.553675959030615,12.57964679736669,14.56542938823033,-9.678630278552841,-10.64775798825456,-8.730909872723078,10.322261932249024,9.496090213527172,11.12008954763725,overall warnings,
2022-06-02,14.440844088000288,13.418022219424499,15.396143458948153,-11.135376103249115,-12.109369380645594,-10.140589018024231,10.77171702471887,9.941006756771678,11.586257275924462,overall warnings,
2022-06-03,10.828696631113218,9.809708261681855,11.802153818746884,-10.572850351110716,-11.745204967898466,-9.384449895303584,11.976461345235752,10.776548773218488,13.146967179988286,overall warnings,
2022-06-04,7.212450292887292,6.270393113101995,8.131065584163,-9.255475382270067,-10.591477689737328,-7.931788127298644,13.233947677104979,11.444841857805097,14.9218321706393,overall warnings,
2022-06-05,10.246613026863113,9.297197673447899,11.251470797183758,-8.35612799561473,-9.33172289320328,-7.301569040804476,10.730433282605166,9.698415742281174,11.801547343019838,overall warnings,
2022-06-06,11.775944089323797,10.706699000081139,12.812851129574648,-9.208266755292588,-10.238769245771282,-8.182759018549042,11.330846361993581,10.274724687661623,12.35789674376111,overall warnings,
2022-06-07,11.384983794350145,10.35921582886221,12.442544358104982,-9.291866200674587,-10.366999095655242,-8.25839993876167,11.76521015115695,10.64605491024954,12.88723330404197,overall warnings,
2022-06-08,12.576268218402133,11.571929429234425,13.55454319323268,-9.344153636362973,-10.30673382728614,-8.375816155879669,10.348244876553341,9.454533020600634,11.220759983975984,overall warnings,
2022-06-09,12.762216561577446,11.728564828464934,13.721862950918599,-10.088043025088723,-11.065726972935803,-9.055499993370267,10.14196400878974,9.238809715751163,11.001238726674352,overall warnings,
2022-06-10,13.7774074892898,12.7001397267112,14.797173965270359,-11.286817591900423,-12.322001934870318,-10.208010847593812,10.202954386488553,9.36350877340873,11.043583043685132,overall warnings,
2022-06-11,10.777781116304219,9.873652732277408,11.674051269216994,-9.807795627637834,-10.833264259657408,-8.852222514526607,8.35741197623403,7.580624715214134,9.16756896797633,overall warnings,
2022-06-12,8.369464276279217,7.494633375144396,9.259121082067653,-7.730102516480666,-8.831004589075466,-6.6603849676328455,8.984733722463893,7.917586019420968,10.047019796193497,overall warnings,
2022-06-13,10.496522040989841,9.610074928162295,11.484567131716426,-6.999514493887334,-7.970677645178186,-6.085106125858377,10.604551433453674,9.600531847632176,11.620441939500715,overall warnings,
2022-06-14,11.92036707759573,10.877591369413189,12.946376496705055,-8.258720702394328,-9.235297110207734,-7.248247318726803,10.455960770629064,9.538642017059823,11.389833154703084,overall warnings,
2022-06-15,12.059401346353884,10.941363025256287,13.046657080548716,-9.231181571070415,-10.201396426466992,-8.143137727744287,9.849403915716433,8.870997670893097,10.737525397971527,overall warnings,
2022-06-16,12.283157877759232,11.18536495699067,13.393588856355773,-10.559887967104435,-11.699538976988384,-9.444600562522304,12.960227988566196,11.769020095517373,14.237824796114552,overall warnings,
2022-06-17,9.762252568330897,8.803477042596988,10.674760388454876,-7.567787759533166,-8.568270637436294,-6.6225458191589475,10.12966294100908,9.026771649077387,11.15593044492494,overall warnings,
2022-06-18,12.416658124574635,11.356912739575165,13.450896719479264,-8.115437195231536,-9.088351239260282,-7.17126971530639,10.861228662619183,9.882345202386452,11.809699557250214,overall warnings,
2022-06-19,12.514480531059448,11.475489706252963,13.598223682650712,-8.65295740355964,-9.677123895846295,-7.698749577520237,10.814468014616988,9.863500327504946,11.794516686516967,overall warnings,
2022-06-20,13.194541538164298,12.158346914828163,14.25193562535409,-8.839581114931505,-9.833138850421909,-7.842061834985569,9.969666891852974,9.117362181183315,10.819945877521997,overall warnings,
2022-06-21,11.628956607857855,10.696912297839372,12.644951777856473,-10.076978403902991,-11.136650798566206,-9.0621105662549,8.475534611113176,7.716060664152083,9.283267767203993,overall warnings,
2022-06-22,14.580339889596246,13.525192660945233,15.68631286704935,-11.908238319226442,-12.953841654597511,-10.834159696554332,9.19752013018549,8.438738708468701,9.943425462449905,overall warnings,
2022-06-23,14.193079737406363,13.153770395720645,15.238638103206135,-11.830574666966553,-12.933177072273892,-10.7423927507289,8.746941250120862,8.052515734907516,9.443170432928424,overall warnings,
2022-06-24,14.285448784086714,13.19085063501758,15.287498888692518,-11.562501173504323,-12.584086309786288,-10.500366927276302,8.655774739138277,7.919622558836891,9.35440685633637,overall warnings,
2022-06-25,14.463515838145423,13.420646470058209,15.501768677498236,-12.211686311718346,-13.294447510468773,-11.112764856707665,8.62911886202395,7.944290246990761,9.32507354463888,overall warnings,
2022-06-26,14.642723123047617,13.586747279609224,15.718532565460553,-12.958870842608398,-14.059765837493352,-11.822657019426314,8.160250563911271,7.5069196069252175,8.821143497799575,overall warnings,
2022-06-27,14.287724362750573,13.32769164816858,15.258890243928752,-12.419110315569412,-13.5097566595401,-11.363205557514178,8.210514353314549,7.564659211795949,8.854897107512144,overall warnings,
2022-06-28,14.064638385638172,13.13026190738925,15.053005106192455,-11.794656365672171,-12.864054196963615,-10.808007244961562,8.392303621054129,7.736725002650548,9.045201922057089,overall warnings,
2022-06-29,14.362931072166132,13.319954116463194,15.369078911964376,-12.095478826990748,-13.13280810589465,-11.015574535304903,8.500830075118657,7.8065131562595536,9.172931973599217,overall warnings,
2022-06-30,14.123475640466806,13.14926100445347,15.147356263164973,-12.297737494260145,-13.348710559620855,-11.220816245842073,8.193649209146788,7.561270660349345,8.864277302118063,overall warnings,
2022-07-01,14.336393411149508,13.354420585570093,15.301265267779208,-12.79693111246812,-13.9250201298729,-11.792606101139238,8.059108335097378,7.405336156737717,8.683907828832597,overall warnings,
2022-07-02,13.852422935740133,12.864102757495811,14.83504241497355,-12.21186492116659,-13.275836093093622,-11.150585775430118,7.631190460940071,7.004285037523104,8.268867827517665,overall warnings,
2022-07-03,13.276394152061012,12.196881068395038,14.354576592899797,-12.186866862219949,-13.388294873906775,-11.011757955324024,8.864273397540424,8.07307625336021,9.659978157483923,overall warnings,
2022-07-04,11.926929120676043,10.831594850709932,12.927769011554865,-11.47743925235056,-12.628180460162481,-10.237748781111163,9.410884162965846,8.424773750564519,10.336447487677054,overall warnings,
2022-07-05,9.458750748142943,8.478584383157731,10.386078741607234,-9.668361544161112,-10.804598424990276,-8.514096630627382,7.845318712219713,6.882498689536761,8.782736111747498,overall warnings,
2022-07-06,14.728102589706069,13.662415892818357,15.765173244256458,-12.575273175761636,-13.624626634571412,-11.536121461342207,9.094182240439881,8.347480214578054,9.831269767667084,overall warnings,
2022-07-07,13.887298691641035,12.939260282479083,14.901642098144563,-12.08466844126849,-13.145630942109285,-11.041127434117435,7.938567486888347,7.339138410339103,8.609152918829725,overall warnings,
2022-07-08,14.109792012260929,13.12498555222491,15.105126704441531,-12.708846622213574,-13.80895307021803,-11.611528634554887,7.836724517580782,7.1993110826150755,8.47501327940537,overall warnings,
2022-07-09,14.060452310095107,13.055294515319208,15.022956217319903,-12.829445391461451,-13.882837436424238,-11.70472049770794,7.932230663459531,7.285139554050317,8.567239224787379,overall warnings,
2022-07-10,14.337754623334103,13.265969613331038,15.320335103168294,-13.325884780162545,-14.460304641308884,-12.157450273072335,7.89413544364977,7.228829084624557,8.543083493712043,overall warnings,
2022-07-11,14.78111876592913,13.728117927330459,15.704656352925877,-14.554732120475748,-15.655106330025719,-13.388328529299297,7.843808155294447,7.230589450474068,8.42419051267532,overall warnings,
2022-07-12,14.198195511312719,13.181979329289438,15.187202366502955,-14.111103440961429,-15.26626866424646,-12.923111318041206,7.587770192403363,6.967061180571166,8.20061252966477,overall warnings,
2022-07-13,13.649884591994422,12.672181263446069,14.638632835161207,-13.583440118263377,-14.74501945542565,-12.406877444805009,7.346067595797097,6.738223284340606,7.937081801602294,overall warnings,
2022-07-14,13.691685789329501,12.760779691830667,14.653690880921674,-13.347580612061758,-14.453528561952135,-12.256929768074018,7.398630174132682,6.793276767636426,7.98706167142718,overall warnings,
2022-07-15,13.953320726548023,12.97696970549694,14.910629303175423,-13.606503791838929,-14.728952717331147,-12.475259566734675,7.574749357510731,6.951591404134353,8.187724923207593,overall warnings,
2022-07-16,13.81519352330737,12.872775548942862,14.744912305578113,-13.756868551233808,-14.886559687214342,-12.604799060397092,7.5098309837051165,6.902949318492943,8.09526054837958,overall warnings,
2022-07-17,13.482912469327212,12.454614301421865,14.478347479436783,-13.788121004172101,-14.932492276478854,-12.55927834065543,7.570267613225164,6.903788553984814,8.200708315344482,overall warnings,
2022-07-18,13.59680024556334,12.591398078931526,14.62287708138719,-13.926647389799767,-15.133973778173319,-12.72512349206331,7.64793130389042,7.005823955422694,8.312706256875433,overall warnings,
2022-07-19,13.039494591097284,12.063916648849919,13.998606703407807,-13.279765305047487,-14.441761233040143,-12.138707373414775,7.498221278159938,6.852130945740859,8.13149007224585,overall warnings,
2022-07-20,12.797019949785714,11.861071420072848,13.740178784179504,-12.953886516036615,-14.099445253298066,-11.853081837324048,7.554370633614005,6.909161751453715,8.225519214877448,overall warnings,
2022-07-21,12.374986026351195,11.387432693275981,13.32346610928398,-11.927074456979621,-13.050960612168042,-10.781475129655893,7.42302539430094,6.776495493917236,8.082388540012655,overall warnings,
2022-07-22,12.083695212560475,11.100755914476277,13.039690578452989,-11.89502496186941,-13.008496032220036,-10.696926143860317,7.568126401478969,6.8665368149647295,8.257656120512475,overall warnings,
2022-07-23,12.0794843294948,11.080114633126229,13.010797396003603,-12.266225315410976,-13.38811763788492,-11.085874869178978,7.787659185411114,7.096113075213388,8.470007998810244,overall warnings,
2022-07-24,12.397611749938772,11.401415044372374,13.346573507864749,-13.133654339068801,-14.314139775288021,-11.897923199129421,7.882810325056371,7.135792489070482,8.559868450204238,overall warnings,
2022-07-25,12.511650964868135,11.495709040619383,13.509835298865777,-13.568815955740119,-14.75339264235076,-12.29752125675967,7.928353209177355,7.186976248096031,8.633405009089365,overall warnings,
2022-07-26,11.959652033944966,10.925243801360734,12.95668725876959,-13.129520021830544,-14.34956397326121,-11.847578821558209,7.921841494832574,7.1527236590628585,8.688526602384757,overall warnings,
2022-07-27,12.307156506688177,11.25642402789095,13.362301060267471,-13.93277260861014,-15.230799007277252,-12.618911602850561,8.246145830000394,7.436856652544852,9.023715124501154,overall warnings,
2022-07-28,12.31606024955434,11.316832016538852,13.268269322301874,-14.830788440189307,-16.109798773857506,-13.489948588342939,8.21011473353088,7.444601932694697,8.934535114961351,overall warnings,
2022-07-29,10.998437263095553,10.02637402509852,12.006051232187467,-13.551824578951795,-14.854665498408577,-12.213034674465312,7.387470740507062,6.6103934991385636,8.112052137131677,overall warnings,
2022-07-30,7.015867377416274,6.219601245458867,7.835987288815267,-10.947833502071166,-12.352462295085415,-9.560167585772797,6.2793265098814395,5.446410847811557,7.103112376233038,overall warnings,
2022-07-31,5.145078067268758,4.37074234051381,5.9290494834075975,-8.991940488036544,-10.520121889997267,-7.5382285845374835,7.033307931459662,5.841107976782421,8.239142212862035,overall warnings,
2022-08-01,5.983174256556677,4.895821128923725,7.082035720105068,-14.260043998454435,-16.906117481953906,-11.611422724277402,9.95451914682344,8.031569242551942,11.826173460767476,overall warnings,
2022-08-02,4.740958474106602,3.8846017606485197,5.559867090175808,-9.857793568093108,-11.491387015552307,-8.063178182331203,8.45710241234889,6.908521032666368,9.911646494049714,overall warnings,
2022-08-03,-9.669260246566111,-10.236183340002421,-9.111141301415968,6.023464071117333,5.184754428529164,6.881570415203391,0.008639423474285595,3.192924222646623e-4,0.04576029737594941,overall warnings,
2022-08-04,0.46816440407856696,-0.1504491827498997,1.0286407614494724,-15.134447529582292,-16.635908786082688,-13.5137565581353,15.604845577576002,14.553074901853622,16.611081259293737,overall warnings,
2022-08-05,0.30440080081377374,-0.28212703575056003,0.8789958914449765,-7.08522863464176,-9.204262399803733,-5.031956364521092,9.133538308832062,6.785526737534428,11.490141355786868,overall warnings,
2022-08-06,0.4286585219417535,-0.14501467016326186,1.0264226748089245,-6.499884274456157,-8.428321513614279,-4.62305328552245,9.512261137710496,7.057058228522422,12.071963753110007,overall warnings,
2022-08-07,1.2240155865442228,0.5657300001178239,1.9389730650453947,-7.001796233983384,-9.034491451711029,-5.047431363275897,9.702374755308405,7.158582283122755,12.270644409861326,overall warnings,
2022-08-08,1.5873243957484773,0.9358779781302107,2.2623855171571168,-6.55998345347332,-8.393768459551092,-4.752189823973403,9.271260043535895,7.016133145457208,11.502896781889024,overall warnings,
2022-08-09,1.8301332492176532,1.1619691644824541,2.5087849033107084,-5.910102457601108,-7.5120615040023155,-4.289705686646084,8.891685981266274,6.748804708975776,10.97651541440138,overall warnings,
2022-08-10,2.050210438887175,1.3629330507325041,2.764100994962048,-4.816772740311809,-6.2644780313492126,-3.4979754405302317,8.115829897684488,6.249338263112499,10.296564404713026,overall warnings,
2022-08-11,2.5698505165256,1.862581852445399,3.3136121558110956,-5.020287312713772,-6.334909567766965,-3.742920189199884,8.584681569282122,6.687760444032363,10.565598481384509,overall warnings,
2022-08-12,2.875460726704486,2.1183454415454515,3.5938040608639077,-4.809558829825236,-6.01170432547761,-3.572390955653448,8.133385017157334,6.352630201845351,9.954373299826065,overall warnings,
2022-08-13,3.3735192698016254,2.583344014240108,4.1749941319403305,-4.985961118906357,-6.175862131384641,-3.8304615414172285,8.522261021553026,6.788964380253755,10.25627803177221,overall warnings,
2022-08-14,3.645695629195729,2.8833929731444914,4.46922052471597,-5.132699798867064,-6.355602199013158,-3.994469909969638,8.240342931496489,6.706049380053627,9.94889222644242,overall warnings,
2022-08-15,3.926139433004977,3.090136869501321,4.746399646703239,-5.248316811750888,-6.441823558358135,-4.0492078266866285,8.026480699570548,6.416472919492181,9.589638838979484,overall warnings,
2022-08-16,4.337441274293421,3.434278178998701,5.204535653600862,-5.818665156869294,-7.05457250402446,-4.520788998534728,8.318777591899757,6.746991021052099,9.875278075134949,overall warnings,
2022-08-17,3.806296911136121,2.996287964910171,4.635144704596409,-5.763250163054584,-7.0632690374858695,-4.519558532837194,7.989643288803951,6.423800402131543,9.618967569027413,overall warnings,
2022-08-18,3.1974363150312906,2.4995642051622413,3.8962958400094405,-4.590069917509217,-5.733846742074841,-3.4492902127229854,6.852263514798757,5.362707056413755,8.281596354929862,overall warnings,
2022-08-19,4.079017839116777,3.2371453095975022,4.885238616185133,-5.595561420768705,-6.8321411586268965,-4.378891694409123,8.39268053438198,6.884132085805095,9.93646741594419,overall warnings,
2022-08-20,3.9931795866721154,3.1623149812993194,4.84127830824703,-5.62144703932607,-6.871357825476528,-4.40216128260567,8.05552159262471,6.4794311273042595,9.634041127530859,overall warnings,
2022-08-21,4.215203616956811,3.3673324630263837,5.082250914365702,-5.2563470268499355,-6.436745355061523,-4.081563644389161,8.197705796874843,6.620661361960825,9.781189799221817,overall warnings,
2022-08-22,4.615133012285391,3.7760658194218393,5.493060536989409,-5.67771517496385,-6.8724445683117725,-4.568841042985272,8.207112944588513,6.708532746489024,9.690883999224623,overall warnings,
2022-08-23,4.415777019805491,3.5453881168542716,5.293524871615385,-6.313951900378732,-7.662790043752172,-4.992904386173729,8.343510305182392,6.785196206868234,10.008041842163543,overall warnings,
2022-08-24,4.471093660570196,3.642464518398644,5.389405571046791,-6.156273000980613,-7.506933541552725,-4.930255762888576,8.217672773268912,6.772812740400516,9.820485140902647,overall warnings,
2022-08-25,4.827701295883303,3.9864754273287573,5.654592068075076,-5.738908870587631,-6.84068745615784,-4.650841412208591,8.180344136303226,6.7279241668112775,9.639125036002028,overall warnings,
2022-08-26,4.580324370181397,3.7339058626191872,5.450400620951219,-5.544884717660799,-6.708284134465309,-4.375069420235395,8.362672734952366,6.841056639597999,9.895233868951406,overall warnings,
2022-08-27,4.79294029627503,3.970932085759605,5.640026863584449,-5.990292369278352,-7.221130447074605,-4.802790436351624,8.8389933866793,7.330147715961346,10.370574359752567,overall warnings,
2022-08-28,4.686881511087558,3.9034533346515214,5.491357898351516,-6.1748171556755604,-7.388815732160401,-5.029809309480017,8.562091380035387,7.100130371012378,10.04666881679367,overall warnings,
2022-08-29,4.9632875570231505,4.160463827494322,5.7952073038832435,-5.841488662920883,-6.882032997669659,-4.740161327879608,8.600758163738881,7.180681969182238,9.98408093316548,overall warnings,
2022-08-30,4.866281404319219,4.109104117087978,5.736093892045835,-5.45741876828334,-6.583714986162868,-4.438170777116253,8.151878238637497,6.828776817175363,9.611350634876066,overall warnings,
2022-08-31,5.159834515473445,4.37648490985709,6.010298644751645,-5.5854963444743415,-6.700416900668579,-4.594664806535329,8.200268462552526,6.890417088642116,9.609326439028951,overall warnings,
2022-09-01,5.455595721536966,4.573222230612308,6.278667255452828,-5.996130307827831,-7.064248844384116,-4.917982859174313,8.839473884777869,7.449595388383832,10.21008966838166,overall warnings,
2022-09-02,4.070657736586169,3.253631477861207,4.88537959493529,-5.698413106117124,-6.9820924823352986,-4.437642662499724,8.832526554661088,7.071767202287581,10.498067892640197,overall warnings,
2022-09-03,4.692700443761691,3.8784383256350887,5.48702669459636,-5.481541197268104,-6.541665000046038,-4.354029376313383,9.034366106448385,7.456021212945109,10.489777034373677,overall warnings,
2022-09-04,4.536554643792233,3.743108251370294,5.358672115869549,-5.456720193264919,-6.605775914379202,-4.369194677682924,9.34838718415195,7.760108597656022,11.051130901951007,overall warnings,
2022-09-05,4.920592194042155,4.083312214448756,5.727162587805375,-5.997471075161812,-7.143046796828167,-4.876193916887807,9.533498577106506,7.963235175916697,11.101526050695892,overall warnings,
2022-09-06,5.002754694183002,4.161097687499925,5.829345119847027,-6.049739614407148,-7.15209081378368,-4.930267599805346,9.256267211043166,7.7319891257861695,10.745759608710282,overall warnings,
2022-09-07,4.601570882753116,3.742802618979752,5.360024127653009,-5.554816100485656,-6.603745678261732,-4.347406433669767,8.88044246413182,7.219306255881645,10.358511299578138,overall warnings,
2022-09-08,5.255860233026331,4.405709271450767,6.121281796301566,-6.480117225808772,-7.6479393634478985,-5.291196916607245,9.697738864916593,8.169024342591152,11.267162420958034,overall warnings,
2022-09-09,5.2509191725854105,4.408381653238448,6.074645399646403,-6.914761416336969,-8.118270489778011,-5.652827841293929,10.09648526060406,8.51299795511322,11.637488942083278,overall warnings,
2022-09-10,-0.7632207121870898,-1.294354388536284,-0.25359866674248815,-7.563504030416254,-9.368286253046461,-5.867387512374752,12.672311444001924,10.297964142987281,15.165252106788992,overall warnings,
2022-09-11,0.035511058324083924,-0.4823954893910968,0.5518218629030301,-5.3592585593027815,-6.7879507188736365,-3.9899335720256786,13.258025507134459,10.654159361267201,15.845134277959408,overall warnings,
2022-09-12,1.4593283957855483,0.8467284884009024,2.026107380394164,-6.015395381715139,-7.344566619482937,-4.629107908780437,13.386663766470363,10.818775168786011,15.810533467878008,overall warnings,
2022-09-13,1.6027060380299538,0.9925730326546259,2.204589416794665,-5.3556788135119575,-6.6824550438632055,-4.0844383437874745,12.27666681198629,10.01608078400819,14.60531852153049,overall warnings,
2022-09-14,2.0472471477378584,1.4169828596979095,2.6550159976494583,-5.090631636876791,-6.292469247248525,-3.8012636201157135,11.730031599378158,9.264595331809776,13.973491092090358,overall warnings,
2022-09-15,2.602987269604314,1.8728411374915,3.2874752159453093,-4.982581827218123,-6.224074853565755,-3.7016715124434363,11.081815203346247,8.812708966573606,13.299352301234702,overall warnings,
2022-09-16,2.874125995670121,2.1407928336671582,3.6373080107481535,-4.8110553587029745,-6.112733781278893,-3.5920310224361196,10.285501123844057,8.170801408991625,12.39329715419621,overall warnings,
2022-09-17,2.3974137644378004,1.7388394719406377,3.089544864660322,-4.8957687349669925,-6.242139364486765,-3.5841675273352513,9.901432178302116,7.651827567648044,12.26463788985933,overall warnings,
2022-09-18,2.169941320004228,1.5161261835178135,2.8272630083899886,-5.320080003431482,-6.72034185053344,-3.8951083625062273,10.55461587057852,8.07617300394517,12.890655097755559,overall warnings,
2022-09-19,2.256923436214464,1.615718556453461,2.9567609353025057,-4.46239836618505,-5.685738975347074,-3.3542312706733046,9.915683386324243,7.856578496082932,12.101167721885997,overall warnings,
2022-09-20,2.4496376268494355,1.805411936977521,3.099313423538708,-4.368612037622183,-5.505267279147914,-3.218521760210799,10.158633308984932,8.006814601660897,12.351119197010371,overall warnings,
2022-09-21,2.7980928638729354,2.0622824744599146,3.5328268242708387,-4.086279949363941,-5.212272460446413,-2.914501322158246,9.98075228809565,7.74763209426472,12.117912172509294,overall warnings,
2022-09-22,2.688177712389354,2.0093525534756984,3.3926409680100305,-3.7343194510655406,-4.807398490204334,-2.7098018865075466,9.678674362153284,7.596886703158797,11.69614279505094,overall warnings,
2022-09-23,3.2942625546768625,2.528328731541206,4.01513440940371,-4.416610762186067,-5.479998443437108,-3.290672193788846,10.237041870605118,8.233507888741554,12.210233732779914,overall warnings,
2022-09-24,3.711608515174083,2.9837254104043422,4.452977485642824,-4.54743607390748,-5.593100860562914,-3.5368087146068024,10.220763842546848,8.306686046542957,12.026698681810004,overall warnings,
2022-09-25,3.8905506511597094,3.1081680065831874,4.6037312925200355,-4.7987757964488065,-5.8220779843156825,-3.7039253854248035,10.130405481559755,8.208834651785489,11.874708437727643,overall warnings,
2022-09-26,3.9937514329823665,3.2716736102042305,4.714538913293757,-5.173281010564047,-6.222265602762384,-4.135249838015985,10.097472520557751,8.38352375861842,11.889098442799185,overall warnings,
2022-09-27,3.772917103642974,3.0299667641975865,4.462977611888997,-5.055153135651237,-6.114620310574782,-3.9395833542068535,9.929625055700814,8.05848817434299,11.725500686851484,overall warnings,
2022-09-28,3.3611639161025,2.7067381946140854,4.064040982405858,-4.206121917437878,-5.281655409920017,-3.1842157464521086,9.488722269818606,7.556614889242464,11.29979127335441,overall warnings,
2022-09-29,3.9566618806931757,3.264870623276628,4.674924062004677,-4.130444299930383,-5.091835737617075,-3.19960611937335,10.107901388601832,8.40702805650092,11.806153924248415,overall warnings,
2022-09-30,4.164173856338898,3.41532707693202,4.9203820011748896,-4.786320157757638,-5.81185037756356,-3.7876671775205115,10.563557852466726,8.719843349629828,12.362897552684126,overall warnings,
2022-10-01,4.137574867480261,3.4671779212667095,4.864103654177384,-5.031940333345534,-6.013441763585008,-4.058713879184609,10.303129590924556,8.686008641645692,11.947799811754862,overall warnings,
2022-10-02,4.252083730569976,3.5113275519342166,4.951120934364961,-4.9814079544579535,-5.989758729865571,-3.963236238301697,10.381482061531095,8.649749538482855,12.064473892830879,overall warnings,
2022-10-03,4.238946336096742,3.5669146508119214,4.979745805052604,-4.666181532617383,-5.660826451322081,-3.7281178254162954,10.209060484218497,8.587360292039008,11.940601999633493,overall warnings,
2022-10-04,4.462781363675942,3.7129060420273934,5.176487721527537,-4.7619378074874605,-5.741777422485002,-3.7663153620062317,10.38333647786041,8.739779335488036,12.045173613729444,overall warnings,
2022-10-05,4.613745659836342,3.871969470675078,5.320512493313645,-4.893472105923472,-5.836374876287249,-3.9235943151591384,10.327740150257355,8.669119870292088,12.059621385143725,overall warnings,
2022-10-06,4.614847783812711,3.8892240222098637,5.347808547344852,-4.783713719813183,-5.779922026278954,-3.851872202759762,10.377605511177794,8.703408524064518,12.023309461332836,overall warnings,
2022-10-07,4.72442862502037,4.0150773170020315,5.411321573657711,-4.642116426794737,-5.582754927527319,-3.7065843412729302,10.251062392664021,8.701251362585204,11.78670180339186,overall warnings,
2022-10-08,4.825748623000445,4.081206639122813,5.5637831815763334,-4.835854774930722,-5.774712505147998,-3.892619383689054,10.591045322440365,9.03007403488859,12.232091926311872,overall warnings,
2022-10-09,4.771400726113057,4.07299244321434,5.475761929098544,-4.905387814372794,-5.801762043015801,-3.9589256602,10.495693771974972,8.921547372476915,12.13319261198935,overall warnings,
2022-10-10,4.939155442286307,4.220761830444812,5.631044818659467,-5.070716429682429,-6.021981064568883,-4.113549636707132,10.511149901296466,8.934641425706548,11.987902354083706,overall warnings,
2022-10-11,4.954848362380684,4.228402036400826,5.655071810104967,-5.051823023011483,-5.995656083687401,-4.054732089239777,10.673022114103935,9.170937164544508,12.220235834226182,overall warnings,
2022-10-12,4.998315531401785,4.313602589900148,5.695377177596939,-4.836717086259023,-5.736648138209752,-3.9379829123809826,10.78986672757097,9.281634651575287,12.401222915863253,overall warnings,
2022-10-13,5.09018354121503,4.38366274752715,5.7671666781782625,-4.769696532349022,-5.665023258140547,-3.864041982503881,10.557074386054802,8.943851498189982,12.009354420654299,overall warnings,
2022-10-14,5.303481162198622,4.609328630000216,6.0297937669868,-5.01661057210379,-5.9527014143472945,-4.073843846694129,10.972739075419614,9.414356592796059,12.507780759041546,overall warnings,
2022-10-15,5.250966537356832,4.560419221918897,6.013144273887239,-4.682903857646902,-5.578197511106998,-3.803692549335978,10.975281313018547,9.423919054530419,12.539443648173393,overall warnings,
2022-10-16,5.2116139316953545,4.520459396339876,5.919736799090581,-3.992070297399674,-4.867192918392712,-3.112609072125252,10.778737655411577,9.317663302485824,12.304592323454072,overall warnings,
2022-10-17,5.3044938895239735,4.621849046437461,6.015258750830458,-3.237638265605394,-4.038566640259272,-2.439443343840682,10.593861540659535,9.166838462111768,12.048568446466605,overall warnings,
2022-10-18,5.276175308815649,4.599371299260025,5.973980600806967,-2.395373665090535,-3.136049084217421,-1.614257311733894,10.610838405637931,9.07718240277197,12.082734469339464,overall warnings,
2022-10-19,5.377523310131441,4.674154382439178,6.10342848934509,-2.3014575762490543,-3.066864732365887,-1.5335796271395978,10.707470648098317,9.183720593226184,12.134856285449752,overall warnings,
2022-10-20,5.273636258253264,4.5926589444527846,5.923299931320829,-2.3212023153271355,-3.062993933922535,-1.5550072647679638,10.20338264773805,8.756169630472643,11.633855066564566,overall warnings,
2022-10-21,4.9496121332274,4.26825937613063,5.595520809283773,-2.422337473197895,-3.195980882949799,-1.6536970209676283,10.13745425407063,8.575939440699955,11.646140381186399,overall warnings,
2022-10-22,4.079474246603367,3.5194217876199736,4.69536230588413,-1.5144457718282966,-2.2522624971582847,-0.7375611516273866,9.964678955315275,8.371823498896733,11.587687126916038,overall warnings,
2022-10-23,4.941600241566987,4.273359842563499,5.595102140648603,-0.21787073973666393,-1.024621846662202,0.5832451994532367,10.7326955757989,9.219680093967453,12.270759635781639,overall warnings,
2022-10-24,3.9882091348029887,3.414279172286077,4.589116388199002,0.438530365056507,-0.3934123259350784,1.299894305098729,10.199037339765638,8.519942976267105,11.920377098827798,overall warnings,
2022-10-25,4.728896232918124,4.094092745565768,5.335013099821937,0.21267623252487522,-0.6286900645216942,1.0481575851478686,9.834583708947696,8.295920257247607,11.375995513749908,overall warnings,
2022-10-26,4.821379955501083,4.261599699249895,5.42970705095755,0.5236925973623532,-0.2663723226914768,1.3366460179938207,9.480157400536099,8.18087412309681,10.830672860921439,overall warnings,
2022-10-27,4.832134537989546,4.184012773044072,5.4384701529912345,1.1403544545390338,0.2700814479289208,2.006800871106418,11.114378347643498,9.543374486256742,12.732541514757433,overall warnings,
2022-10-28,4.742157534933653,4.115972710125117,5.354253199620725,1.852510816900966,0.979384421383942,2.7323889795031966,10.319655169596832,8.86313091715121,11.848326092117901,overall warnings,
2022-10-29,4.968524331639792,4.309069817182786,5.655139244834327,2.5646304400443327,1.5976984003601018,3.537748549178251,11.154289166517046,9.58432168794309,12.849031883695076,overall warnings,
2022-10-30,4.898797646931063,4.251536439669465,5.530180624810362,2.196384662060327,1.2833172365023022,3.1652545974356534,10.495342236115512,9.027634201705961,11.995735348036249,overall warnings,
2022-10-31,4.914635143902791,4.298646539969796,5.530233374535339,1.248454237661526,0.31521526121493976,2.140144646018348,10.057593321801862,8.565535471859606,11.52507396873756,overall warnings,
2022-11-01,2.903243366108973,2.414313991844308,3.399608716766923,1.1154522271464522,0.18568569125058132,2.0203173908256433,7.9007728445630905,6.278179433150583,9.5083823654739,overall warnings,
2022-11-02,2.5697631306511797,2.0504306106202037,3.075677908614234,3.8386084299550327,2.711481378709742,5.051850785899949,9.680385520557685,7.7769763273123225,11.602488112195969,overall warnings,
2022-11-03,3.2195353271858385,2.6878543055975146,3.773662370390543,4.088034718100076,2.756970225230255,5.4700915000086905,9.130467918324218,7.449584859634781,10.86383993523143,overall warnings,
2022-11-04,3.193607361605419,2.685685414506748,3.726077220870207,3.3399966766352307,2.136933689716321,4.535136062558978,9.245797593764449,7.6136937599020715,10.917191787150502,overall warnings,
2022-11-05,2.9459951580933614,2.442798758685337,3.451949692959938,2.298801655696625,1.284128059601521,3.306377407507395,8.674274102487955,7.0423060757396945,10.32586627010214,overall warnings,
2022-11-06,2.312408158602636,1.7727863506306538,2.8671114473589805,3.0310078449041797,1.9989128419656652,4.032333750336725,11.648050990297172,9.164597205461666,14.06030159197629,overall warnings,
2022-11-07,1.4693073517621529,0.9790654716165815,1.9269857973296278,2.118300524536777,1.225613426766347,3.035098451902853,11.169410354873126,8.90156232317346,13.594129036681851,overall warnings,
2022-11-08,1.6233726028830286,1.1501033580186426,2.1194593744211314,2.18481495532978,1.272358452228238,3.149605764852889,10.985293204077635,8.759977882275638,13.28032021710659,overall warnings,
2022-11-09,2.025506308014707,1.55024426016702,2.5213329808221583,3.517537540317331,2.363071002199711,4.717283521277886,10.558617276465359,8.522097128701516,12.832316155924262,overall warnings,
2022-11-10,2.1111302634808444,1.6122131730157638,2.590758816230601,3.5688425135059343,2.4115598113433308,4.7096526136939785,10.225816565815476,8.081263044720117,12.28534907818899,overall warnings,
2022-11-11,2.3591808045199514,1.8155997509372408,2.861883099422379,3.17286948252298,2.1039394625033117,4.278166929538567,11.481043039189535,9.184028676251732,13.637864141014918,overall warnings,
2022-11-12,2.1060391348811454,1.6005962115022234,2.6426788717756318,2.7529454867555945,1.6765549937623194,3.825462251742393,10.77886172860956,8.479745783142713,13.014586624016571,overall warnings,
2022-11-13,2.2608692468489435,1.7295039739662488,2.8000073506055467,3.1020777333415515,2.1165435891911804,4.103260580723575,11.244976676464354,8.956217636117747,13.380832536747144,overall warnings,
2022-11-14,2.240242416872965,1.6974132080074409,2.790219394384859,2.684180834284874,1.7349068753467947,3.655360605233497,11.347576297711955,9.07050524411689,13.597232359162147,overall warnings,
2022-11-15,2.126448229265591,1.5946516481671391,2.6280621911166078,3.05956351260389,2.044888030772143,4.0326243945510045,11.313046122077136,9.105413082052284,13.447220706614338,overall warnings,
2022-11-16,2.171162062076778,1.6601390796344797,2.699718294194399,2.898588331030233,1.825772944578763,3.9503784991398305,11.201573214902414,8.873716035007606,13.573468576306134,overall warnings,
2022-11-17,2.3373446364436603,1.8425400034922277,2.8636069958254406,2.047272686791426,1.10798819166112,2.9704362113554796,11.305644067047249,9.207391337170277,13.448726859847092,overall warnings,
2022-11-18,2.017277512895779,1.5288483414244336,2.5349545687298223,1.966572966016587,1.1225968952973022,2.861069495884275,11.439889464202983,9.299627024676537,13.871181770386041,overall warnings,
2022-11-19,1.9942576540256787,1.481864304979248,2.4864065665388826,1.683118134100181,0.7935200559117254,2.5248593570383298,11.050754220847672,8.730055821153316,13.295784398291435,overall warnings,
2022-11-20,1.972247891292931,1.473770313112448,2.4593587215145933,1.3727109197400003,0.5254295724718193,2.2524766731496815,11.237178303613856,8.907977299671872,13.563738189333087,overall warnings,
2022-11-21,1.972080634311365,1.4881673557210302,2.4695387003167677,0.9678756910500805,0.12118400639810117,1.8233019653273148,10.685389637907392,8.504757422772494,12.852838142751846,overall warnings,
2022-11-22,2.084459063819329,1.6049634106729769,2.539731529919326,0.47598219111738793,-0.3354948078334432,1.283181533122193,10.671494717331646,8.427678916309576,12.881720906803706,overall warnings,
2022-11-23,2.050010657024301,1.525764291401607,2.5674351367312838,0.4865916127189307,-0.30970044843934513,1.278211273071463,11.385653294237821,8.907208120800073,13.828157156573841,overall warnings,
2022-11-24,1.9567835253573285,1.4665102693987948,2.4531279092911404,0.37188246275081394,-0.3687296812126786,1.0889932002541625,11.468552102210058,9.192129309075769,13.717546151872352,overall warnings,
2022-11-25,2.1297594176343955,1.6706429677178185,2.6321658216847186,-0.24581401679112208,-1.0019802192471232,0.48889000606880606,10.63610984469802,8.571841197851159,12.807934586309365,overall warnings,
2022-11-26,1.9416271591331555,1.425489688773347,2.437446958685355,-0.6194465173280372,-1.327705239719952,0.15229878439014669,11.48783758459481,9.096240145518314,13.786037580863187,overall warnings,
2022-11-27,2.037243523569161,1.566968701462782,2.5258884343932677,-1.3945845841143258,-2.132560061864261,-0.6598991268233403,10.981825670263778,8.797702412348833,13.250919648674873,overall warnings,
2022-11-28,1.6364612288431313,1.1606147404764369,2.113745975309121,-1.8953868763241435,-2.690038616370837,-1.096025011884915,10.697830316440523,8.316475808062291,13.029952440007213,overall warnings,
2022-11-29,2.005420958902815,1.5404855310969572,2.4698269965673867,-1.9596044886310409,-2.694992955929482,-1.178411626277267,10.363876577082298,8.282347027206727,12.56133979825102,overall warnings,
2022-11-30,1.3714304673024387,0.8911969086793388,1.8490176619335694,-3.377722267746347,-4.304218136674617,-2.4004825404432095,11.32494108981048,8.941591681957398,13.837253897039876,overall warnings,
2022-12-01,1.2411507711414933,0.8173352583770208,1.6950094225713648,-2.423665447540012,-3.2675491682740287,-1.5345480606488457,11.099932451504092,8.816280988014723,13.391262061241726,overall warnings,
2022-12-02,1.6906590458730035,1.2217541462161865,2.1909134908089163,-1.7924037132337507,-2.581872009156029,-1.0090609918194722,10.9631274697205,8.45972873808182,13.4094446977669,overall warnings,
2022-12-03,1.7766944839330638,1.2751145793903165,2.2566687731349573,-2.378604303883837,-3.205563517856944,-1.5154997568312694,10.96613296069063,8.465459308485887,13.525328240055886,overall warnings,
2022-12-04,1.7466650554224525,1.323842435555837,2.184790001867713,-2.717211487552958,-3.472988222448971,-1.9064453243920396,10.231499428439248,8.077445574372609,12.515292289825787,overall warnings,
2022-12-05,1.9439042056143538,1.4606766997632095,2.418282416745514,-2.6257852770170826,-3.450443439216249,-1.8491083035638685,11.284168079525212,9.050877050146946,13.572559479875991,overall warnings,
2022-12-06,1.9127931749316018,1.4394222428485273,2.389455111101515,-1.8870139096215635,-2.7100794814117797,-1.109687504235326,11.165369819387983,9.020962173127911,13.535112090250822,overall warnings,
2022-12-07,1.7517763817581682,1.2814500586066628,2.2252095283862845,-1.5214979021164545,-2.316283497744718,-0.738767349331995,10.607308857590013,8.35858131488116,12.869842851102002,overall warnings,
2022-12-08,0.7264286485113006,0.3096653068067391,1.137856264718219,-1.6460427139637692,-2.440225077126994,-0.8239757959401284,10.692935295737454,8.163700613058237,13.337548283189344,overall warnings,
2022-12-09,1.5588907473154061,1.0912492734676325,2.0620599191980893,-2.986619884900165,-3.862579827843008,-2.132966856164148,10.919629488044027,8.56296442865008,13.43140030147215,overall warnings,
2022-12-10,1.2925887666611078,0.8392696243498645,1.7188177107200417,-4.202979203597438,-5.241025896332396,-3.1838579161925464,11.29418507469406,8.860298958065439,13.764029934387521,overall warnings,
2022-12-11,1.6717900255447802,1.2198201162720457,2.1229017281130877,-3.0447706692966987,-3.8950656843844906,-2.1363419374225567,10.661843565526997,8.209408405054651,12.933725443686713,overall warnings,
2022-12-12,1.7609655054433755,1.3030775059479618,2.1738393927761983,-2.184008406431646,-3.0050472521638025,-1.3970420175000404,10.6943218425133,8.486041871456957,12.974432961949379,overall warnings,
2022-12-13,1.5222110264453628,1.0851796246181147,1.9886578198609244,-1.4524950971231876,-2.181897361280559,-0.6752315421906895,11.36641010924284,9.020247784381102,13.808591776381691,overall warnings,
2022-12-14,1.668342791487009,1.200313503764667,2.131731668446274,-1.3044433641986732,-2.065534289358583,-0.5418776025434676,11.11008250218367,8.734416272916333,13.416808360936615,overall warnings,
2022-12-15,1.580509266880918,1.1537722849565497,2.0289563253357996,-0.8509929573410631,-1.5863673853620526,-0.16259718874661855,10.773193607563728,8.499041713379203,13.153332986409637,overall warnings,
2022-12-16,1.3945553884667117,0.9237726557276972,1.8575455185283791,-0.6040653464315462,-1.331726737316344,0.10053049916505577,10.980722923976014,8.449259647926034,13.529849327655434,overall warnings,
2022-12-17,1.4444682243265734,0.9809915667973843,1.901634933335063,-0.9147890251666755,-1.6705180234039931,-0.19225694900248355,11.265954185894095,8.738527409554111,13.67578738151773,overall warnings,
2022-12-18,1.5177321355166598,1.0818039320145172,1.9578841317102773,-0.8391391345663717,-1.5588451521050535,-0.1325189064156694,11.253734899826895,8.865084204096156,13.657633493182527,overall warnings,
2022-12-19,1.5796451355997247,1.1551594391609878,2.0406594604905832,-0.5023324491130671,-1.2153747327938087,0.18513067154600352,10.969609315286753,8.694471019855536,13.408220406943409,overall warnings,
2022-12-20,1.1844540995169575,0.7610638828581173,1.600262114645355,-0.5005278654818622,-1.2342931082844475,0.2086531286549238,10.72825820387618,8.297446719240156,13.168831279129849,overall warnings,
2022-12-21,1.7163085967568816,1.2817979145417862,2.1613428337272333,-0.8420107262442229,-1.58151454335413,-0.10318678563722435,11.022269866699162,8.70489883652447,13.347575411626773,overall warnings,
2022-12-22,1.2967322949084064,0.8839406415560469,1.7163246151665803,-1.2296781418090674,-1.9569427372030797,-0.5367384054858853,10.91220215146307,8.668137689170976,13.36914669966263,overall warnings,
2022-12-23,1.5134820542628495,1.075683187089152,1.978356724544974,-0.8094152168820254,-1.5682599005081062,-0.0991646347831363,10.138003791214583,7.76956373549273,12.294804720159744,overall warnings,
2022-12-24,1.3681183933591445,0.9327292411112534,1.8214077744716333,-0.10222522164783605,-0.8204154196956869,0.6444253963340894,12.110599659868193,9.746848556899776,14.629948979756307,overall warnings,
2022-12-25,0.8284920944493157,0.40803654426468255,1.2345749066875604,-0.44988047449778756,-1.1687735791251934,0.2929201011400138,13.146005215893528,10.538298289401563,15.519147327887442,overall warnings,
2022-12-26,0.9957858649705105,0.59307003772874,1.4148443124101546,-2.5881932425323293,-3.3844875192148542,-1.7736036818457341,11.432353686764818,9.116894107990914,13.882182335299678,overall warnings,
2022-12-27,0.2972140952020204,-0.14696299304257496,0.7134660460104292,-2.6792440452995843,-3.680218944212358,-1.686962319796814,8.542454791758551,6.228390593376038,10.89147265815722,overall warnings,
2022-12-28,0.06450744281600654,-0.335977615060092,0.4675143643469383,-1.4528279095653063,-2.3330488611138844,-0.6580780911635515,12.98812457727232,10.418372291426843,15.780822209109717,overall warnings,
2022-12-29,0.16383875212251303,-0.23861036695347337,0.5606206142222208,-2.0888420638788503,-2.918285877300919,-1.2257326569137401,12.786831044224257,10.210731193239834,15.3358176670925,overall warnings,
2022-12-30,0.18712968158263688,-0.23287395372103675,0.5795110136463048,-2.7958959552082465,-3.641864399716711,-1.8489936236002624,13.033964796480337,10.300324661345854,15.698791580748841,overall warnings,
2022-12-31,-0.059173892639761326,-0.4636399721646583,0.3401457705486985,-1.5912578631587144,-2.396484388750769,-0.7507042554072506,12.436533744223356,9.95785942951257,15.11284647037964,overall warnings,
2023-01-01,0.12830373353189745,-0.2596172162267703,0.5263405081290189,-0.8109165825686675,-1.6022830240475576,-0.06084996143398417,13.064714296735199,10.28627408284474,15.842400439532742,overall warnings,
2023-01-02,-0.11259895416148365,-0.5190649299636391,0.26681053321510445,-1.4400358215288303,-2.246595375719716,-0.6500979705918216,12.990593608123415,10.267540391032263,15.64227434589121,overall warnings,
2023-01-03,0.15653323460861074,-0.2329211923565028,0.5582039950348994,-1.4392293901927586,-2.2627231993184704,-0.6593366102056368,12.723191173869381,10.183877729823287,15.389952088362534,overall warnings,
2023-01-04,0.22168839336413482,-0.17211484289359089,0.6523455255209368,-2.8796997775323314,-3.819437410354643,-1.9833011275824184,12.227886586500151,9.56393498322033,14.944721299230645,overall warnings,
2023-01-05,-0.18326125472328145,-0.5769809594658587,0.2192340099682817,-1.5047945595667354,-2.3052652237862605,-0.6859928778150423,11.864258832998644,9.3614286621328,14.402722235914574,overall warnings,
2023-01-06,0.09063535456313647,-0.3259813517319754,0.5132144248385406,-0.6472385171963702,-1.4428120134477405,0.08990971491386421,12.75400434406304,10.167721330120749,15.36970181030902,overall warnings,
2023-01-07,0.16029423908974072,-0.2516609629801723,0.5911403029957399,-1.9667927233755973,-2.7839463359080625,-1.0905071773769048,12.560636797320242,9.816886717309668,15.190640551317566,overall warnings,
2023-01-08,0.11692818463456187,-0.283432000790625,0.5124303644531221,-1.6928789276801077,-2.483189961539447,-0.8630022736650114,12.647970203643201,9.927347402182917,15.387902142271265,overall warnings,
2023-01-09,0.11602219043031961,-0.3216660125439916,0.525137520769388,-2.401424901285818,-3.2666012505713526,-1.5418330310564408,12.939356625131346,10.482378687285498,15.59387107174962,overall warnings,
2023-01-10,-0.28539941847235334,-0.7095659351492648,0.11313013229007705,-1.8785500331963552,-2.7333401428568553,-1.0482036597263549,12.897486664609016,10.16138804846788,15.516739222456282,overall warnings,
2023-01-11,0.021341733451873797,-0.3674568501878904,0.4344985052759724,-1.3212811561277373,-2.0768442097810316,-0.5474201543054716,12.853521437686876,10.146858999931698,15.447942491873604,overall warnings,
2023-01-12,0.1699036703826809,-0.25479109986721615,0.5953820486504223,-1.589206265564977,-2.3565200922278233,-0.8593922123146949,12.832488302808493,10.137140876745574,15.421628168615463,overall warnings,
2023-01-13,0.08981657011940425,-0.3252501874718122,0.470210385532737,-1.7338192313703815,-2.534605525245295,-0.9011187681350494,12.978418318209968,10.336598333703582,15.537684972332725,overall warnings,
2023-01-14,-0.13181786089400488,-0.5424739296280173,0.30012511828704863,-2.587352104398704,-3.5533092933278305,-1.6343428540646805,13.069590672888793,10.273730596937652,15.694487428200237,overall warnings,
2023-01-15,0.017608394029496988,-0.3984455425527868,0.4393074196459419,-2.177759336513609,-3.115975640572041,-1.29800199149679,13.019952708790505,10.36786668935377,15.742798187786317,overall warnings,
2023-01-16,-0.01975766706249471,-0.42513664943975327,0.3907080976111621,-1.5963252089709132,-2.4164946047261773,-0.7522483715271425,12.869842962492763,10.028300722848785,15.673686018063629,overall warnings,
2023-01-17,0.1688073748670624,-0.2373032144151662,0.5686002708631361,-0.9690726375534088,-1.6962565860226244,-0.22674394054106478,12.869506840167293,10.302000362747043,15.424309902364296,overall warnings,
2023-01-18,0.0040483571363158916,-0.4189055453674058,0.42863044283388907,-0.9946863569429256,-1.7617312198217807,-0.16423561701426942,12.444194690306766,9.855243999798443,15.076910401649904,overall warnings,
2023-01-19,0.17309536172968332,-0.2333512632050422,0.5766670962489279,-0.09162406267104349,-0.8377925119177284,0.6339320357340754,12.249249647648593,9.564916541962138,15.031223407490362,overall warnings,
2023-01-20,0.13408173068657186,-0.2870631767366431,0.5693015087710983,0.14753920286318586,-0.5906927518894999,0.9246420950550053,12.309674162534037,9.714745204019845,15.023674658632022,overall warnings,
2023-01-21,0.24223558650887902,-0.16600187785351797,0.681279376238916,0.06820596076954455,-0.6842054677273017,0.7835406164149579,12.620941524359107,9.811228277778596,15.270855300147833,overall warnings,
2023-01-22,0.23522560280886212,-0.1858476930238934,0.6500186353348144,0.011177177183505211,-0.7305014871219712,0.7856677083323813,12.62627419215491,9.904274038985557,15.18590424493808,overall warnings,
2023-01-23,0.17316529232479388,-0.2558553891027534,0.5959489899700587,0.13868352649867616,-0.5965315797321287,0.8980036050316159,12.742054192747979,10.121677483672782,15.379669276279479,overall warnings,
2023-01-24,0.2118957675553082,-0.20409741038302812,0.6381857941949572,0.5194723170936765,-0.21429660843308826,1.244355005252662,12.878700530972962,10.064616683868373,15.550833164185885,overall warnings,
2023-01-25,0.21585810944754918,-0.2118745542922033,0.6541109621892922,0.7426903435243049,-0.011548314517125803,1.4845101502141036,13.020298522244936,10.326633103758347,15.683560836441039,overall warnings,
2023-01-26,0.2955360477764917,-0.16488625485770864,0.7462049549753584,0.45452922409939023,-0.33874612247975694,1.2412393511127622,12.959382812266337,10.47129507277684,15.532116444610448,overall warnings,
2023-01-27,0.2728539105995088,-0.16472321950061583,0.7024920020528292,-0.47602835230126783,-1.2441867921679828,0.2443004630147941,12.879589965905902,10.260914461574687,15.499573234497054,overall warnings,
2023-01-28,0.340223841334958,-0.09102179208848314,0.7764305828327352,-1.2887641916514698,-2.097217223411358,-0.47344553004689965,12.907205905430146,10.411092762784891,15.604541562019351,overall warnings,
2023-01-29,0.17248830560210357,-0.24062877772714564,0.5932503052016723,-0.9238848253503246,-1.7102545817601023,-0.14022235820228018,13.07208207751204,10.647186676308925,15.801389713028332,overall warnings,
2023-01-30,0.2699981252236524,-0.17484209090810726,0.7236534822146811,-0.06323253463599268,-0.8133543364490698,0.7368839374888827,13.140637419723285,10.53404209220669,15.881653526551833,overall warnings,
2023-01-31,0.3716452106235979,-0.05779723560235494,0.8121670505841313,-0.4785299420184532,-1.2640711546665135,0.261983929797242,13.378951115493358,10.66273294492663,15.89050642042744,overall warnings,
2023-02-01,0.3315147283970842,-0.10490384778808337,0.7543216262832556,-0.7355272790427931,-1.504511653079095,0.015270892115636462,13.300644736209712,10.739721959206813,15.879962261789307,overall warnings,
2023-02-02,0.5171561139907892,0.093466957054806,0.9507555258491381,-1.5080630914595052,-2.289276923200693,-0.7255329728408644,13.293576917815564,10.702154714179482,15.931601598506683,overall warnings,
2023-02-03,0.25572633900694414,-0.16300749160497965,0.7046383777249394,-1.069415553466238,-1.8163739700562926,-0.334094246116835,13.31836005104628,10.57646432067354,15.892912312637238,overall warnings,
2023-02-04,0.454014069667973,0.016871174914267928,0.9128002902965301,-2.0191163062370396,-2.8777804719610622,-1.1943368312590816,13.175863571785396,10.59003900132619,15.801347341868968,overall warnings,
2023-02-05,0.18219385480072325,-0.2567225592035264,0.5956690113007508,-0.6922413785368824,-1.4318947140889846,0.08346279707903477,12.731991582734217,10.185050369620985,15.331199555459893,overall warnings,
2023-02-06,0.5989828413346892,0.12891087823464756,1.0778462181103665,0.2446831436314051,-0.5249981112577794,1.0364436205387333,13.32426394033485,10.754212319128843,15.884728669309926,overall warnings,
2023-02-07,0.5132130259246854,0.06682137985022646,0.9711871527069785,0.07259043895006391,-0.7101448820846347,0.8271153508488287,13.656584569201005,11.138744611831461,16.216951952117395,overall warnings,
2023-02-08,0.5732342383523625,0.1345450407086027,1.0312195216706637,-0.09623680832122523,-0.8267566518972662,0.6610936569503175,13.473303652555712,10.960399340150618,16.141242296200996,overall warnings,
2023-02-09,0.6833501468222254,0.2183357767913978,1.1277710539081964,-0.8021377230054245,-1.549038378221919,-0.07387486204093617,13.516313068433107,10.823003858194946,16.07909724882052,overall warnings,
2023-02-10,0.6247276941370214,0.1993061199158421,1.0735459908365368,-1.4882429389242529,-2.2821750974343287,-0.748465203434107,13.578960113001184,10.957558775587872,16.057715194558448,overall warnings,
2023-02-11,0.5577366117702015,0.07783771165605889,1.0203276687827434,-1.3811420686696279,-2.16486298624079,-0.5646791792823689,13.429558028296906,10.803618576652136,15.953941937583311,overall warnings,
2023-02-12,0.7046348224441832,0.20233641692902077,1.221980899277479,-1.4079608850274723,-2.2414021773698534,-0.5633701546945433,13.67832708414593,11.035047020808994,16.274192586398197,overall warnings,
2023-02-13,0.7145101498167288,0.23570287959628758,1.1628387070331154,-1.6886901171226953,-2.498069611351194,-0.8507896630686395,13.608647654762905,10.75625744034036,16.20389306206979,overall warnings,
2023-02-14,0.580699898474591,0.1375740101922224,1.032652686889629,-1.2211007552394142,-2.049379698875281,-0.46221975588363834,13.50039723103143,11.019365803561152,16.00520265349532,overall warnings,
2023-02-15,0.8573747583651581,0.368288927468732,1.3168661394609644,-0.8058179215558654,-1.556412213172796,-0.010031188632697897,13.487516385158845,10.847835575462769,16.018324340150855,overall warnings,
2023-02-16,0.8697585475443934,0.41579504539811385,1.3242056824186572,-1.3767202745510243,-2.159169025160516,-0.5876223726503733,13.202906896144725,10.686382938289531,15.852286593898182,overall warnings,
2023-02-17,0.8481379448110455,0.3669959973176567,1.310208204628754,-1.2934814120860785,-2.058006116668556,-0.5471086005584572,12.98408429176211,10.437847699498171,15.515440170542405,overall warnings,
2023-02-18,0.946035993245097,0.4689272110593031,1.4360620905000647,-1.422438050956531,-2.229891322349198,-0.5851405418135794,12.830638573265585,10.398652961005707,15.344388166382174,overall warnings,
2023-02-19,0.9942213517319733,0.5050644030428324,1.4662266479091772,-1.110170968509443,-1.8833580133955405,-0.2760669742959637,12.892476883823775,10.355174519118043,15.383516909140226,overall warnings,
2023-02-20,1.3346794469350427,0.8438704541409114,1.8602426526526499,-1.6815330947179097,-2.4791347955723064,-0.8778237069471587,12.40026635782707,9.921880940762307,14.858351049587402,overall warnings,
2023-02-21,1.184341806352213,0.693700937613793,1.6634656336335316,-2.453567158474331,-3.3392612848833263,-1.5686790218777655,12.46133504985342,9.861064252838524,15.023163765693988,overall warnings,
2023-02-22,1.1369639721140758,0.6564073549577325,1.6131304207013943,-2.361812541467289,-3.2272132325267444,-1.455533114760778,12.640694828006904,10.12016755355826,15.179029642905258,overall warnings,
2023-02-23,1.3233137458781916,0.8315474015745167,1.8098842530831332,-3.115953549850432,-4.057825484238213,-2.2121240572332437,13.058156772187957,10.696139156697976,15.5855024140882,overall warnings,
2023-02-24,1.219776165277405,0.7034852480336056,1.6964470155324223,-2.015158682938484,-2.8174771019631075,-1.1142749632750897,12.623326878148843,10.206139746596971,15.006811847557152,overall warnings,
2023-02-25,1.5065194074631223,0.9543432811967941,2.0581128409466163,-2.1496731899825945,-3.00846505404652,-1.2884628945172454,12.798753822489054,10.37175754078664,15.296102201395302,overall warnings,
2023-02-26,1.5407776526331078,1.0630431048247588,2.020036662011067,-2.167396844941666,-2.9841909908228437,-1.3534598975424565,12.031161965232346,9.772713305552287,14.384194765204272,overall warnings,
2023-02-27,1.0488040780935197,0.5726359675420549,1.5167459304227766,-2.9970838969338174,-3.9715559998594636,-1.9988479209221333,12.6934132021687,10.103008984217906,15.266528779787686,overall warnings,
2023-02-28,0.9887752157876573,0.5388599978932077,1.4684878052628516,-2.5796259946358857,-3.4289278495532463,-1.7053827878767525,12.173879104958129,9.73491207327864,14.394386828435282,overall warnings,
2023-03-01,1.5245779188177804,1.0173693859902682,2.029195892746212,-0.9056692644922125,-1.653465421596226,-0.1305051822321925,11.784967124399216,9.654634401623476,14.018129268647371,overall warnings,
2023-03-02,1.9900358047417848,1.4567734755609802,2.5155698791022627,-1.1835724052228582,-1.9439672676316249,-0.3987489892974158,12.973755063515682,10.490214315316488,15.340510018418158,overall warnings,
2023-03-03,2.242631009076213,1.6606425063722476,2.8207489992296644,-1.8625451167802183,-2.659017779618063,-1.0623066687206013,12.035232423299664,9.785939311941837,14.276531865145731,overall warnings,
2023-03-04,1.7064393020932407,1.2467761585517996,2.1863887566021303,-3.295161044046529,-4.154253073483934,-2.4212786912550825,11.480564569928127,9.323842111621575,13.724715927099568,overall warnings,
2023-03-05,1.9265753268210224,1.412924201120105,2.4504293070327163,-2.572096302632099,-3.4230922642303105,-1.6864581889947161,12.163085594347818,9.97935584932441,14.281036151040192,overall warnings,
2023-03-06,2.2949400489435368,1.7402224785484037,2.8709187286325144,-2.0737519613010162,-2.9022423074258326,-1.310074246444499,12.973144355652053,10.822891138092931,15.350856016688002,overall warnings,
2023-03-07,2.0585312393213617,1.545269654202742,2.6074111552134958,-2.058747201217339,-2.863162745606571,-1.2843765301918548,12.348026027080174,10.024986543897644,14.617549005376794,overall warnings,
2023-03-08,2.568721611251753,1.988579279377007,3.139318434685351,-2.133931879318478,-2.96266540047301,-1.3526531379750708,12.572897828803356,10.26339722313395,14.727683062248913,overall warnings,
2023-03-09,2.437555447749082,1.8276406073872487,3.0694294659904706,-3.9007078611927817,-4.905228709253187,-2.8526930427169725,13.890489897592325,11.379885917161019,16.361411290324064,overall warnings,
2023-03-10,1.985732269900645,1.4411505428793052,2.551725490413497,-2.6298287397407836,-3.4860995829404917,-1.7692268449046158,12.646164574241975,10.480399671578192,14.91959762560141,overall warnings,
2023-03-11,2.1068113155388817,1.5237791275181631,2.710187447159446,-2.2380497518300198,-3.072557905667417,-1.427899568933085,13.20638080945729,10.779892690494126,15.581677987593201,overall warnings,
2023-03-12,2.1817491960779285,1.639136464204855,2.7036478988604458,-2.759612427908209,-3.5700028752992123,-1.9088314119139342,12.984552534655009,10.644090534760151,15.18287273872964,overall warnings,
2023-03-13,0.6088928464519398,0.10870996693815811,1.0910562972614293,-1.7619599541816686,-2.619742430070252,-0.8820027540953497,12.785595771340716,10.368280392099692,15.250021780880461,overall warnings,
2023-03-14,-0.3261033170976314,-0.7881962016489455,0.1708068741891755,-1.8074490279854656,-2.693116314206554,-0.9219073721965034,13.070547844958037,10.254130718087234,15.68868904792362,overall warnings,
2023-03-15,-0.039573493323550576,-0.5200162428489912,0.4428042983504251,-1.4044931009963415,-2.2414284073192983,-0.5710740760998999,12.786750005048553,10.153001594270295,15.345233030842705,overall warnings,
2023-03-16,0.3776013687168563,-0.13227952494134407,0.8598339231053296,-1.4155615175577356,-2.216222474370041,-0.577822245590607,12.924679236011457,10.304442558543034,15.519116954487721,overall warnings,
2023-03-17,0.6082808559425207,0.13647154444419432,1.1305279214902735,-1.3325147224823297,-2.123606169982849,-0.4940677728668835,12.720147353749748,10.254514838843999,15.343422800575857,overall warnings,
2023-03-18,0.866712480106401,0.35914142854535447,1.3970726931952921,-1.8745347289201908,-2.744557418438581,-1.0231323790014608,12.69440725596115,10.183267027235575,15.46312056328715,overall warnings,
2023-03-19,0.7356827354239137,0.23151942976354173,1.2538303304989282,-2.423895881125527,-3.3399818414205185,-1.5540444017833799,12.432736615299728,9.905950223275546,15.115824720944163,overall warnings,
2023-03-20,1.1230321454236516,0.5917880614717773,1.6557098365607308,-2.182235634223712,-3.0626928913204177,-1.3219574281410194,12.894165033531408,10.504679518002874,15.458115253157944,overall warnings,
2023-03-21,0.7512130350584716,0.24385778314061032,1.281786669531134,-2.7130206400994874,-3.6443935897292588,-1.7088850200481343,12.994225375254047,10.450156485982363,15.517335583880195,overall warnings,
2023-03-22,0.8771225614179666,0.34086928979802134,1.3887895303478999,-1.664399862440442,-2.47893355771298,-0.860928028372236,12.231404836188723,9.780094409280032,14.540780956520585,overall warnings,
2023-03-23,0.8715964795531321,0.3458352548805258,1.408999695552453,-0.4559631754435978,-1.2576402957397992,0.34151009924238857,12.546823148333761,10.030669642477667,15.094941051345007,overall warnings,
2023-03-24,1.0229836151892737,0.4761742848323912,1.555056643668273,0.10635769655814213,-0.6456430420169937,0.8742020146161312,12.555001396695474,9.975500606478725,15.224309985333736,overall warnings,
2023-03-25,1.1029192980401121,0.5272090046538581,1.663662349780771,-0.07069733128920905,-0.8329841085629778,0.6966524369982521,12.481620890270634,10.052280981494537,14.976689139649787,overall warnings,
2023-03-26,1.4818182892321476,0.8916931308778296,2.0603178970411578,-0.3463479658043235,-1.1424444850225703,0.4180044162389501,12.57776716390265,10.119100139349122,15.134964828661063,overall warnings,
2023-03-27,1.0381543335913284,0.5041351027259228,1.572593037777289,-1.3012003613650531,-2.1216371664258475,-0.42636277906370235,12.632985275552013,10.085466679653965,15.271971618530488,overall warnings,
2023-03-28,0.885242621557796,0.3865555565424407,1.4217280873175537,-2.2821396296579874,-3.187667504046748,-1.3980085187279552,11.889460546701828,9.52576042346422,14.321115128107639,overall warnings,
2023-03-29,0.9534714234876105,0.40856818289930874,1.5484805382602636,-1.5988936010243608,-2.4631696578119944,-0.7556604858125813,12.3451541769731,9.824093717532634,14.819502766182834,overall warnings,
2023-03-30,1.0568646801184274,0.4585315457608132,1.6046737866941054,-1.2189460749017913,-2.042644845686425,-0.3400858270367845,12.67944288411223,10.121917448359355,15.226334565522631,overall warnings,
2023-03-31,1.3765579766061475,0.7562580214791426,1.9728916091490474,-1.048670541988886,-1.8238603023072129,-0.1786296815682479,12.801685818340948,10.388926622296658,15.360797748216346,overall warnings,
2023-04-01,1.2860934223587202,0.7243688538477027,1.8323811906384035,-0.8343983510730635,-1.6793323125477695,-0.021840290083837876,12.30140200240167,9.906076553753179,14.645534613978292,overall warnings,
2023-04-02,0.932929503820049,0.3521580782051437,1.4957064834374283,-0.5753219570892003,-1.4571394480155846,0.2762691451599172,12.735865391431506,10.158986630844261,15.344479353906506,overall warnings,
2023-04-03,0.9072354811470542,0.3559171779771463,1.4660164389368344,-0.17221646716323818,-1.0034307858674298,0.6188725194701397,12.633594538166241,10.108791175334142,15.201633069421504,overall warnings,
2023-04-04,1.1172764448498764,0.5645940334949221,1.6791845340975613,-0.1644809774223418,-0.9278435931590396,0.6350794987405441,12.140469572303244,9.794096504605502,14.656462450266604,overall warnings,
2023-04-05,1.5572773520362764,0.9452695534938005,2.1503419039362646,-0.6007484716704197,-1.356461517944208,0.23164075126335973,12.511987813474029,10.0938105127368,15.00246648600535,overall warnings,
2023-04-06,1.129858583650813,0.5393649218907867,1.73226767279579,-1.2357147430622077,-2.1097079937087253,-0.39020077940140996,12.28119357733852,9.676820758061206,14.760273159739164,overall warnings,
2023-04-07,1.5991262861920674,1.0131374364340013,2.175438697875591,-1.1537089934731493,-1.9838791466999761,-0.32678067842116826,12.087019065917797,9.669802815117013,14.424066800114167,overall warnings,
2023-04-08,1.566289925494251,0.9586056232171487,2.1877136002792787,-0.5167350654604193,-1.2970534485982588,0.286796731533983,11.88585403206297,9.292287295703513,14.323380047864697,overall warnings,
2023-04-09,1.9630778352655969,1.3559340536181708,2.585714153287774,-0.6069030694941124,-1.3713857014318254,0.13664053909459328,12.468731997468815,10.109858810020144,14.819877502751968,overall warnings,
2023-04-10,2.1203696315154095,1.4919446971918582,2.758550133235207,-1.0106435198928463,-1.8042069600622057,-0.22551112482715188,13.344046388329602,10.967228876395417,15.712090359245737,overall warnings,
2023-04-11,0.7159500958047628,0.16569750387423418,1.300937021278761,-0.07451889775371223,-0.8802963623200762,0.7250395158170526,13.043973074936915,10.497785583315881,15.91514556056306,overall warnings,
2023-04-12,0.7073652392051748,0.12121078461518958,1.2690128179147093,-0.1727213650291736,-1.0502143631139256,0.6832516218193274,12.454966867218518,9.91774205513125,15.01827011433502,overall warnings,
2023-04-13,1.3058342331001882,0.6633375035192886,1.9458131965348398,-1.079437556313155,-1.9436461313471554,-0.22081811185738554,13.075506081857196,10.563473979711413,15.680754881257306,overall warnings,
2023-04-14,1.428816309800707,0.7682764805655806,2.041777277368692,-0.9376794487104594,-1.775535719529603,-0.10859095521498664,12.658214720846049,10.28083004742296,14.958047126766878,overall warnings,
2023-04-15,1.8267173721175625,1.1097436135737515,2.4495777458013013,-0.845379415855291,-1.6959744864739414,0.016593477368204015,12.78012689274632,10.475643075128835,15.064036821475888,overall warnings,
2023-04-16,1.494732873866069,0.903254279723909,2.0929937912899206,-0.4800435274218065,-1.2990079172241569,0.31255074670774324,12.536452311551376,10.250845441154887,14.937314145119743,overall warnings,
2023-04-17,1.2977923818832806,0.6793317489792622,1.874107441805564,-1.085968464900425,-1.8904525187633232,-0.23501767283434044,13.316909564072038,10.620023144538353,15.910204522033302,overall warnings,
2023-04-18,1.7106532122462803,1.0525358628035792,2.3139257357450917,-1.0288266182540315,-1.8511145450343,-0.17569416440224045,13.103173926437988,10.748384693684262,15.501612383432853,overall warnings,
2023-04-19,1.400582377349782,0.8067727460055824,1.9931468513911417,-0.12187086849222997,-0.9387977377257141,0.7017633857980308,12.04096337731167,9.711826704188237,14.39839102423157,overall warnings,
2023-04-20,0.6793254399838697,0.11136800674487805,1.209586467233864,-2.5456127597955787,-3.3643111439086217,-1.625315338500663,9.646780854366806,7.395578202759957,11.849464147754569,overall warnings,
2023-04-21,0.2810286600595351,-0.25414194955694885,0.8464716845897423,-0.9626783302175947,-1.793969200373146,-0.15149175815888052,13.194388846345326,10.59813153350259,15.878228121386906,overall warnings,
2023-04-22,0.2323358378488925,-0.3294502827158693,0.8081108851510103,-1.8152152217451725,-2.745810038980617,-0.9199832607882432,13.143371612926263,10.44349932355555,15.806211806017698,overall warnings,
2023-04-23,0.017681562214302442,-0.5644424379876466,0.5582247126616433,-1.2783288954141145,-2.184931694574226,-0.3408350371584023,13.005908652622082,10.123221390863227,15.630176383596877,overall warnings,
2023-04-24,0.3135345872011839,-0.2705783736320714,0.894520305532696,-0.6004956950100864,-1.4637414286014772,0.21181300624062072,12.998874686764639,10.452426520111997,15.665996027381762,overall warnings,
2023-04-25,0.6496272470962641,0.029064213374318297,1.207932579168729,-0.8676958622354582,-1.6808466494242473,-0.009870689643147882,13.387807168687846,10.804126758614224,16.08478196352156,overall warnings,
2023-04-26,0.7983730251340497,0.24969849399557706,1.3761187800636066,-0.8782671014510515,-1.726892664573091,-0.09131597710038078,13.376457496537487,10.887344090299615,15.97998119233658,overall warnings,
2023-04-27,0.7342752141453368,0.15022182739161027,1.3256783224101236,-0.8437273172142534,-1.6887462823470205,0.03371424444960503,13.494447968746146,10.803764561789421,16.171953180303298,overall warnings,
2023-04-28,0.4197727513291182,-0.15182879805917537,0.9722086877005062,-0.529650182923215,-1.3622872525521044,0.3088727907615169,13.476169845383964,10.879608101580558,15.972305064783862,overall warnings,
2023-04-29,0.652790458686215,0.06452471723854843,1.2262152018506858,-0.7470373181312303,-1.5879417767157658,0.09390446183940462,13.226447637938726,10.599092398169816,15.957028422049024,overall warnings,
2023-04-30,0.6532748218059075,0.06294776573516911,1.2338688432926954,-1.1767054441257057,-2.045578095482435,-0.2848773912920936,13.21546653448939,10.642961881411601,15.975532817274038,overall warnings,
2023-05-01,0.26876939771449926,-0.2720411697370038,0.8542111985435956,-1.5403713589861994,-2.461581984076535,-0.6395005885245783,13.122408555502789,10.375922492378686,15.761384699658556,overall warnings,
2023-05-02,0.27324994552598825,-0.2887229422879677,0.8264083978991492,-1.513564327314395,-2.3409129455156625,-0.5754175617506159,12.787019440681274,9.989116207057855,15.372407713657315,overall warnings,
2023-05-03,0.733038999715425,0.15315400202204377,1.3107836380513018,-1.897993480386262,-2.7823328894248567,-1.0007770389709674,13.072893132121834,10.615625685178651,15.706545541820978,overall warnings,
2023-05-04,0.3770869230677912,-0.19974212718154952,0.9277457142295525,-1.6112908078740649,-2.5027055494905266,-0.7115754021466306,13.110863121927776,10.49031062486711,15.647423966359971,overall warnings,
2023-05-05,0.4784010019166276,-0.12333178185789966,1.0364776560814144,-1.1947687710073738,-2.0251019572364646,-0.2883108631305002,13.202939656949725,10.502249956878265,15.897827843462025,overall warnings,
2023-05-06,0.6909676246211496,0.11377046066932801,1.2732268058501004,-1.022687725862475,-1.8922961867552992,-0.1992207678185638,13.020702612568826,10.52566166701139,15.583070097945457,overall warnings,
2023-05-07,0.7208190518992474,0.1580173703067753,1.3202238908948642,-1.2681561139267155,-2.137999092147948,-0.4020427889825108,13.158067696982545,10.469373798043689,15.80853132062091,overall warnings,
2023-05-08,0.3422586401416541,-0.23081669415017012,0.9190966890130218,-0.8282814618203296,-1.695590878945032,0.0032286555672435355,13.051537735478231,10.49970738741204,15.714907510641922,overall warnings,
2023-05-09,1.1043154126778474,0.47608768961789777,1.7617240494744975,-1.4122284974422232,-2.2924530107539156,-0.5475689519861576,13.300384761682723,10.755482859655082,16.07135096573854,overall warnings,
2023-05-10,1.0567717500444769,0.4376086975941212,1.6598663378511402,-1.2537261250478569,-2.0972853975996637,-0.4031888924109978,13.30889831083605,10.77770785642822,15.985754612821788,overall warnings,
2023-05-11,1.3783408939407213,0.7396115077524527,2.020073600597896,-1.2450456819553062,-2.129083088307926,-0.4238063125255841,13.295888457387111,10.810400181114922,15.954161135161756,overall warnings,
2023-05-12,1.4394064011673646,0.80333563336335,2.023398404276468,-1.0397830123196483,-1.8697965887384436,-0.2143618555888314,13.458616865061746,10.99902919045966,15.914513611595552,overall warnings,
2023-05-13,1.334750716589715,0.7112572511462079,1.9744773324815057,-1.180815591687653,-2.0586737305518574,-0.30014820637867967,13.504742251096502,10.993522585715752,16.098599603575543,overall warnings,
2023-05-14,0.8948136886827271,0.3065215153798497,1.5332033207055644,-1.162706208060695,-2.070898786891003,-0.2596850093559465,13.269139149631846,10.623341173748347,15.780844795660224,overall warnings,
2023-05-15,0.675460675562152,0.0669225292641792,1.2881674599164126,-0.5615204461942773,-1.4464796632673471,0.2985805061572489,12.945847303065992,10.344125875073505,15.69302145812096,overall warnings,
2023-05-16,1.004392295219128,0.4323645864738789,1.620305820191064,-0.7338582422905713,-1.5533112538150824,0.10819809574249466,13.08075197102211,10.486648489103159,15.690736361005182,overall warnings,
2023-05-17,0.823739524036246,0.23057124298967593,1.4726758060154654,-0.9837564577887905,-1.9028176518585573,-0.14255658053519146,13.11368401055655,10.429017584436329,15.727101624543781,overall warnings,
2023-05-18,0.8483041001867183,0.23712575762808366,1.4541635968807227,-1.0376354106443675,-1.8904955087418844,-0.15521304579336218,13.147717266348668,10.356462770869937,15.717184242902933,overall warnings,
2023-05-19,0.7368691631114073,0.10095369408140949,1.333575747734758,-0.6555168894077135,-1.4952536880761045,0.23082244570779994,13.00811264894401,10.134194523195571,15.62822352769337,overall warnings,
2023-05-20,0.8652138174271071,0.25326312042119414,1.5024797287945864,-0.8130258813636712,-1.663159554030043,0.05366427409771839,13.10871826708734,10.529061049926927,15.659576045006062,overall warnings,
2023-05-21,0.6679327502666597,0.07555016092209389,1.2749153057506264,-0.4856717691672129,-1.3332623388989753,0.35321496880544434,13.177806241254917,10.446244294393894,15.770936488698325,overall warnings,
2023-05-22,1.0153539821307052,0.4203728339639322,1.6463297363843976,-0.9826887709179346,-1.9136685440530128,-0.1554704687226123,12.950138562329013,10.623918507813999,15.667364660172982,overall warnings,
2023-05-23,1.0578800088513973,0.45242157728637955,1.6679865876594315,-1.5797324491249833,-2.4539935715968237,-0.6885556278292456,13.257568091470267,10.71735281423862,15.837125280048268,overall warnings,
2023-05-24,1.2599167471766146,0.6366071717329214,1.8899252244922689,-2.0272928720819268,-2.9082617365167827,-1.0945580798783023,13.208931736156963,10.523493963678744,15.76642817579307,overall warnings,
2023-05-25,1.2672453718874341,0.6078190080920125,1.9105210787627656,-2.3955710922663673,-3.347655554831494,-1.4079775372153573,13.288394523585449,10.673032071424357,15.945324959156292,overall warnings,
2023-05-26,1.240747232043778,0.5710098968622606,1.8799715885150485,-2.022999550345837,-2.984079607195784,-1.0545921872011073,13.180263002371667,10.60971083584404,15.617736277493595,overall warnings,
2023-05-27,1.1400304120534974,0.5194159647148374,1.8007048342386984,-1.8099731389722753,-2.8001481951415856,-0.878798700148398,13.130453904782506,10.525887152923165,15.708598474139016,overall warnings,
2023-05-28,1.629847879288893,0.9858662292706308,2.293322632237561,-2.1421850806817373,-3.054784783549944,-1.2138160304207677,13.188677809333107,10.613354773152743,15.788637076796391,overall warnings,
2023-05-29,1.5264790174111664,0.8829555117337129,2.209064500674049,-2.3111795842139586,-3.302582174951311,-1.3610738148083,13.217109268287022,10.746096479021482,15.850760724358224,overall warnings,
2023-05-30,1.4544994774761535,0.7702515173730313,2.1390258694190325,-2.1864059679278904,-3.1894673461719707,-1.168245822142592,12.864980441459332,10.30328847374491,15.243638518330176,overall warnings,
2023-05-31,1.8633853303938128,1.1572050213629763,2.5541210696896766,-2.3012943858343142,-3.287097848603265,-1.3298129403567394,12.960229813620604,10.456440358071971,15.59683026865994,overall warnings,
2023-06-01,1.7833006894307157,1.0699544242939578,2.494456323070311,-2.056635720620155,-3.023950997768805,-1.0766719998341194,12.899153660158408,10.509311282868763,15.396492595255623,overall warnings,
2023-06-02,2.2033103954716697,1.4759594175820239,2.9465821312350005,-2.219180194599084,-3.1757987247083967,-1.2804323354999045,12.796521415559837,10.436497765502894,15.282828426462512,overall warnings,
2023-06-03,2.4205178980736104,1.6732932230133064,3.2246892787300334,-2.590401226660522,-3.6038280252407313,-1.627369153941604,12.929716862204277,10.489109510852689,15.283868439989718,overall warnings,
2023-06-04,2.7304174936262346,1.95164409655682,3.5137454576056166,-2.825805935257789,-3.793616919797606,-1.8661279224689253,12.163816871320027,9.631893113826262,14.534242642133643,overall warnings,
2023-06-05,2.5942639318226366,1.8207559916042402,3.359184568957482,-3.0234419669111894,-4.07643814189475,-1.9942153488147945,12.844089784012994,10.398623259790742,15.368495508008769,overall warnings,
2023-06-06,2.9687869300018512,2.1262758990828763,3.785107034284861,-3.643044845272936,-4.777052413912245,-2.4772283972793026,13.190765266151901,10.696452488772165,15.598218992572711,overall warnings,
2023-06-07,2.091134525792814,1.4379230573956088,2.7365647833270335,-2.631899615551423,-3.553527218945694,-1.7222946835843882,11.259532284177832,9.036275451121316,13.44158984641721,overall warnings,
2023-06-08,0.9079914450215196,0.24103983967783377,1.5912855104580947,-2.2581252941196333,-3.3234018179042373,-1.1884969832384285,6.183148444610795,3.834199800897174,8.497880812560705,overall warnings,
2023-06-09,-0.19307072409043996,-0.8166377239066296,0.45767899211112617,-1.9392610255128364,-3.0157576597433353,-0.8958046286257424,12.518010340068708,10.329542900631338,14.707922105852282,overall warnings,
2023-06-10,0.5651700688478318,-0.04976505243940027,1.2068788828805328,-2.7303163679291766,-3.781536260531586,-1.6653884871446525,13.208274049502625,10.411872727729325,15.885121987461385,overall warnings,
2023-06-11,0.7119078293617368,0.1062580923141482,1.3258085120168341,-2.9787282184341795,-4.037883270914,-1.8747962314466944,12.49248858418975,10.101399219714239,15.146968690803735,overall warnings,
2023-06-12,1.1441495356011373,0.44204017257736444,1.8405665406172025,-2.687654969257354,-3.739563893934875,-1.591561139275385,12.887786405203236,10.256269572302642,15.550160573439298,overall warnings,
2023-06-13,1.2776568943282962,0.5640244462225293,1.966205153543559,-2.3631527324519617,-3.3640917293537895,-1.2902708712407904,12.661735847271423,10.085726205480807,15.174590774876776,overall warnings,
2023-06-14,1.441148143625849,0.7839045341695874,2.177499530517043,-2.0971239234966994,-3.1623990512409743,-1.1561715287696601,12.384467843948487,9.868287741585283,14.923013563128398,overall warnings,
2023-06-15,1.6299832525493716,0.9707896436959329,2.3591299692625727,-1.9025115604641247,-2.869986568007636,-0.9275105266246645,12.445422354650683,10.169297804632665,14.90583284890766,overall warnings,
2023-06-16,2.096425423494141,1.3303833648736691,2.889047312934246,-2.3788158229185337,-3.395902545715876,-1.426738329240144,12.534869957772402,10.168497634929647,15.14864406970834,overall warnings,
2023-06-17,2.265279915029844,1.5175352650911946,3.068695081094576,-2.9124499204203937,-3.9917456221138137,-1.9070481928018637,12.71434947099802,10.346169653264864,15.20061442639129,overall warnings,
2023-06-18,2.5090585354874313,1.7882132681208065,3.2616483375725545,-2.9416870279581158,-4.003454339847975,-1.9649122891644772,13.106914726260484,10.83708680846648,15.426223043194469,overall warnings,
2023-06-19,1.2543448497692524,0.569247254650496,1.917364454567179,-1.021103042320978,-1.9493367446915697,-0.05556679274383791,12.616124563368336,10.036219545689669,14.993205737589157,overall warnings,
2023-06-20,2.620377857413021,1.7485613154046178,3.4190591493396596,-1.5878046737129003,-2.4664146365583273,-0.6312976485590578,12.861895961355149,10.274775780281047,15.151924504728958,overall warnings,
2023-06-21,3.336105156037468,2.5297773920233597,4.173104651288502,-2.7158596026392177,-3.64609313377351,-1.7745753074697397,13.017893013276364,10.941240523990416,15.163389441358088,overall warnings,
2023-06-22,3.838585359222519,2.9080741205437994,4.7457937088649995,-3.857699482580899,-4.946618701411242,-2.7856348036380933,13.59729231214283,11.371560479059553,15.914100506574297,overall warnings,
2023-06-23,3.7028226417049,2.793625423773126,4.68797504220394,-3.2095212104350104,-4.279184959969063,-2.1330317386881266,13.211494826566849,10.874652622264334,15.559588714124972,overall warnings,
2023-06-24,4.353481816747436,3.4203494755119723,5.313673234110584,-3.3590553772124823,-4.362761842181717,-2.352146410282457,13.668359125176115,11.492768478544788,15.881382878688955,overall warnings,
2023-06-25,1.5371655342855668,0.8263294388486272,2.348870290597581,-2.494068129723746,-3.6347431888874655,-1.4701045073972627,9.544341478556195,7.508953355546533,11.725588581639878,overall warnings,
2023-06-26,3.8258032521477894,2.9286803917503743,4.778856290174115,-3.8570114362650187,-4.983987073735583,-2.7908535093887683,12.847282366016064,10.624106898608654,15.193805641621852,overall warnings,
2023-06-27,4.299874810018148,3.433349139007137,5.1513658532621776,-3.9567181569270007,-4.976435446654156,-2.9762587051726017,12.392632041988604,10.432827539228875,14.348166214289613,overall warnings,
2023-06-28,4.693079850966292,3.7787025730123713,5.612741344881862,-4.1482686697190445,-5.201628529515951,-3.137176768796869,12.300112164489159,10.442604081923061,14.252722103328605,overall warnings,
2023-06-29,5.147794197325437,4.257728726442381,6.144285624047816,-4.410215760563441,-5.506389477958205,-3.3995374544080184,12.123593859090228,10.28892993299741,13.974207441827698,overall warnings,
2023-06-30,5.565622868962203,4.663238307476894,6.502070201437485,-4.825413335340751,-5.850759069432867,-3.7892835604054946,11.948668449183124,10.264473561116958,13.74230669812763,overall warnings,
2023-07-01,5.9028948856144225,4.930045237350822,6.8032421204848355,-5.166411254851663,-6.149498514357531,-4.10059345535032,11.545291518136846,9.872862147223563,13.108239964873713,overall warnings,
2023-07-02,6.072386745135409,5.0742803167898884,7.0510546190547165,-5.541721676335311,-6.640944876470529,-4.434436118550112,10.97423785051977,9.30383329949752,12.597122775938004,overall warnings,
2023-07-03,6.122033052916274,5.146907104100866,7.013668440601493,-5.5315237892909295,-6.556342119473399,-4.428580254804392,10.688547113851506,9.170176517412175,12.213874163545713,overall warnings,
2023-07-04,6.048079661868821,5.063855439104276,6.989743611395816,-5.47201800934269,-6.501150654087378,-4.409317903693516,10.182324180318176,8.663331320952794,11.68062010989619,overall warnings,
2023-07-05,6.155292477753262,5.093129092978655,7.133552140052964,-5.6418302743805775,-6.73412825402905,-4.479613563358534,9.964808061992688,8.379953723657955,11.474809059049718,overall warnings,
2023-07-06,6.2974843082248775,5.3192340990727285,7.2630667099828115,-5.779062164947998,-6.893987931493985,-4.696739691248221,9.91766549223016,8.37567465197226,11.358708182019885,overall warnings,
2023-07-07,6.193265018390488,5.241609687674586,7.138493881207523,-5.634933990898334,-6.746836744033921,-4.588451309825139,9.64939249851357,8.144048031342564,11.07364082880814,overall warnings,
2023-07-08,6.123908910263479,5.205353338550122,7.038347059265421,-5.543838529171955,-6.579466325299035,-4.499220729383924,9.403863771273015,8.096508865475727,10.859749475396999,overall warnings,
2023-07-09,6.161342697863997,5.3053840600390725,7.032071351335417,-5.4099444910129595,-6.394479473166798,-4.411012590740583,9.39096574177966,8.054732952394811,10.721105124157075,overall warnings,
2023-07-10,6.3375783823375915,5.441672192027274,7.318562913911354,-5.343207440198558,-6.39071812986953,-4.361793619996578,9.08708637024824,7.738054916864231,10.468375213813749,overall warnings,
2023-07-11,6.607655220488183,5.623178955023206,7.528043735033227,-5.509955216795278,-6.485840111816113,-4.492782673782806,9.004233165900837,7.671419695442038,10.300695964944712,overall warnings,
2023-07-12,6.7729187539708935,5.821293554355493,7.64870578060141,-5.852561174638079,-6.835474468237685,-4.76795929108707,8.584227788368473,7.344761409557041,9.788098737609708,overall warnings,
2023-07-13,7.173119258711831,6.262032425544412,8.046100242889848,-5.875799209337275,-6.763830564707807,-4.900797743513342,7.998669407994472,6.960385802936247,9.071700234124094,overall warnings,
2023-07-14,7.967973760854237,6.902583648106234,9.040781128681505,-6.405376436853288,-7.491876500596898,-5.332112842913395,8.17306190152692,7.02747048447487,9.269150940874813,overall warnings,
2023-07-15,7.733318877531673,6.786963480621468,8.72985267329261,-6.681894097612726,-7.717500265824733,-5.628501185551016,8.15271328331901,7.104162962886703,9.23253254535761,overall warnings,
2023-07-16,7.732667321869219,6.748462313762881,8.682422645242246,-6.688242031656587,-7.7134525068173,-5.586410720052523,8.16704156051559,7.090960647109071,9.217438813670197,overall warnings,
2023-07-17,7.796561812442498,6.82898877512161,8.733140944140827,-6.58798064963233,-7.615181930835623,-5.53767728770392,8.353584959553137,7.274173144108328,9.409798201283984,overall warnings,
2023-07-18,7.910285913768945,6.918773056782967,8.881461349335007,-6.804121648737302,-7.896982966466801,-5.77738912120652,8.36156068811589,7.232719028445761,9.440274095622899,overall warnings,
2023-07-19,8.03676904966796,7.072150229423381,9.095438105029807,-6.743430220891113,-7.85560895260018,-5.714421727085242,8.343135236671898,7.2399247113648535,9.455415281122347,overall warnings,
2023-07-20,7.522277128111167,6.486939097324891,8.463727825623463,-6.298263254119228,-7.368882795425078,-5.18155181761325,8.425064093604966,7.166641756571957,9.55001594677947,overall warnings,
2023-07-21,7.472675462222098,6.532426090744062,8.437495604480993,-6.392738843337143,-7.452718337823393,-5.360649490298679,8.43370139236583,7.29635568598257,9.559069977536572,overall warnings,
2023-07-22,7.664702593963433,6.6872371884629125,8.643843943511154,-6.788966945605827,-7.857540765361377,-5.659961655481303,8.228016934706542,7.131728268895235,9.359941767884058,overall warnings,
2023-07-23,7.387061972984155,6.471651234677757,8.313230044404074,-6.3084235539180185,-7.357048069114036,-5.2699795910186955,7.880143376180926,6.8917164925238374,8.930395426757528,overall warnings,
2023-07-24,7.17367920983696,6.29703023494677,8.059850896977856,-5.9005325511751,-6.890655084028454,-4.904772817946942,7.717663746001632,6.640968896375796,8.771284822011106,overall warnings,
2023-07-25,7.846118267963469,6.8929817421700115,8.836224394647607,-6.451117635376688,-7.550584672580579,-5.40589237353566,7.997220594486879,6.92432518958821,9.055172205695778,overall warnings,
2023-07-26,8.156527381047496,7.181497322221659,9.15787100897837,-6.946670038411305,-8.000615245433545,-5.932452916518523,7.942281961548933,6.964303722906804,8.986903656969238,overall warnings,
2023-07-27,7.881609225123568,6.949599187072818,8.829560318876798,-6.591832057324295,-7.613579298810051,-5.595219237134631,7.724179774895146,6.660679648342159,8.721334647593068,overall warnings,
2023-07-28,8.152559269981449,7.292842907020342,9.094243684155522,-6.677511428511473,-7.667998565355304,-5.662334015498155,7.982080293092906,7.076356735609719,9.005512581430718,overall warnings,
2023-07-29,8.332359859146916,7.440739135445593,9.265343191760737,-6.79441218871094,-7.7947461168724725,-5.791065898842406,7.860121803775618,6.9013392865352055,8.833817108540709,overall warnings,
2023-07-30,8.694235965614787,7.774120001314331,9.649899372453136,-7.164368043519259,-8.159657333486402,-6.160887619626895,7.96986202657957,7.053760379650167,8.907648184953004,overall warnings,
2023-07-31,8.89296697220939,7.873455447057525,9.832486157936419,-7.423009790019936,-8.425358028571047,-6.363385230789306,7.8954859387693235,6.927673608667791,8.831167968373787,overall warnings,
2023-08-01,8.910240526868604,8.004995705773242,9.869871648626559,-7.475882900273571,-8.53427527403786,-6.491662384916421,7.826493125455652,6.921714711948727,8.697615938321743,overall warnings,
2023-08-02,8.891502390853535,8.050380090843191,9.775201936208402,-7.4222226773064754,-8.372530311034254,-6.497134791019668,7.526633573479384,6.724374622060726,8.370849172784439,overall warnings,
2023-08-03,8.559516685883924,7.645280430879057,9.483393911674245,-7.1598105059377595,-8.185415425326015,-6.159745824904513,7.815116882409267,6.8640572093013565,8.766491543649234,overall warnings,
2023-08-04,9.16259063643394,8.159641760118564,10.122566326799133,-7.3662899502045764,-8.37753106468066,-6.325894014198511,7.668206402849503,6.757552348679733,8.565772790321612,overall warnings,
2023-08-05,8.695647989212405,7.7315961217269225,9.621091744528279,-7.207029526524083,-8.178112582673322,-6.140175789716638,7.940913652161162,7.010634327928842,8.886502522503337,overall warnings,
2023-08-06,9.287582191358599,8.378605441538793,10.241616955279678,-7.3397486892484505,-8.326379260798555,-6.374423992338947,7.684438405104631,6.82093764772745,8.599643303516942,overall warnings,
2023-08-07,9.410968631976282,8.465332395841019,10.291855220371161,-7.670649877455823,-8.622987765755445,-6.658276854146535,7.964920701207868,7.044126389599573,8.80026032008048,overall warnings,
2023-08-08,9.365756456293386,8.466950233314599,10.251531834521625,-8.061029774895575,-9.060433194708226,-7.072390122650495,7.541067067640945,6.701896089015349,8.35535031742184,overall warnings,
2023-08-09,9.3361076654501165,8.435080187358865,10.213214955474417,-8.283940806855423,-9.277495377031396,-7.293334442159138,7.424040078870053,6.555823537314104,8.22422146249396,overall warnings,
2023-08-10,9.451523745334054,8.563019430444276,10.32543314790961,-8.104171726324793,-9.087175455513412,-7.117195397629467,7.391472432292461,6.592980122395424,8.176760013558807,overall warnings,
2023-08-11,9.84910376151878,8.94739495939797,10.800512335000757,-8.532648248799664,-9.519672201873586,-7.510400060068479,7.603912183765383,6.797347832459583,8.417760057840717,overall warnings,
2023-08-12,10.064707219019027,9.22406855336462,10.956349570141514,-8.60856848731261,-9.55036212631418,-7.643009839636265,7.481403109913814,6.763189193666997,8.178969887162033,overall warnings,
2023-08-13,10.28236558908336,9.375587981661521,11.137728751198996,-8.780933498454045,-9.740827335363697,-7.77247230553585,7.610318940780528,6.851189788241433,8.350483485448889,overall warnings,
2023-08-14,10.454217070751294,9.558595361420338,11.435100038769427,-9.552628647755231,-10.590606348640573,-8.476278061464214,7.672148258426021,6.9303236345172365,8.462189959343366,overall warnings,
2023-08-15,11.488756363266894,10.576088050598752,12.503920837309503,-11.00304010945381,-12.104794475253156,-9.918530835213895,7.905178701399623,7.134455449359104,8.663878911178001,overall warnings,
2023-08-16,7.975328112663461,7.1302716877024865,8.817896353525315,-9.463643387213263,-10.659758183662456,-8.318037584615682,7.062496684130302,6.195580948452972,7.946948228228396,overall warnings,
2023-08-17,8.183513683132498,7.335068413468694,9.059040270745472,-9.384429015874396,-10.582954940590426,-8.209954018357527,7.585661500396467,6.651754652627227,8.554327899311959,overall warnings,
2023-08-18,9.799654926918866,8.802715649942984,10.85178202244178,-10.47392577674502,-11.739403365409142,-9.255875441135672,9.864762403384958,8.753299984094014,10.994262717313593,overall warnings,
2023-08-19,9.266651610886127,8.347861794870825,10.19905041341268,-10.409394989399562,-11.578250164703283,-9.204938409986587,9.417030127069449,8.363478957932639,10.442644907423059,overall warnings,
2023-08-20,-3.5055777103193018,-4.418125750864466,-2.5913952866617254,-1.4815151348503046,-2.595825129777951,-0.2630402034581814,2.7865721258291822,1.8876517693097041,3.611616703356442,overall warnings,
2023-08-21,0.44644509026096246,-0.09952822749834024,1.0234181590814726,-6.792907393854699,-8.989345811669306,-4.7995183193613515,8.246382335863775,5.981611735011358,10.700740012863657,overall warnings,
2023-08-22,5.161803231432463,4.596622814294774,5.715917456500801,-5.092531162661449,-5.943850546182516,-4.271120199086917,0.06621215649972723,0.003342580779903947,0.307146672564282,overall warnings,
2023-08-23,NA,NA,NA,NA,NA,NA,NA,NA,NA,overall warnings,NAs in DO.obs; NAs in DO.sat; NAs in temp.water
2023-08-24,NA,NA,NA,NA,NA,NA,NA,NA,NA,overall warnings,NAs in DO.obs; NAs in DO.sat; NAs in temp.water
2023-08-25,1.1341783785320267,0.5120325428981386,1.74595353696379,-4.475989035180607,-5.910774767495394,-3.0868777183131813,9.630631387138711,7.096935214198169,12.156211341625228,overall warnings,
2023-08-26,1.1549358547095472,0.5471997817968284,1.824191236207436,-4.123196819329646,-5.540653546829108,-2.774938315226516,9.910941346710734,7.398128743986761,12.509756099320475,overall warnings,
2023-08-27,1.4044829888379071,0.8104519264037476,2.0401204482060007,-4.135054640049388,-5.442632587661794,-2.8761145329939266,10.008962430425097,7.641389463178307,12.491125828096667,overall warnings,
2023-08-28,1.4316852090865853,0.8368544502481495,2.0374807953873293,-4.214283539305583,-5.486463988016333,-2.9932797848946286,9.979685398447668,7.65355861821267,12.464798260055117,overall warnings,
2023-08-29,1.8941234437188368,1.2262424981467257,2.516346419239438,-3.9148674328099595,-5.038918394733258,-2.755174377545088,9.595685895734565,7.364166470836439,11.763919398610419,overall warnings,
2023-08-30,2.4907918443437227,1.7193248876573466,3.215229395574249,-3.868967963016839,-5.008369282303963,-2.683259646892956,9.342131712328243,7.163691663544946,11.464846716670856,overall warnings,
2023-08-31,1.9141570013490328,1.296988954619565,2.556783494471526,-4.035100749201644,-5.211219485424063,-2.9706067135916574,9.499485698691355,7.390070106354477,11.876842574694708,overall warnings,
2023-09-01,1.1008438315932607,0.5303019013933521,1.647488272689155,-3.9465261424846636,-5.214078523124336,-2.6434793446575084,9.977567388577617,7.416910259249742,12.525085475243134,overall warnings,
2023-09-02,1.1821111938837099,0.5657993984690256,1.7935723200340834,-3.3805834639170618,-4.575114196388124,-2.2225947463270868,10.836151521828757,8.333752267737957,13.328665234373636,overall warnings,
2023-09-03,1.256784555382216,0.6368068330488945,1.8724090526859576,-3.362028027631448,-4.477877080387781,-2.301575573446286,11.107276118027247,8.687662766014244,13.735827370999488,overall warnings,
2023-09-04,1.672428386910448,0.9945934452249414,2.348049757672429,-3.6245175316776717,-4.73531704485008,-2.4872737438836827,10.707864918312548,8.339791632287,13.106829415040613,overall warnings,
2023-09-05,1.9766627697084496,1.2896288582381394,2.681551427600398,-4.200145462995092,-5.449685778717215,-3.0163029505618946,10.597840294508018,8.140932270658741,12.908397682594556,overall warnings,
2023-09-06,2.3740674299762192,1.6626847272695369,3.052130940040306,-4.217484409948491,-5.386254767275659,-3.0121701575101456,10.135044510036114,7.909806640979178,12.354489013460615,overall warnings,
2023-09-07,2.9581829093875345,2.2831543791433937,3.6341419595914486,-4.369166500539427,-5.446248412292733,-3.3638441779043,10.014065618975941,7.999977525987484,12.007221221589607,overall warnings,
2023-09-08,3.6949516662807174,2.9619993934147293,4.462709774310166,-4.073897215452938,-5.088363372256832,-3.103267973984301,9.573389786075069,7.843927659894393,11.326781045738874,overall warnings,
2023-09-09,3.5140534974538484,2.739910852415018,4.33267617935028,-4.210721863080149,-5.321177555251944,-3.130883760371065,10.019342673150794,8.090640863280512,11.970037295099933,overall warnings,
2023-09-10,2.9835516051233917,2.2930554639330984,3.6816901461357583,-4.044224373351623,-5.1078996504809,-2.983096985108632,10.197013249549133,8.199062813221373,12.25762957838533,overall warnings,
2023-09-11,2.977535833047246,2.3323391636445128,3.676923478334554,-4.170333219625784,-5.236321061321031,-3.1621939789818683,10.357651555849092,8.445963741565588,12.375386710618063,overall warnings,
2023-09-12,4.233984576174889,3.4764119517249017,4.990972454937601,-4.580392895188927,-5.61232682451637,-3.5633085550241783,10.017157258389215,8.299302160180657,11.766821935158333,overall warnings,
2023-09-13,5.177382824248549,4.346040691996571,6.027521700992596,-4.950562439394535,-5.953564454131038,-3.94805805364775,10.308012827801564,8.739256125759265,11.918719567974847,overall warnings,
2023-09-14,4.106915146044169,3.368430130884836,4.853480424845325,-4.155453940008872,-5.170697855924185,-3.179095985304675,9.911706668098244,8.253961203413017,11.603142872867114,overall warnings,
2023-09-15,3.917636878751203,3.2040118520959457,4.673506548542801,-4.12853922955643,-5.132471338582009,-3.1216926537966185,10.078821081924914,8.429395023674171,11.830158568486786,overall warnings,
2023-09-16,3.895313620803239,3.193859309263245,4.628626356152915,-3.9622263026912377,-4.894330058216373,-3.013404003574667,9.860077087196736,8.161151984144594,11.590401015223769,overall warnings,
2023-09-17,4.357958233015581,3.605144730842935,5.048262757657876,-4.377687384094758,-5.272705374651952,-3.452256474561234,10.01557957870462,8.372794385415999,11.682457540431447,overall warnings,
2023-09-18,4.552689873415829,3.7742409248612647,5.307483189434274,-4.488582244053447,-5.423434053805974,-3.5360521706033317,10.24997875706304,8.5744321588157,11.884799831939896,overall warnings,
2023-09-19,4.751525539571569,3.9808717947507923,5.495815233894885,-4.210517353531598,-5.103844582592563,-3.287911640120861,9.945566273209304,8.346678138489409,11.477876082428383,overall warnings,
2023-09-20,5.016982355614461,4.215008351798266,5.88525826979408,-4.21048131387888,-5.221140529643917,-3.285920271454734,9.843321951664665,8.272533993091612,11.551077159217254,overall warnings,
2023-09-21,5.552941392262499,4.7863685342002045,6.3174171307689315,-4.460475250019405,-5.339514261602169,-3.5036652579134175,10.07000295104839,8.668080900427505,11.553013310068607,overall warnings,
2023-09-22,6.257359262255742,5.464105193341475,7.02467966419627,-4.8534344457064496,-5.728008416002084,-3.9616044825770733,10.27291688696646,8.862591541768735,11.549259675953977,overall warnings,
2023-09-23,4.91680430147553,4.191612993719731,5.662746966019073,-4.40405840178424,-5.308929214259104,-3.490341667137039,10.0247360512978,8.438143475275108,11.549968646392811,overall warnings,
2023-09-24,3.418675634270052,2.733475270884499,4.076144062221809,-3.9785484443363877,-4.9400305012624965,-3.007130857672441,9.80629529206376,7.8225831939274855,11.81150899969214,overall warnings,
2023-09-25,2.2583934658312526,1.6636805167257296,2.875939243705642,-3.740905967547266,-4.80597302360263,-2.7041256061599466,11.277522638114238,9.017406055682713,13.597285781188171,overall warnings,
2023-09-26,0.5352960403637745,0.04292533174186651,1.0660359779211475,-2.1525287374444297,-3.1274191298238687,-1.2797920551745614,10.117685125977253,7.767388694518584,12.534103273191755,overall warnings,
2023-09-27,3.2738990927389846,2.592208867761767,3.9712790608702444,-3.3568067918054565,-4.254542429837825,-2.438742879296161,10.52741349411605,8.534625650082898,12.630098504070611,overall warnings,
2023-09-28,3.9230528171830246,3.199758418193572,4.624701926728484,-3.839404396062858,-4.739243023589561,-2.923649606662604,10.853111510086393,8.932382074768816,12.655722187174426,overall warnings,
2023-09-29,3.315619354675637,2.698451192881287,3.9082676024569047,-3.960340955077811,-4.858941980801377,-3.053434287705791,9.539243792003028,7.813330106980288,11.279647373667123,overall warnings,
2023-09-30,3.428471509379361,2.8042378505942454,4.083166148915844,-3.4418564932253353,-4.347707806336094,-2.5461788223986312,9.70193557962122,8.059381052751757,11.431851322554097,overall warnings,
2023-10-01,3.903243184805145,3.245468002724639,4.607600903882214,-3.4354265849679324,-4.341526090156575,-2.5747609152754833,10.908487941704449,9.082793057245027,12.696958937915328,overall warnings,
2023-10-02,3.8568099613955518,3.1791236799405813,4.533589042911337,-3.5729641759047848,-4.442506387563453,-2.66774585608455,11.205093208850455,9.36624322791723,12.98934439245808,overall warnings,
2023-10-03,4.198473162915451,3.4770923390773185,4.853592862057918,-3.8366125891459584,-4.7387909577036345,-2.985490034672461,10.590609012239069,8.828966065557076,12.235730438713658,overall warnings,
2023-10-04,4.848096516501405,4.073437337534631,5.554951489491733,-4.172737251653397,-5.087113756157695,-3.2642008072916324,11.035007943777249,9.29993330794291,12.580794986134494,overall warnings,
2023-10-05,5.209822713888802,4.4836480808472174,5.909026563552248,-4.519198664453507,-5.385866429936339,-3.622712631996607,10.84700952320533,9.303243994341399,12.374989019653933,overall warnings,
2023-10-06,5.492969700953429,4.794800622152551,6.237115343343211,-5.024454473763259,-5.939546121751945,-4.1342948480103425,10.822657999164392,9.399090083180631,12.289665469623017,overall warnings,
2023-10-07,5.7343858834792645,5.006462119954559,6.459086595627527,-5.232576763886565,-6.13563870658743,-4.312044349946956,10.702266035270359,9.270506341691572,12.099076483538786,overall warnings,
2023-10-08,5.646775661247459,4.9345800028287305,6.411438132294722,-5.698708323035349,-6.701638833577893,-4.789145779107959,11.16346204830765,9.752791651127575,12.68425547229779,overall warnings,
2023-10-09,3.5368245144109416,2.948659429316427,4.144793816113932,-4.773713366301529,-5.745593518609623,-3.8017133366253772,9.894148482593696,8.169829785076322,11.569639801885645,overall warnings,
2023-10-10,2.8371200682169926,2.272056137516591,3.4495882168159477,-4.3065479764759305,-5.317739421224418,-3.320528483933812,10.085971239960347,8.191981210779357,12.006015064184156,overall warnings,
2023-10-11,3.463870383816791,2.8673450205924143,4.1012548135269276,-3.8966459961110886,-4.827802567551426,-2.9834393356810063,10.61238400554878,8.810042221300645,12.478947697249888,overall warnings,
2023-10-12,4.534997419023965,3.8679782513929575,5.220823476955726,-4.775711646491422,-5.689815440538499,-3.892548666720255,11.871346851639716,10.027625693030828,13.602853615258722,overall warnings,
2023-10-13,3.3994006820376423,2.7430518189941893,4.011479616277242,-4.5995205871740685,-5.58664122664003,-3.5785708334751978,12.751221368859225,10.66415386673933,14.909486519636758,overall warnings,
2023-10-14,3.3918796952961374,2.7896832291360933,3.9830783865019432,-3.4604084263895736,-4.28455149741486,-2.609043800934856,9.442907486647774,7.724580095481593,11.12578286322369,overall warnings,
2023-10-15,4.614530551956114,3.926486159716316,5.276885370983782,-4.309395541560429,-5.160405480183994,-3.4314842101662726,11.24273691190127,9.532033378252308,12.93797937990905,overall warnings,
2023-10-16,2.796290830089367,2.2790871703449467,3.3509442142456365,-2.780341015151917,-3.5880741348555825,-1.977495825838085,9.638376987566417,7.842395538474487,11.332429931771186,overall warnings,
2023-10-17,3.974492902682864,3.344426674551824,4.6647284889128455,-3.4510097619045403,-4.289527833303222,-2.628374303236747,11.258762661998706,9.454025340204597,13.069760860382482,overall warnings,
2023-10-18,4.3692668732914814,3.684405686909273,5.03729561107794,-3.760732774232676,-4.647812235797179,-2.882390686627766,11.733797492436576,9.914532358128998,13.545035865904534,overall warnings,
2023-10-19,4.539023096778587,3.8633122790563057,5.238875194410175,-3.8445407760272605,-4.6820764595783295,-2.9448254354099057,11.777005843355196,10.059578543218997,13.4828168729939,overall warnings,
2023-10-20,4.387063038491542,3.712023008317111,5.012612428833261,-4.087395531180617,-4.947003701691289,-3.2325756755345076,11.172211578137006,9.492187220202966,12.808468277987327,overall warnings,
2023-10-21,4.473418815078574,3.834305194894807,5.094262857499006,-4.128792216501866,-4.984087948569219,-3.267847103838223,10.864264960971916,9.214623834625622,12.499665922376009,overall warnings,
2023-10-22,3.8186859123362096,3.2613442401878805,4.382680918769686,-3.8238423307161526,-4.642531099174663,-2.9821805953009095,10.42446931445663,8.836405428580283,12.018564500135835,overall warnings,
2023-10-23,4.163354376513048,3.564938434189995,4.791731333409379,-3.416331727484657,-4.189260238948395,-2.5424495215035674,10.906343354559494,9.227560892169738,12.518572697102499,overall warnings,
2023-10-24,3.5408511174941117,2.9439874112021593,4.137757539788297,-3.4152645997737547,-4.247954529467146,-2.5192044083133274,11.723832041260819,9.710667553320418,13.732964566896822,overall warnings,
2023-10-25,3.1089233027848064,2.5764338988666453,3.6892732790209144,-2.6933196819612117,-3.500561503854335,-1.933419568370262,9.623514919461979,7.844569367294087,11.570136722125241,overall warnings,
2023-10-26,4.1854472225798265,3.530134787616626,4.864936886962337,-2.5601635107547898,-3.379665697566484,-1.710469021465165,11.729317658800307,9.88415815816605,13.559496774496193,overall warnings,
2023-10-27,4.101512744538926,3.45392914286385,4.764148068425242,-2.4886109357718524,-3.2715269255830264,-1.6927326120911201,12.031324924215257,10.126804592591554,13.911910701686237,overall warnings,
2023-10-28,3.958342495059414,3.329814106930258,4.582518810004522,-1.826478200610875,-2.607535018165963,-1.0619893241997151,11.855293811509824,10.096580689011537,13.636379582252589,overall warnings,
2023-10-29,3.9211066285326015,3.3326224496420265,4.5631278174342995,-1.6111876451621439,-2.356642174642663,-0.8676870650555641,12.003807537811682,10.238161286946243,13.86535165610253,overall warnings,
2023-10-30,3.9434612343588595,3.36153900951497,4.566229037818443,-1.9414255646208503,-2.70704246246205,-1.199093627969659,11.992668237939284,10.17371634020272,13.876914760879425,overall warnings,
2023-10-31,4.03255782115037,3.451962817004905,4.64370234872172,-1.986463410697175,-2.70822508103721,-1.1878526784485637,11.459221307100634,9.650683699926272,13.14968660513281,overall warnings,
2023-11-01,3.9784760027688004,3.412916757499635,4.547802666384188,-2.1744353385828306,-2.979897215780784,-1.4753405039960004,10.0049536873112,8.46933992698548,11.565103702555913,overall warnings,
2023-11-02,1.8730681310660275,1.3713988240269805,2.377048363138017,-2.1931014945756795,-2.9785476860965643,-1.3937520037367022,10.93120172437085,8.618175111268954,13.248194136017013,overall warnings,
2023-11-03,4.190342895499266,3.613739116198826,4.791390747190681,-2.902420379548829,-3.636668610776114,-2.1513246173649763,10.578489557341747,8.943178829690506,12.173090601176622,overall warnings,
2023-11-04,3.90796904966659,3.27152743923003,4.535171399005335,-3.8330752855033117,-4.613079186875076,-2.944384123718244,11.937564999180722,10.007254484443465,13.889424416522763,overall warnings,
2023-11-05,3.2610229009856164,2.706126392098211,3.77486221715241,-3.7239707745945267,-4.522278387756876,-2.8531781465556527,10.694971750802669,8.822411289990026,12.507048870055478,overall warnings,
2023-11-06,1.9760688484672362,1.4555327257983095,2.5094424343339403,-3.695719411793003,-4.686590373295221,-2.7028895491623426,12.370348605170602,10.153487485364133,14.60367732389522,overall warnings,
2023-11-07,0.7407381810562778,0.29363240821961906,1.1965860101136978,-1.0869707191127096,-1.8654397699099736,-0.2968199158810511,11.206107816173049,8.691452101316674,13.657459823938886,overall warnings,
2023-11-08,2.2874310319884827,1.7188688194713106,2.8355367089756798,-1.2034083778302103,-1.9849191222283094,-0.39124450718168086,12.121825099065012,9.81612242830928,14.48486559640033,overall warnings,
2023-11-09,2.379979881225034,1.8697074201372779,2.8728196487160815,-1.5663835260075476,-2.3201130112091857,-0.8153172800884319,11.328325445256693,9.239275909517678,13.305014316969661,overall warnings,
2023-11-10,2.406082892723475,1.8890394426142292,2.930043641015438,-1.9764311654531195,-2.731185749224091,-1.2430210318228077,11.284580892735246,9.202057646510918,13.50458886299133,overall warnings,
2023-11-11,2.4450837157393863,1.924760412787191,2.9919730865558924,-2.194895538812921,-2.9915849334037437,-1.4060288517275765,11.656134430740416,9.609105342981294,13.877418696669302,overall warnings,
2023-11-12,2.543449473947012,2.040247306283464,3.0996129817728026,-2.634592974905975,-3.454817920582183,-1.802003133031934,11.859828145699026,9.627071678815264,14.101131218330476,overall warnings,
2023-11-13,2.631243024174963,2.1061327446111133,3.140767912557807,-2.827792858281403,-3.6127799139084913,-2.0984550533281694,11.49639916957888,9.44552850754598,13.450472856687174,overall warnings,
2023-11-14,1.4518935473078534,0.9900098916669826,1.9113993429169505,-2.328941094123839,-3.1313400317176656,-1.4787187379082813,10.689125787429038,8.456366671694923,12.97162048482883,overall warnings,
2023-11-15,2.1776924146072787,1.6492385093068949,2.6809785204142504,-2.872351371173055,-3.7213069422871574,-2.011497701837333,11.375766436813942,9.16435156590759,13.506435497564398,overall warnings,
2023-11-16,2.331801872080397,1.8276591310908237,2.8442685825957454,-2.378714367673804,-3.1898014996111455,-1.5500907910606114,11.0257993992597,8.998572787875752,13.133056838871882,overall warnings,
2023-11-17,2.3001568760674185,1.80398915015921,2.837516548580932,-2.590215039110698,-3.429962639637454,-1.7870122975051796,11.3650216568846,9.120136194921232,13.601191740138058,overall warnings,
2023-11-18,1.6381215884683937,1.1027108491332012,2.1521765787519724,-3.0270311091054767,-3.9889670878567585,-2.0224604279554574,12.339861081108051,9.698343492960214,14.975813748103931,overall warnings,
2023-11-19,-0.03969057703276205,-0.4547587648965193,0.36079997034838956,-0.36154899730164225,-1.1232552527042379,0.3937808188822197,11.879141436370833,9.351807104369637,14.454311098770932,overall warnings,
2023-11-20,1.158979822189698,0.7132704230878163,1.5924844253375388,-0.3877261060352025,-1.077917659398252,0.29857920882101785,11.564939547206329,9.088726659991512,14.094784819555835,overall warnings,
2023-11-21,1.528240606120057,1.037924732898496,2.0040126855717033,-0.6226565209220554,-1.3830044857913497,0.13095738394809223,11.95587240413083,9.485514837377549,14.40784265083785,overall warnings,
2023-11-22,1.7711597528187162,1.3028366555190973,2.249650538052743,-1.1366314640948745,-1.85433075104194,-0.3808547100117469,11.911517265471261,9.627891980861609,14.340523114294358,overall warnings,
2023-11-23,1.494122465811485,1.0109907167928607,1.9669175600364244,-1.6535347971415306,-2.4275883553539535,-0.8763878449463588,12.166780434475216,9.700323738728564,14.515919432189031,overall warnings,
2023-11-24,1.4750285661521767,0.9964424627644518,1.9411512025855722,-1.3228731151368818,-2.1152227321946917,-0.5265685723044796,11.96894291418729,9.563750701411504,14.405947732723387,overall warnings,
2023-11-25,1.4940590831727345,1.0126539463404522,1.970339496842195,-1.0977478422399956,-1.8903913180929166,-0.34095744336787953,11.928320321500149,9.431446271241205,14.291785927436305,overall warnings,
2023-11-26,1.4473050584309441,0.9919556198511199,1.9247206448848568,-1.1435808874198545,-1.8839484694178785,-0.40802844316186215,11.895980301833514,9.438917700744636,14.396167951686143,overall warnings,
2023-11-27,1.391076842998698,0.9286373761919159,1.8365898751651069,-1.1102810339459501,-1.8327616208619002,-0.36235250489691845,11.993651337453269,9.53090356826201,14.375365299015252,overall warnings,
2023-11-28,1.4399292197992257,0.9845268372066951,1.924428638983662,-1.3481201761497104,-2.1307666574819875,-0.6169054699247722,11.713592858701588,9.25856047707273,14.230700211894884,overall warnings,
2023-11-29,1.5979157332627691,1.114825676185127,2.0648297910570497,-1.82858923062952,-2.604409177618829,-1.0893722540177833,11.435301747832757,9.11214772029818,13.802887140710927,overall warnings,
2023-11-30,1.2438440082381694,0.7973517580195189,1.6678888005576264,-1.653836557016705,-2.3907317398123356,-0.9413111376660652,11.113940353102198,8.860610724485973,13.366708611330973,overall warnings,
2023-12-01,1.0801346409170234,0.6576686465614242,1.5047216671549406,-1.0610521913448583,-1.791349087760334,-0.33772574420826157,10.696037463277822,8.342013494603536,13.030864022652253,overall warnings,
2023-12-02,0.8008871440102725,0.38567612944952134,1.219685032694109,-1.0995842333841557,-1.8405900786508795,-0.3463348994669439,12.047321311938838,9.565714866823061,14.503449786593908,overall warnings,
2023-12-03,0.08792817797162848,-0.3133954191944545,0.48292856752234464,-0.5883365182888928,-1.323218351160407,0.11416253098313926,13.15077498154274,10.472995144850916,15.913097201356347,overall warnings,
2023-12-04,0.8316136365708666,0.4213308180993106,1.2629816894871944,-0.62975513458799115,-1.3991261234409509,0.13497101275391277,13.027482259691828,10.564305228720462,15.589439102670601,overall warnings,
2023-12-05,1.0751695288764394,0.6650088765472253,1.4926521429839084,-0.980278406900578,-1.7091586466877078,-0.2651759743941214,12.896295657475505,10.317463629244772,15.37468247843271,overall warnings,
2023-12-06,0.40206741091069326,4.7358816584086366e-4,0.8000262674542412,-1.5207906912686102,-2.3079312028318184,-0.7400875188036949,13.43671874760943,10.648139965209094,16.153596336478845,overall warnings,
2023-12-07,0.09670102503197944,-0.33821556508231915,0.5080045377766587,-0.5608074844524231,-1.3141711345187537,0.1981345781874256,13.014855442614248,10.476344421036732,15.571114433466155,overall warnings,
2023-12-08,0.8251163697096107,0.4304041474025416,1.2464216678522857,0.2817294864748484,-0.40899036834159375,1.0066499716647854,13.134248400694807,10.622160481110406,15.744267337078034,overall warnings,
2023-12-09,0.9936125073327781,0.552262939077462,1.4223812279425954,0.7019913217742786,-0.07761051186014932,1.4957921371142853,12.920813347660554,10.505920185350892,15.506174192316543,overall warnings,
2023-12-10,1.150402480184169,0.7267831669650034,1.5912478693550494,0.29620794058883737,-0.4377467917499225,1.0594323234474012,12.570788478581424,10.186671730467635,15.19101887550148,overall warnings,
2023-12-11,1.0414648613155428,0.6066391434655599,1.4780267685178414,-0.5925994187210963,-1.404573102065572,0.16449414745530258,12.68054335905424,10.17160373057936,15.221522576165038,overall warnings,
2023-12-12,0.8573577536615635,0.40894240667647985,1.304770690707191,-0.6736697161890797,-1.4315735556343645,0.08688651055604182,12.657314558384709,9.989923171621758,15.20881046870777,overall warnings,
2023-12-13,1.103805049096393,0.6896784676871832,1.5434497375751324,-0.41040865366818835,-1.1316509219297008,0.2808130241159895,12.482126843900776,9.927244769677928,15.1220923604469,overall warnings,
2023-12-14,1.234338398452034,0.8113260247618571,1.6615409103115037,-0.3205293967049366,-1.0376914014544243,0.39989831879788745,11.810334943586716,9.302410861054573,14.25246209252565,overall warnings,
2023-12-15,1.1322073580278575,0.7247836930083866,1.5496192544117093,-0.2210084267577458,-0.9514494892758898,0.5399777393262901,11.891658495484187,9.57715176811528,14.34367381072997,overall warnings,
2023-12-16,0.9785188469654792,0.5686905610169514,1.4170771893048584,-0.3133011829185959,-1.043724904672266,0.3741517337404056,12.07315899712222,9.620585175816966,14.721043430156858,overall warnings,
2023-12-17,0.9120407119097625,0.5056229666245051,1.3338934455191227,-0.8810281818362629,-1.603573234160613,-0.16388185812025047,12.0846299477507,9.472277898868319,14.693230307142032,overall warnings,
2023-12-18,1.1408483543345922,0.6777246074663554,1.6091354328911027,-2.2974063537831513,-3.1014123365311383,-1.4924712813967698,12.07799925463341,9.433745213900668,14.57833719821252,overall warnings,
2023-12-19,0.8282056954070103,0.42829525079431574,1.24886945872514,-2.3632620638849837,-3.207664864000366,-1.5455367703539051,12.625553941914191,10.19116668532023,15.103876883842176,overall warnings,
2023-12-20,0.461728361630999,0.053911449367395864,0.8960407079019734,-1.3256528871559314,-2.1352874317346577,-0.5187385435583075,13.135522030413124,10.556611124408281,15.83008868519583,overall warnings,
2023-12-21,0.48037489869392225,0.06139502357417994,0.8833983595083218,-0.8080487725707481,-1.5626524631257688,-0.06801643265646025,12.968728955426494,10.442643238449103,15.674325435382476,overall warnings,
2023-12-22,0.7114573120543974,0.2967815028197747,1.1353803221507586,-0.4996847367264672,-1.2562731941350918,0.26206184538635696,12.857290690978527,10.381722464814944,15.516455805686995,overall warnings,
2023-12-23,0.7900518978558689,0.35763009305050625,1.189815541210357,0.09735701745021921,-0.6296658564221363,0.8030817884355681,13.270282232677188,10.659705268993951,15.699054942560547,overall warnings,
2023-12-24,1.011470319913528,0.6079876504547029,1.4305449868346316,0.04408454962612593,-0.69298334089367,0.8220122592482915,13.440832784583685,10.922842889433984,16.00922652293925,overall warnings,
2023-12-25,0.9064638439601496,0.521235327891852,1.3223341349473359,-0.2591324537859408,-0.9531115743066935,0.4360477874736765,13.080415360651653,10.59529976911292,15.694958014407767,overall warnings,
2023-12-26,1.3019638349558686,0.866894956393327,1.7569415311083383,-1.1909657021968614,-1.9245917529933452,-0.4303509216220432,12.711788630454958,10.298650036366531,15.357572082597182,overall warnings,
2023-12-27,0.6419649612463758,0.22966568078228877,1.0560600805133582,-1.2868759332485749,-2.04122124882649,-0.5190481441370731,12.632328580521389,10.06605313590696,15.283369568226599,overall warnings,
2023-12-28,0.7136695683066963,0.29776266920224825,1.1313124370537366,-0.8087347580938562,-1.5523281292625464,-0.06402135628118864,13.162569813249137,10.530414102273626,15.651998163883283,overall warnings,
2023-12-29,0.6719740352939182,0.26379397696215334,1.0855927135203465,-1.8789114359935766,-2.6359143849573172,-1.0711963520103025,13.625273358871269,10.905710845925839,16.27944259433453,overall warnings,
2023-12-30,0.8005305626446917,0.38264082251206055,1.2181512388721638,-0.993652556213585,-1.748009135855712,-0.28833567915690744,13.036179781867189,10.562754103647414,15.635273342887052,overall warnings,
2023-12-31,NA,NA,NA,NA,NA,NA,NA,NA,NA,overall warnings,data don't end when expected
