,date,year,water.year,GPP,GPP.lower,GPP.upper,ER,ER.lower,ER.upper,NEP,K600.daily,SV.cfs,SV.cms,z,min.DO,GHI.day,turb_min,turb_median,turb_max,QA.code
1,2018-05-16,2018,2018,NA,NA,NA,NA,NA,NA,NA,12,NA,NA,NA,NA,122,NA,NA,NA,0
2,2018-05-17,2018,2018,NA,NA,NA,NA,NA,NA,NA,12,4450,126,2.03,0.934,346,2.02,3.23,3.74,0
3,2018-05-18,2018,2018,8.9,8.6,9.2,-14.2,-14.7,-13.8,-5.3,12,4370,123.7,2.01,0.927,343,3.38,3.71,4.32,0
4,2018-05-19,2018,2018,8.9,8.7,9.1,-14.9,-15.2,-14.6,-6,12,4270,120.9,1.99,0.925,293,3.64,4.03,4.83,0
5,2018-05-20,2018,2018,8,7.7,8.3,-13.4,-13.8,-12.9,-5.3,12,4170,118.1,1.97,0.927,321,3.83,4.61,6.34,0
6,2018-05-21,2018,2018,8.8,8.5,9.1,-13.7,-14.1,-13.3,-5,12,3950,111.9,1.92,0.929,348,4.21,4.7,5.74,0
7,2018-05-22,2018,2018,9.1,8.8,9.5,-14.1,-14.6,-13.6,-5,12,3600,101.9,1.84,0.924,339,2.7,4.98,10,0
8,2018-05-23,2018,2018,7.3,6.8,7.8,-12.2,-12.9,-11.5,-4.9,12,3130,88.6,1.73,0.924,170,2.66,2.93,3.51,0
9,2018-05-24,2018,2018,7.4,7.2,7.6,-11.3,-11.6,-11,-3.9,12,2900,82.1,1.67,0.933,301,2.9,3.31,4.14,0
10,2018-05-25,2018,2018,2.4,2.2,2.6,-8.1,-8.4,-7.8,-5.7,12,2760,78.2,1.63,0.929,78,3.13,4.15,7.38,0
11,2018-05-26,2018,2018,6.2,5.9,6.4,-8.2,-8.5,-7.9,-2,12.1,2700,76.5,1.62,0.944,359,4.62,6.54,10.19,0
12,2018-05-27,2018,2018,7.6,7.4,7.7,-9,-9.3,-8.8,-1.5,12.2,2520,71.4,1.57,0.939,357,5.54,6.88,12.14,0
13,2018-05-28,2018,2018,8.7,8.5,8.8,-10.5,-10.7,-10.3,-1.8,12.3,2280,64.6,1.5,0.934,362,7.79,10.26,13.42,0
14,2018-05-29,2018,2018,9.1,8.9,9.3,-11.1,-11.3,-10.8,-2,12.5,2080,58.9,1.44,0.923,338,6.4,7.81,13.21,0
15,2018-05-30,2018,2018,8.4,8.2,8.6,-10.9,-11.2,-10.7,-2.6,12.6,1980,56.1,1.41,0.918,324,4.48,6.48,8.67,0
16,2018-05-31,2018,2018,6.2,5.5,6.8,-7.3,-8.3,-6.4,-1.1,12.6,1940,54.9,1.39,0.92,177,1.77,2.61,7.74,0
17,2018-06-01,2018,2018,8.6,8.5,8.8,-7.2,-7.5,-7,1.4,12.6,1920,54.4,1.39,0.95,365,1.84,2.09,2.62,0
18,2018-06-02,2018,2018,9.9,9.7,10.1,-9,-9.3,-8.7,0.9,12.7,1770,50.1,1.34,0.937,357,1.92,2.2,3.12,0
19,2018-06-03,2018,2018,10.2,10,10.3,-9.9,-10.1,-9.7,0.3,12.6,1700,48.1,1.31,0.931,354,1.85,2.14,3.85,0
20,2018-06-04,2018,2018,9.9,9.7,10.1,-9.5,-9.8,-9.2,0.4,12.5,1630,46.2,1.29,0.926,361,1.79,2.05,2.67,0
21,2018-06-05,2018,2018,10.1,9.9,10.3,-9.4,-9.7,-9,0.7,12.4,1610,45.6,1.28,0.925,318,2.04,2.29,5.93,0
22,2018-06-06,2018,2018,10.1,9.9,10.2,-9.8,-10.1,-9.6,0.2,12.3,1570,44.5,1.27,0.925,340,1.73,2.15,3.99,0
23,2018-06-07,2018,2018,9.7,9.5,9.9,-9.2,-9.5,-8.8,0.5,12.1,1530,43.3,1.25,0.915,356,1.79,2.21,5.77,0
24,2018-06-08,2018,2018,9.5,9.3,9.7,-9.4,-9.7,-9.1,0.1,12.6,1870,53,1.37,0.928,309,2,2.65,3.51,0
25,2018-06-09,2018,2018,6.4,6,6.8,-6,-6.6,-5.5,0.4,12.4,2230,63.1,1.49,0.938,205,2.84,3.51,4.25,0
26,2018-06-10,2018,2018,9.3,9.1,9.5,-8,-8.3,-7.8,1.3,12.4,2140,60.6,1.46,0.951,308,2.82,3.2,6.96,0
27,2018-06-11,2018,2018,10.5,10.4,10.6,-8.9,-9.1,-8.7,1.6,12.5,1990,56.4,1.41,0.935,365,2.72,3.06,8,0
28,2018-06-12,2018,2018,11.6,11.4,11.8,-10.6,-10.9,-10.3,1.1,12.7,1850,52.4,1.37,0.929,366,2.58,2.98,4.03,0
29,2018-06-13,2018,2018,12.1,11.8,12.3,-10.6,-11,-10.2,1.5,12.6,1710,48.4,1.32,0.919,366,1.11,1.36,3.45,0
30,2018-06-14,2018,2018,12.1,11.8,12.4,-10.3,-10.8,-9.9,1.8,12.5,1640,46.4,1.29,0.923,350,1.11,1.36,1.8,0
31,2018-06-15,2018,2018,11.5,11.3,11.8,-10.3,-10.6,-10,1.2,12.2,1550,43.9,1.26,0.918,378,1.38,1.52,2,0
32,2018-06-16,2018,2018,11.7,11.5,12,-10.5,-10.9,-10.2,1.2,12.4,1620,45.9,1.29,0.918,374,1.22,1.38,3.32,0
33,2018-06-17,2018,2018,10.5,10.2,10.8,-9,-9.4,-8.6,1.5,12,1500,42.5,1.24,0.92,305,0.92,1.29,1.73,0
34,2018-06-18,2018,2018,11.3,11.1,11.6,-9,-9.3,-8.6,2.3,11.6,1430,40.5,1.22,0.922,325,0.92,1.15,2.08,0
35,2018-06-19,2018,2018,12.3,11.9,12.6,-10.7,-11.1,-10.2,1.6,12.1,1530,43.3,1.25,0.92,340,1.04,1.17,2,0
36,2018-06-20,2018,2018,13.1,12.8,13.3,-11.5,-11.9,-11.1,1.6,12,1500,42.5,1.24,0.91,330,0.97,1.21,1.48,0
37,2018-06-21,2018,2018,12.2,11.9,12.6,-10.7,-11.2,-10.3,1.5,11.6,1430,40.5,1.22,0.907,366,0.84,1.16,1.52,0
38,2018-06-22,2018,2018,13.2,12.9,13.6,-12.2,-12.6,-11.7,1.1,12.1,1530,43.3,1.25,0.907,344,0.78,1.04,1.56,0
39,2018-06-23,2018,2018,12.8,12.5,13.1,-12.3,-12.7,-11.8,0.5,11.7,1450,41.1,1.22,0.903,376,0.78,1.08,1.77,0
40,2018-06-24,2018,2018,11.5,11.3,11.8,-12.2,-12.5,-11.8,-0.6,10.9,1320,37.4,1.17,0.895,371,0.92,1.08,1.5,0
41,2018-06-25,2018,2018,10.7,10.4,11,-11.2,-11.6,-10.8,-0.6,10.5,1260,35.7,1.15,0.887,371,1.12,1.25,1.57,0
42,2018-06-26,2018,2018,11.4,11.1,11.7,-12.2,-12.7,-11.8,-0.8,11,1330,37.7,1.18,0.886,372,1.01,1.38,2.04,0
43,2018-06-27,2018,2018,11.8,11.5,12.2,-12.9,-13.5,-12.4,-1.1,11.5,1420,40.2,1.21,0.887,364,0.97,1.21,1.51,0
44,2018-06-28,2018,2018,10.4,10.1,10.8,-11.2,-11.7,-10.8,-0.8,10.7,1300,36.8,1.16,0.888,370,1.25,1.69,3.01,0
45,2018-06-29,2018,2018,9.8,9.4,10.2,-8.5,-9,-8,1.3,10.2,1220,34.5,1.13,0.891,368,1.29,2.78,3.68,0
46,2018-06-30,2018,2018,9.4,9.1,9.7,-8.2,-8.6,-7.8,1.3,10,1200,34,1.12,0.911,371,1.92,2.92,3.63,0
47,2018-07-01,2018,2018,9.2,8.9,9.5,-8.3,-8.7,-7.9,0.9,9.9,1190,33.7,1.12,0.908,368,2.61,2.9,3.18,0
48,2018-07-02,2018,2018,8.6,8.3,8.9,-7.7,-8.1,-7.3,0.9,9.7,1160,32.8,1.11,0.905,376,2.67,2.95,3.64,0
49,2018-07-03,2018,2018,7.6,7.4,7.8,-7.2,-7.5,-7,0.4,8.9,1070,30.3,1.07,0.908,374,2.53,2.93,3.23,0
50,2018-07-04,2018,2018,7.5,7.2,7.7,-7,-7.4,-6.7,0.5,9,1080,30.6,1.07,0.903,339,2.63,2.84,3.64,0
51,2018-07-05,2018,2018,7.9,7.6,8.1,-7.4,-7.7,-7,0.5,9.6,1150,32.6,1.1,0.909,346,2.74,2.97,4.68,0
52,2018-07-06,2018,2018,7,6.8,7.2,-6.1,-6.4,-5.8,0.9,8.7,1050,29.7,1.06,0.913,320,2.6,2.88,3.28,0
53,2018-07-07,2018,2018,7,6.8,7.2,-6.3,-6.6,-6,0.6,8.7,1040,29.4,1.05,0.913,365,2.57,2.84,3.3,0
54,2018-07-08,2018,2018,7.3,7.1,7.6,-6.8,-7.2,-6.5,0.5,8.8,1060,30,1.06,0.909,362,2.67,2.95,3.39,0
55,2018-07-09,2018,2018,7.2,6.9,7.4,-6.8,-7.1,-6.5,0.4,8.7,1050,29.7,1.06,0.907,370,2.76,3,4.46,0
56,2018-07-10,2018,2018,7.4,7.2,7.7,-7.1,-7.4,-6.8,0.3,8.7,1040,29.4,1.05,0.909,366,2.78,3.01,4.22,0
57,2018-07-11,2018,2018,8,7.8,8.2,-8.1,-8.4,-7.8,0,8.6,1030,29.2,1.05,0.898,365,2.67,2.96,3.74,0
58,2018-07-12,2018,2018,9,8.8,9.3,-9.6,-10,-9.2,-0.6,9,1080,30.6,1.07,0.89,365,0.52,0.68,4.17,0
59,2018-07-13,2018,2018,7.5,7.3,7.7,-8.8,-9.1,-8.6,-1.3,8.7,1040,29.4,1.05,0.882,224,0.55,0.64,1.87,0
60,2018-07-14,2018,2018,9.6,9.4,9.7,-9.1,-9.4,-8.9,0.5,8.5,1020,28.9,1.04,0.887,348,0.51,0.64,0.88,0
61,2018-07-15,2018,2018,9.9,9.5,10.2,-9.6,-10.1,-9.1,0.3,9.1,1090,30.9,1.08,0.878,203,0.61,0.83,0.97,0
62,2018-07-16,2018,2018,7.9,7.2,8.5,-2.4,-3.2,-1.5,5.5,9.5,1140,32.3,1.1,0.884,336,0.64,0.8,2.52,0
63,2018-07-17,2018,2018,11.8,11.3,12.3,-9.1,-9.8,-8.4,2.7,9.5,1140,32.3,1.1,0.899,350,0.61,0.85,1,0
64,2018-07-18,2018,2018,13.2,12.9,13.5,-10.9,-11.3,-10.5,2.3,9.5,1140,32.3,1.1,0.877,351,0.81,0.97,2.54,0
65,2018-07-19,2018,2018,13,12.8,13.2,-10.3,-10.6,-10.1,2.7,8.9,1070,30.3,1.07,0.874,350,0.57,0.79,3.6,0
66,2018-07-20,2018,2018,12.6,12.4,12.8,-9.8,-10.1,-9.5,2.7,8.5,1020,28.9,1.04,0.871,329,0.58,0.71,1.03,0
67,2018-07-21,2018,2018,13,12.9,13.2,-9.8,-10,-9.5,3.3,8.5,1020,28.9,1.04,0.872,323,0.44,0.81,1.52,0
68,2018-07-22,2018,2018,13.7,13.5,13.8,-10.2,-10.4,-10,3.5,8.6,1030,29.2,1.05,0.875,323,0.64,0.8,0.94,0
69,2018-07-23,2018,2018,14.2,14,14.4,-10.9,-11.2,-10.6,3.3,8.4,1010,28.6,1.04,0.875,304,0.74,1,2.28,0
70,2018-07-24,2018,2018,15,14.8,15.2,-11.7,-12,-11.4,3.2,8.7,1040,29.4,1.05,0.858,315,0.55,1.08,1.52,0
71,2018-07-25,2018,2018,16,15.7,16.3,-12.4,-12.8,-12,3.7,9,1080,30.6,1.07,0.86,331,0.74,1.05,3.2,0
72,2018-07-26,2018,2018,15.9,15.7,16,-12.5,-12.7,-12.3,3.4,8.6,1030,29.2,1.05,0.861,324,0.7,0.9,2.51,0
73,2018-07-27,2018,2018,15.7,15.5,15.9,-12.2,-12.4,-11.9,3.5,8.6,1030,29.2,1.05,0.853,331,0.67,0.8,2.62,0
74,2018-07-28,2018,2018,15.6,15.4,15.9,-12.4,-12.8,-12.1,3.2,8.4,1010,28.6,1.04,0.858,299,0.68,0.8,0.95,0
75,2018-07-29,2018,2018,15,14.8,15.2,-11.9,-12.2,-11.6,3.1,8.2,994,28.1,1.03,0.858,300,0.67,0.8,1.12,0
76,2018-07-30,2018,2018,16.7,16.5,17,-14,-14.4,-13.7,2.7,9,1080,30.6,1.07,0.854,295,0.76,0.95,1.82,0
77,2018-07-31,2018,2018,13.4,13,13.9,-12.2,-12.9,-11.6,1.2,8.4,1010,28.6,1.04,0.851,244,0.72,0.95,2.29,0
78,2018-08-01,2018,2018,15.8,15.6,16,-13.3,-13.6,-13,2.5,9.2,1100,31.1,1.08,0.864,295,0.77,0.95,1.54,0
79,2018-08-02,2018,2018,17.1,16.9,17.3,-14.3,-14.6,-13.9,2.8,9.5,1140,32.3,1.1,0.862,330,0.85,1.04,1.35,0
80,2018-08-03,2018,2018,16.2,15.9,16.5,-12.9,-13.3,-12.4,3.3,8.7,1040,29.4,1.05,0.859,320,0.73,0.98,1.2,0
81,2018-08-04,2018,2018,14.9,14.4,15.4,-13.4,-14.1,-12.7,1.5,9.3,1110,31.4,1.08,0.854,290,0.79,1.05,4.72,0
82,2018-08-05,2018,2018,17.3,17.1,17.5,-14.1,-14.4,-13.8,3.2,9.5,1140,32.3,1.1,0.86,281,1.84,3.91,7.49,0
83,2018-08-06,2018,2018,16.8,16.5,17.1,-13.6,-14,-13.2,3.2,8.7,1050,29.7,1.06,0.855,288,2.41,3.67,5.15,0
84,2018-08-07,2018,2018,15.3,15,15.6,-14.1,-14.5,-13.7,1.2,8.5,1020,28.9,1.04,0.845,276,1.09,2.3,4.45,0
85,2018-08-08,2018,2018,15,14.8,15.1,-13.6,-13.9,-13.3,1.4,8.6,1030,29.2,1.05,0.847,275,0.9,1.15,2.49,0
86,2018-08-09,2018,2018,15.2,15,15.5,-12.1,-12.5,-11.7,3.1,8.4,1010,28.6,1.04,0.847,270,0.68,0.89,3.39,0
87,2018-08-10,2018,2018,14.9,14.6,15.3,-11.1,-11.6,-10.6,3.9,8.2,990,28,1.03,0.868,306,0.59,0.83,3.53,0
88,2018-08-11,2018,2018,14.6,14.3,15,-10.7,-11.2,-10.2,3.9,8.2,988,28,1.03,0.869,305,0.62,0.9,1.27,0
89,2018-08-12,2018,2018,14.9,14.7,15.1,-10.3,-10.6,-10,4.6,8.1,985,27.9,1.03,0.876,306,0.69,0.92,2.78,0
90,2018-08-13,2018,2018,14.7,14.5,14.9,-10.1,-10.4,-9.9,4.5,8.1,979,27.7,1.03,0.878,280,0.73,1.12,2.75,0
91,2018-08-14,2018,2018,14.2,14,14.4,-9.7,-9.9,-9.4,4.5,8.1,977,27.7,1.02,0.88,277,0.79,1.06,2.86,0
92,2018-08-15,2018,2018,14.9,14.8,15.1,-9.8,-10,-9.6,5.2,8.5,1020,28.9,1.04,0.885,260,1.02,1.29,1.71,0
93,2018-08-16,2018,2018,14.4,14.2,14.6,-8.7,-9,-8.4,5.7,8.2,991,28.1,1.03,0.89,287,1.43,1.65,3.08,0
94,2018-08-17,2018,2018,14.2,13.9,14.6,-8.5,-9.1,-8,5.7,8.1,976,27.6,1.02,0.899,287,1.48,1.77,3.2,0
95,2018-08-18,2018,2018,15.3,15.1,15.5,-8.9,-9.2,-8.6,6.5,8.4,1010,28.6,1.04,0.904,290,0.93,1.72,3.92,0
96,2018-08-19,2018,2018,13.7,13.1,14.3,-8.8,-9.6,-7.9,4.9,8.2,986,27.9,1.03,0.893,294,1.09,1.49,3.52,0
97,2018-08-20,2018,2018,14.1,13.8,14.4,-8.4,-8.9,-8,5.7,8.1,975,27.6,1.02,0.904,285,1.06,1.61,3.72,0
98,2018-08-21,2018,2018,14.5,14.3,14.7,-8.9,-9.2,-8.6,5.7,8.8,1060,30,1.06,0.9,243,1.18,1.51,2.64,0
99,2018-08-22,2018,2018,13.7,13.5,13.8,-7.9,-8.1,-7.7,5.8,8.7,1050,29.7,1.06,0.908,243,1.27,1.55,2.2,0
100,2018-08-23,2018,2018,12.9,12.7,13.1,-10.2,-10.4,-9.9,2.7,8.2,987,27.9,1.03,0.888,257,0.97,1.19,3.62,0
101,2018-08-24,2018,2018,13,12.7,13.2,-10.4,-10.7,-10.1,2.6,8.1,978,27.7,1.02,0.873,293,0.75,1,1.34,0
102,2018-08-25,2018,2018,6.7,6.3,7.1,-14.4,-15.1,-13.8,-7.7,12.6,1900,53.8,1.38,0.871,266,1.01,8.32,14.6,0
103,2018-08-26,2018,2018,12.8,12.5,13,-13.6,-13.9,-13.2,-0.8,12.7,1810,51.3,1.35,0.907,256,3.13,5.46,8.72,0
104,2018-08-27,2018,2018,13.6,13.5,13.8,-14.7,-15,-14.5,-1.1,12.7,1730,49,1.32,0.906,295,3.36,4.89,6.25,0
105,2018-08-28,2018,2018,13.6,13.5,13.8,-13.5,-13.8,-13.2,0.1,12.2,1550,43.9,1.26,0.894,287,3.31,5.59,8.2,0
106,2018-08-29,2018,2018,12.4,11.9,12.9,-11.8,-12.5,-11.1,0.6,10.7,1290,36.5,1.16,0.894,270,2.07,3.08,12.84,0
107,2018-08-30,2018,2018,8.4,8.2,8.7,-8.6,-9,-8.3,-0.2,8.7,1050,29.7,1.06,0.886,281,1.3,2.65,8.45,0
108,2018-08-31,2018,2018,8,7.8,8.2,-8.5,-8.8,-8.2,-0.5,8.7,1050,29.7,1.06,0.89,286,1.05,1.44,2.02,0
109,2018-09-01,2018,2018,8.2,8.1,8.3,-8.7,-8.9,-8.5,-0.5,8.8,1050,29.7,1.06,0.897,287,1.02,1.55,3.28,0
110,2018-09-02,2018,2018,9,8.9,9.1,-9.2,-9.4,-9,-0.2,9.4,1130,32,1.09,0.896,280,1.24,1.77,2.69,0
111,2018-09-03,2018,2018,9.1,9,9.3,-9.4,-9.6,-9.2,-0.3,9.6,1150,32.6,1.1,0.901,275,1.37,1.62,3.7,0
112,2018-09-04,2018,2018,9.3,9.2,9.4,-9.4,-9.6,-9.2,-0.1,9.5,1140,32.3,1.1,0.899,265,1.12,1.47,2.31,0
113,2018-09-05,2018,2018,8.9,8.7,9,-8.6,-8.8,-8.4,0.3,9.3,1110,31.4,1.08,0.898,260,1.24,1.58,2.06,0
114,2018-09-06,2018,2018,8.8,8.6,8.9,-8,-8.2,-7.8,0.8,9.2,1100,31.1,1.08,0.9,244,1.27,1.58,2.68,0
115,2018-09-07,2018,2018,8.7,8.5,8.8,-7.3,-7.5,-7.1,1.4,9.3,1110,31.4,1.08,0.91,179,1.25,1.56,2.22,0
116,2018-09-08,2018,2018,9.3,9.1,9.4,-7.6,-7.8,-7.4,1.7,9.3,1110,31.4,1.08,0.915,260,1.38,2.14,3.35,0
117,2018-09-09,2018,2018,9.2,9.1,9.4,-8,-8.2,-7.7,1.3,9.2,1100,31.1,1.08,0.912,262,1.71,2.32,3.85,0
118,2018-09-10,2018,2018,10,9.8,10.1,-8.2,-8.4,-7.9,1.8,9.2,1100,31.1,1.08,0.906,259,2.43,3.38,4.42,0
119,2018-09-11,2018,2018,9.4,9.3,9.5,-7.7,-7.9,-7.5,1.7,9.3,1110,31.4,1.08,0.906,225,2.1,2.58,3.67,0
120,2018-09-12,2018,2018,9.5,9.4,9.7,-7.8,-8,-7.5,1.8,9.4,1120,31.7,1.09,0.911,233,1.74,2.8,4.94,0
121,2018-09-13,2018,2018,10.9,10.7,11.1,-8.5,-8.8,-8.2,2.4,9.4,1130,32,1.09,0.911,260,3.42,5.34,10.47,0
122,2018-09-14,2018,2018,10.1,9.9,10.3,-8.9,-9.2,-8.6,1.2,9.6,1150,32.6,1.1,0.907,255,1.67,2.94,5.09,0
123,2018-09-15,2018,2018,9.6,9.5,9.8,-8.5,-8.8,-8.3,1.1,9.6,1150,32.6,1.1,0.902,251,1.02,2.25,3.89,0
124,2018-09-16,2018,2018,9.8,9.6,10,-8.5,-8.8,-8.2,1.3,9.6,1150,32.6,1.1,0.909,254,1.12,1.95,4.4,0
125,2018-09-17,2018,2018,10.1,10,10.3,-9.1,-9.3,-8.8,1.1,9.6,1150,32.6,1.1,0.908,249,0.61,1.37,4.19,0
126,2018-09-18,2018,2018,10.9,10.7,11.1,-9.7,-9.9,-9.5,1.2,9.7,1160,32.8,1.11,0.903,247,1.22,2.03,3.31,0
127,2018-09-19,2018,2018,10.7,10.5,10.9,-9.2,-9.5,-8.9,1.5,9.6,1150,32.6,1.1,0.896,248,1.62,2.94,5.96,0
128,2018-09-20,2018,2018,10.7,10.5,10.8,-9.7,-9.9,-9.4,1,9.6,1150,32.6,1.1,0.899,247,1.54,2.21,4.17,0
129,2018-09-21,2018,2018,12,11.9,12.2,-10.3,-10.5,-10,1.8,9.6,1150,32.6,1.1,0.896,202,1.8,5.7,10.58,0
130,2018-09-22,2018,2018,10.8,10.6,10.9,-10.2,-10.4,-10,0.6,9.8,1170,33.1,1.11,0.891,159,1.63,2.88,5.96,0
131,2018-09-23,2018,2018,10.2,10,10.3,-10.2,-10.5,-10,-0.1,9.8,1180,33.4,1.12,0.892,245,1.54,1.79,3.02,0
132,2018-09-24,2018,2018,10.5,10.3,10.6,-10.2,-10.4,-10,0.3,9.8,1170,33.1,1.11,0.89,241,1.72,2.99,7.49,0
133,2018-09-25,2018,2018,10.9,10.7,11.1,-10.3,-10.6,-10,0.6,10,1200,34,1.12,0.89,234,4.03,7.99,11.52,0
134,2018-09-26,2018,2018,10.7,10.6,10.9,-10.5,-10.8,-10.3,0.2,9.7,1160,32.8,1.11,0.896,230,1.7,3.48,7.21,0
135,2018-09-27,2018,2018,11,10.8,11.1,-10.6,-10.8,-10.4,0.3,9.7,1160,32.8,1.11,0.884,212,2.16,3.54,6.66,0
136,2018-09-28,2018,2018,10.3,10.1,10.4,-11.1,-11.3,-10.9,-0.8,9.8,1170,33.1,1.11,0.889,190,1.98,2.15,2.58,0
137,2018-09-29,2018,2018,9.6,9.4,9.8,-10.8,-11.1,-10.4,-1.2,9.7,1160,32.8,1.11,0.884,174,2,2.17,3.2,0
138,2018-09-30,2018,2018,9.1,9,9.3,-10.8,-11,-10.6,-1.6,9.9,1180,33.4,1.12,0.894,137,1.96,2.16,2.49,0
139,2018-10-01,2018,2019,6.7,6.6,6.9,-10.1,-10.4,-9.8,-3.3,9.9,1190,33.7,1.12,0.892,59,1.99,2.25,3.35,0
140,2018-10-02,2018,2019,8.2,8,8.4,-9.9,-10.2,-9.6,-1.7,10.2,1230,34.8,1.14,0.906,125,2.1,2.24,2.68,0
141,2018-10-03,2018,2019,7.6,7.4,7.7,-10.8,-11.1,-10.5,-3.2,10.3,1240,35.1,1.14,0.9,110,2.08,2.31,2.8,0
142,2018-10-04,2018,2019,7.5,7.4,7.6,-9.5,-9.7,-9.4,-2.1,10.2,1230,34.8,1.14,0.9,206,2.19,2.42,2.9,0
143,2018-10-05,2018,2019,5.7,5.5,5.9,-8.3,-8.6,-8,-2.6,10.2,1230,34.8,1.14,0.907,70,2.13,2.34,2.8,0
144,2018-10-06,2018,2019,6.3,6,6.5,-7.8,-8.2,-7.5,-1.6,10.5,1260,35.7,1.15,0.921,127,2.22,2.44,2.77,0
145,2018-10-07,2018,2019,6.7,6.6,6.8,-8,-8.2,-7.8,-1.3,10.4,1250,35.4,1.14,0.919,199,2.2,2.5,4.57,0
146,2018-10-08,2018,2019,6.8,6.6,7,-9,-9.3,-8.7,-2.1,10.4,1250,35.4,1.14,0.916,186,2.19,2.44,3.15,0
147,2018-10-09,2018,2019,6.6,6.5,6.8,-8.9,-9.1,-8.7,-2.3,10.4,1250,35.4,1.14,0.91,204,2.28,2.5,2.86,0
148,2018-10-10,2018,2019,6.4,6.2,6.5,-8.7,-8.9,-8.5,-2.4,10.4,1250,35.4,1.14,0.911,199,2.22,2.42,3.3,0
149,2018-10-11,2018,2019,5.9,5.7,6.1,-5.9,-6.2,-5.6,0,10.3,1240,35.1,1.14,0.914,204,0,2.41,3.05,0
150,2018-10-12,2018,2019,6.5,6.4,6.7,-5.9,-6.1,-5.7,0.6,10.4,1250,35.4,1.14,0.942,196,1.03,1.33,2.14,0
151,2018-10-13,2018,2019,6.4,6.3,6.6,-5.7,-5.9,-5.5,0.7,10.7,1290,36.5,1.16,0.94,200,1.04,1.4,2.15,0
152,2018-10-14,2018,2019,5.9,5.8,6.1,-4.5,-4.8,-4.3,1.4,10.2,1230,34.8,1.14,0.944,202,0.94,1.14,1.88,0
153,2018-10-15,2018,2019,5.8,5.7,5.9,-4,-4.1,-3.8,1.9,10.2,1230,34.8,1.14,0.952,196,0.91,1.08,3.95,0
154,2018-10-16,2018,2019,5.9,5.7,6.1,-4.6,-4.8,-4.3,1.4,10.4,1250,35.4,1.14,0.958,188,0.91,1.12,1.46,0
155,2018-10-17,2018,2019,5.9,5.8,6.1,-4.8,-5,-4.5,1.1,10.4,1250,35.4,1.14,0.95,186,0.92,1.11,1.36,0
156,2018-10-18,2018,2019,6,5.9,6.2,-4.7,-4.9,-4.5,1.3,10.4,1250,35.4,1.14,0.951,182,0.95,1.11,5.56,0
157,2018-10-19,2018,2019,6.4,6.3,6.6,-5.1,-5.4,-4.9,1.3,11,1340,37.9,1.18,0.953,180,1.08,1.26,1.58,0
158,2018-10-20,2018,2019,6.2,6.1,6.4,-5.4,-5.6,-5.1,0.8,10.7,1290,36.5,1.16,0.951,180,0.97,1.17,1.4,0
159,2018-10-21,2018,2019,6.2,6,6.3,-5.3,-5.5,-5.1,0.9,10.5,1270,36,1.15,0.947,175,0.93,1.18,3.07,0
160,2018-10-22,2018,2019,6.2,6.1,6.4,-5.4,-5.7,-5.1,0.8,10.4,1250,35.4,1.14,0.943,172,0.95,1.1,1.38,0
161,2018-10-23,2018,2019,4.9,4.8,5,-4.7,-4.9,-4.5,0.2,10.5,1260,35.7,1.15,0.945,45,0.97,1.12,1.4,0
162,2018-10-24,2018,2019,5.5,5.4,5.6,-4.4,-4.5,-4.2,1.1,10.5,1260,35.7,1.15,0.952,75,0.97,1.12,1.32,0
163,2018-10-25,2018,2019,6.3,6.2,6.3,-3.7,-3.8,-3.6,2.6,10.5,1270,36,1.15,0.958,114,0.91,1.12,1.57,0
164,2018-10-26,2018,2019,7,6.9,7.1,-4.8,-4.9,-4.7,2.2,10.5,1270,36,1.15,0.962,115,1.09,1.29,1.5,0
165,2018-10-27,2018,2019,6.9,6.7,7.1,-5.1,-5.3,-4.8,1.8,10.5,1270,36,1.15,0.955,128,0.93,1.5,1.78,0
166,2018-10-28,2018,2019,6.4,6.3,6.5,-5.7,-5.8,-5.5,0.8,10.9,1320,37.4,1.17,0.951,98,0.94,1.17,1.54,0
167,2018-10-29,2018,2019,6.7,6.6,6.8,-4.9,-5.1,-4.7,1.8,11,1330,37.7,1.18,0.95,118,1.09,1.31,1.58,0
168,2018-10-30,2018,2019,6,5.8,6.1,-4.9,-5.2,-4.6,1.1,11,1330,37.7,1.18,0.955,155,1.26,1.42,1.61,0
169,2018-10-31,2018,2019,5.8,5.7,6,-5.3,-5.5,-5,0.5,10.8,1310,37.1,1.17,0.956,60,1.42,1.56,1.95,0
170,2018-11-01,2018,2019,6.3,6.1,6.5,-6.3,-6.6,-6,0,10.7,1300,36.8,1.16,0.946,130,1.29,1.46,1.76,0
171,2018-11-02,2018,2019,6.1,6,6.2,-6.7,-6.9,-6.6,-0.6,10.7,1290,36.5,1.16,0.943,129,1.43,1.57,1.92,0
172,2018-11-03,2018,2019,6.7,6.5,6.9,-6.8,-7.1,-6.5,-0.1,10.7,1300,36.8,1.16,0.94,124,1.56,1.63,2.04,0
173,2018-11-04,2018,2019,6.2,6,6.3,-7.5,-7.8,-7.3,-1.4,10.7,1300,36.8,1.16,0.934,84,1.05,1.22,1.79,0
174,2018-11-05,2018,2019,5.7,5.6,5.8,-7.7,-7.9,-7.4,-2,10.8,1310,37.1,1.17,0.932,148,1.04,1.25,1.41,0
175,2018-11-06,2018,2019,5.5,5.3,5.7,-7.6,-7.9,-7.2,-2,10.8,1310,37.1,1.17,0.931,146,1.07,1.3,1.79,0
176,2018-11-07,2018,2019,5.4,5.2,5.7,-7.8,-8.2,-7.5,-2.4,10.8,1310,37.1,1.17,0.931,145,1.21,1.47,1.98,0
177,2018-11-08,2018,2019,5.5,5.3,5.6,-7.2,-7.5,-6.9,-1.7,10.6,1280,36.2,1.16,0.929,148,Inf,NA,-Inf,0
178,2018-11-09,2018,2019,5.3,5.1,5.5,-7,-7.3,-6.6,-1.6,10.5,1270,36,1.15,0.936,142,Inf,NA,-Inf,0
179,2018-11-10,2018,2019,5.1,4.9,5.3,-6.7,-7,-6.3,-1.6,10.4,1250,35.4,1.14,0.936,143,Inf,NA,-Inf,0
180,2018-11-11,2018,2019,5,4.8,5.2,-5.9,-6.3,-5.6,-1,10.5,1260,35.7,1.15,0.941,140,Inf,NA,-Inf,0
181,2018-11-12,2018,2019,4.9,4.7,5.2,-5.3,-5.6,-4.9,-0.3,10.5,1260,35.7,1.15,0.948,136,Inf,NA,-Inf,0
182,2018-11-13,2018,2019,5.4,5.4,5.5,-4.8,-5,-4.7,0.6,10.5,1260,35.7,1.15,0.955,82,Inf,NA,-Inf,0
183,2018-11-14,2018,2019,5.5,5.3,5.6,-4.8,-5,-4.5,0.7,10.5,1270,36,1.15,0.958,115,1.38,1.44,1.96,0
184,2018-11-15,2018,2019,5.5,5.4,5.6,-5.1,-5.3,-4.9,0.4,10.5,1260,35.7,1.15,0.956,112,1.37,1.45,1.72,0
185,2018-11-16,2018,2019,5.2,5,5.4,-5.3,-5.6,-5,-0.1,10.5,1270,36,1.15,0.953,126,1.37,1.46,1.81,0
186,2018-11-17,2018,2019,5.2,5,5.4,-5.1,-5.4,-4.8,0.1,10.6,1280,36.2,1.16,0.954,126,1.42,1.49,1.69,0
187,2018-11-18,2018,2019,5.4,5.2,5.5,-4.6,-4.9,-4.3,0.8,10.5,1270,36,1.15,0.957,125,1.42,1.5,1.8,0
188,2018-11-19,2018,2019,5.3,5.1,5.4,-4.2,-4.5,-4,1.1,10.6,1280,36.2,1.16,0.961,121,1.41,1.52,1.71,0
189,2018-11-20,2018,2019,6.1,6,6.1,-3.5,-3.6,-3.4,2.5,10.6,1280,36.2,1.16,0.963,99,1.48,1.64,1.83,0
190,2018-11-21,2018,2019,3.1,2.9,3.3,-3.9,-4.3,-3.6,-0.8,10.7,1290,36.5,1.16,0.973,26,1.59,1.72,1.95,0
191,2018-11-22,2018,2019,2.3,2,2.5,-2.6,-3,-2.3,-0.4,11.2,1370,38.8,1.19,0.969,20,1.61,1.84,2.18,0
192,2018-11-23,2018,2019,3,2.8,3.2,-2.8,-3.1,-2.4,0.2,12,1510,42.8,1.25,0.977,40,1.85,2.35,4.8,0
193,2018-11-24,2018,2019,4.8,4.7,4.9,-2.7,-2.8,-2.6,2.1,11.6,1440,40.8,1.22,0.978,81,1.67,2.04,2.79,0
194,2018-11-25,2018,2019,5.2,5.1,5.2,-2.1,-2.3,-2,3,11.1,1350,38.2,1.18,0.98,86,1.69,1.87,2.35,0
195,2018-11-26,2018,2019,5.1,5,5.2,-2.6,-2.8,-2.5,2.5,11.1,1350,38.2,1.18,0.981,45,1.77,1.9,2.27,0
196,2018-11-27,2018,2019,2.7,2.5,2.8,-2.5,-2.8,-2.2,0.2,12.1,1530,43.3,1.25,0.979,22,1.86,2.4,4.28,0
197,2018-11-28,2018,2019,4.3,4.1,4.5,-4.1,-4.5,-3.8,0.1,12.3,1590,45,1.28,0.97,56,1.84,2.49,3.29,0
198,2018-11-29,2018,2019,4.2,4.1,4.2,-4.2,-4.4,-4.1,-0.1,11.9,1490,42.2,1.24,0.961,59,1.74,2.26,4.65,0
199,2018-11-30,2018,2019,4.7,4.6,4.8,-2.7,-2.8,-2.5,2,11.9,1480,41.9,1.23,0.97,64,1.96,2.55,3.4,0
200,2018-12-01,2018,2019,4,3.9,4.1,-2.1,-2.3,-2,1.9,12.3,1590,45,1.28,0.974,42,1.75,2.03,2.69,0
201,2018-12-02,2018,2019,3.7,3.6,3.7,-0.6,-0.7,-0.6,3,12.1,1540,43.6,1.26,0.987,76,1.96,2.27,3.44,0
202,2018-12-03,2018,2019,3.9,3.8,3.9,-0.5,-0.7,-0.4,3.3,11.7,1450,41.1,1.22,0.994,106,1.79,1.85,2.13,0
203,2018-12-04,2018,2019,3.9,3.8,4,-1.2,-1.4,-1,2.7,11.3,1380,39.1,1.2,0.996,20,1.62,1.7,1.98,0
204,2018-12-05,2018,2019,4,3.8,4.1,-1.5,-1.8,-1.3,2.5,11.2,1360,38.5,1.19,0.99,92,1.67,1.76,1.83,0
205,2018-12-06,2018,2019,3.1,3,3.2,-1.2,-1.3,-1,1.9,10.7,1290,36.5,1.16,0.986,106,1.63,1.77,1.87,0
206,2018-12-07,2018,2019,3.8,3.7,3.9,-0.5,-0.7,-0.4,3.3,10.7,1300,36.8,1.16,0.988,51,1.67,1.73,1.9,0
207,2018-12-08,2018,2019,4.3,4.2,4.4,-0.8,-0.9,-0.6,3.5,10.5,1270,36,1.15,0.998,82,1.7,1.75,1.88,0
208,2018-12-09,2018,2019,3.7,3.5,3.9,-1.1,-1.4,-0.8,2.6,10.7,1290,36.5,1.16,0.993,56,1.72,1.79,1.97,0
209,2018-12-10,2018,2019,4.3,4.2,4.4,-1.4,-1.5,-1.3,2.9,10.9,1320,37.4,1.17,0.995,72,1.78,2.31,3.15,0
210,2018-12-11,2018,2019,4.2,4.1,4.4,-1.4,-1.6,-1.2,2.8,10.8,1310,37.1,1.17,0.993,32,1.92,1.99,2.28,0
211,2018-12-12,2018,2019,3.9,3.8,4,-0.2,-0.3,-0.1,3.7,11,1330,37.7,1.18,0.99,78,Inf,NA,-Inf,0
212,2018-12-13,2018,2019,4,3.9,4.1,-0.7,-0.8,-0.5,3.3,10.9,1320,37.4,1.17,0.996,81,Inf,NA,-Inf,0
213,2018-12-14,2018,2019,2,1.9,2.2,-0.6,-0.8,-0.4,1.4,11,1340,37.9,1.18,0.989,22,1.92,2.05,3.66,0
214,2018-12-15,2018,2019,4.2,4.1,4.2,-1.7,-1.8,-1.6,2.4,11.1,1350,38.2,1.18,0.991,44,1.96,2.13,2.38,0
215,2018-12-16,2018,2019,1.4,1.3,1.5,-1.5,-1.7,-1.3,-0.1,11.5,1410,39.9,1.21,0.986,16,2.2,2.43,12.81,0
216,2018-12-17,2018,2019,3.8,3.8,3.8,-0.8,-0.8,-0.7,3,12.2,1560,44.2,1.26,0.99,38,4.08,5.95,11.22,0
217,2018-12-18,2018,2019,1.8,1.7,2,0,-0.2,0.3,1.9,12.7,1740,49.3,1.33,0.992,35,Inf,NA,-Inf,0
218,2018-12-19,2018,2019,3.1,3,3.1,0.2,0.1,0.3,3.2,12.4,2130,60.3,1.45,1,60,2.55,2.89,4.23,0
219,2018-12-20,2018,2019,1.5,1.4,1.6,-0.2,-0.4,-0.1,1.3,12.6,1970,55.8,1.4,0.996,28,2.24,3.33,4.25,0
220,2018-12-21,2018,2019,2.4,2.3,2.4,1,0.9,1.1,3.3,12.5,2080,58.9,1.44,0.999,87,1.49,1.98,3.27,0
221,2018-12-22,2018,2019,2.3,2.3,2.4,1.6,1.5,1.7,3.9,12.6,1900,53.8,1.38,1.004,18,1.42,1.55,1.75,2
222,2018-12-23,2018,2019,2.7,2.6,2.8,1,0.9,1.1,3.7,12.7,1780,50.4,1.34,1.009,26,1.23,1.4,1.64,2
223,2018-12-24,2018,2019,0.6,0.5,0.6,0.2,0.2,0.3,0.8,12.7,1830,51.8,1.36,1.001,5,1.22,1.4,3.52,2
224,2018-12-25,2018,2019,2.1,2.1,2.2,1.9,1.8,2,4,12.4,2130,60.3,1.45,1.001,102,1.64,2.09,2.6,2
225,2018-12-26,2018,2019,2.3,2.2,2.3,2.4,2.3,2.5,4.7,12.6,1920,54.4,1.39,1.009,27,1.88,2.61,3.49,2
226,2018-12-27,2018,2019,2.6,2.5,2.6,3.1,3,3.2,5.7,12.7,1810,51.3,1.35,1.016,94,1.32,1.54,1.91,2
227,2018-12-28,2018,2019,2.2,2.1,2.3,3.7,3.5,3.8,5.9,12.6,1690,47.9,1.31,1.016,95,1.2,1.33,1.43,2
228,2018-12-29,2018,2019,2.5,2.4,2.7,3.4,3.3,3.6,6,12.5,1630,46.2,1.29,1.023,84,1.19,1.29,1.46,2
229,2018-12-30,2018,2019,2.9,2.8,3,2.8,2.6,2.9,5.6,12.3,1570,44.5,1.27,1.021,50,1.23,1.29,1.46,2
230,2018-12-31,2018,2019,2,2,2.1,3.4,3.2,3.5,5.4,12.1,1520,43,1.25,1.017,104,1.27,1.35,1.48,2
231,2019-01-01,2019,2019,2.5,2.4,2.6,3.8,3.6,3.9,6.2,12,1500,42.5,1.24,1.021,99,1.25,1.32,1.44,2
232,2019-01-02,2019,2019,2.2,2,2.3,3.7,3.5,3.9,5.8,11.9,1480,41.9,1.23,1.027,103,1.3,1.36,1.49,2
233,2019-01-03,2019,2019,2.9,2.8,3,3.7,3.5,3.8,6.6,11.9,1480,41.9,1.23,1.028,66,1.36,1.46,2.36,2
234,2019-01-04,2019,2019,2.9,2.8,3.1,2.3,2.1,2.6,5.3,11.8,1470,41.6,1.23,1.019,81,2.06,2.13,2.21,2
235,2019-01-05,2019,2019,2.2,2.1,2.3,0.1,-0.1,0.3,2.3,11.7,1440,40.8,1.22,1.008,32,2.16,2.26,2.93,2
236,2019-01-06,2019,2019,1.4,1.4,1.5,1,1,1.1,2.5,11.9,1490,42.2,1.24,1.006,17,2.15,2.38,3.3,2
237,2019-01-07,2019,2019,3,2.9,3,2,2,2.1,5,11.8,1470,41.6,1.23,1.01,44,2.29,2.65,3.08,2
238,2019-01-08,2019,2019,3,2.8,3.1,-0.1,-0.4,0.1,2.9,11.8,1470,41.6,1.23,1.003,38,2.39,2.55,2.8,2
239,2019-01-09,2019,2019,3.2,3.1,3.3,0.6,0.4,0.7,3.8,12.6,1670,47.3,1.3,0.998,53,2.46,2.71,5.15,0
240,2019-01-10,2019,2019,1.6,1.5,1.6,1.8,1.7,1.9,3.4,12.3,2290,64.8,1.5,1.007,83,4.43,12.25,20.08,2
241,2019-01-11,2019,2019,2.5,2.4,2.6,0,-0.1,0.1,2.5,12.5,2030,57.5,1.42,0.999,70,7.69,8.32,9.21,0
242,2019-01-12,2019,2019,2.4,2.3,2.5,0.6,0.4,0.7,3,12.7,1860,52.7,1.37,0.996,107,7.01,7.81,9.82,0
243,2019-01-13,2019,2019,2.7,2.6,2.8,0.3,0.1,0.5,3,12.7,1760,49.8,1.34,0.999,114,8.62,11.8,13.4,0
244,2019-01-14,2019,2019,3.2,3,3.3,-0.5,-0.8,-0.3,2.6,12.6,1700,48.1,1.31,0.996,98,Inf,NA,-Inf,0
245,2019-01-15,2019,2019,3,2.9,3.1,-1.2,-1.4,-1.1,1.7,12.5,1650,46.7,1.3,0.991,72,2.4,2.45,2.5,0
246,2019-01-16,2019,2019,2.1,2,2.2,-1.9,-2.1,-1.7,0.2,12.6,1680,47.6,1.31,0.989,22,2.27,2.39,21.62,0
247,2019-01-17,2019,2019,1.3,1.1,1.5,0.6,0.4,0.9,1.9,12.2,2440,69.1,1.55,0.987,48,4.5,6.4,34.62,0
248,2019-01-18,2019,2019,0.6,0.6,0.7,2.1,2,2.2,2.7,12,2840,80.4,1.66,1.007,21,4.84,6.68,14.41,2
249,2019-01-19,2019,2019,0.1,0,0.1,3.3,3.3,3.4,3.4,12.1,5340,151.2,2.2,1.012,19,4.77,23.49,64.32,2
250,2019-01-20,2019,2019,0,-0.1,0.1,3.1,2.9,3.2,3.1,12.5,9690,274.4,2.88,1.007,33,20.79,36.2,62.52,2
251,2019-01-21,2019,2019,-0.2,-0.4,-0.1,6.4,6.2,6.7,6.2,12.2,7290,206.4,2.53,1.008,112,12.25,16.53,21.82,2
252,2019-01-22,2019,2019,0.5,0.5,0.6,5.5,5.4,5.6,6,12,4890,138.5,2.11,1.021,112,8.97,10.18,13.27,2
253,2019-01-23,2019,2019,0.6,0.5,0.7,4,3.9,4.1,4.6,12,3800,107.6,1.89,1.019,66,8.14,8.78,9.57,2
254,2019-01-24,2019,2019,1.1,1,1.1,3.1,3,3.2,4.1,12,3290,93.2,1.77,1.013,126,8.38,8.82,9.51,2
255,2019-01-25,2019,2019,0.8,0.7,0.9,3.5,3.3,3.6,4.3,12,3110,88.1,1.72,1.012,131,6.83,7.26,9.34,2
256,2019-01-26,2019,2019,1.2,1.1,1.3,2.8,2.6,2.9,4,12,2890,81.8,1.67,1.015,99,6.24,6.54,7.23,2
257,2019-01-27,2019,2019,1,0.9,1.1,2.1,1.9,2.3,3.1,12,2840,80.4,1.66,1.009,123,5.07,5.83,6.43,2
258,2019-01-28,2019,2019,1.2,1.1,1.3,0.8,0.7,1,2,12.1,2700,76.5,1.62,1.004,73,4.53,4.8,5.29,2
259,2019-01-29,2019,2019,1.2,1.1,1.2,0.1,0,0.2,1.3,12.1,2620,74.2,1.6,0.997,129,4.19,4.38,4.64,0
260,2019-01-30,2019,2019,1.3,1.2,1.3,0.2,0.1,0.3,1.5,12.1,2580,73.1,1.59,0.995,82,3.15,4.03,4.58,0
261,2019-01-31,2019,2019,1.3,1.2,1.4,-0.3,-0.5,-0.2,0.9,12.2,2500,70.8,1.56,0.995,134,3.51,3.62,4.05,0
262,2019-02-01,2019,2019,1.2,1.1,1.4,-2.6,-2.9,-2.4,-1.4,12.2,2400,68,1.53,0.986,41,3.53,3.62,3.77,0
263,2019-02-02,2019,2019,1.2,1.2,1.3,-3.4,-3.5,-3.3,-2.1,12.3,2310,65.4,1.51,0.978,31,3.23,3.45,3.79,0
264,2019-02-03,2019,2019,1.4,1.4,1.5,-3,-3.1,-2.9,-1.6,12.3,2330,66,1.51,0.977,33,3.56,3.8,4.03,0
265,2019-02-04,2019,2019,1.3,1.2,1.4,-2.4,-2.5,-2.3,-1.1,12.3,2300,65.1,1.51,0.974,80,3.63,3.79,3.95,0
266,2019-02-05,2019,2019,1.5,1.5,1.6,-0.1,-0.2,0,1.4,12.4,2180,61.7,1.47,0.981,101,3.53,3.6,3.67,0
267,2019-02-06,2019,2019,1.2,1.2,1.3,0.8,0.7,0.9,2,12.5,2090,59.2,1.44,0.997,124,3.55,3.61,3.68,0
268,2019-02-07,2019,2019,1.8,1.7,1.9,0.4,0.3,0.6,2.3,12.5,2020,57.2,1.42,1,120,3.57,3.64,3.73,2
269,2019-02-08,2019,2019,2.1,2,2.3,-1.3,-1.5,-1,0.8,12.6,1970,55.8,1.4,0.99,77,3.56,3.65,3.77,0
270,2019-02-09,2019,2019,0.8,0.7,0.8,-2.9,-3,-2.8,-2.1,12.5,2000,56.6,1.41,0.975,52,3.63,3.68,3.86,0
271,2019-02-10,2019,2019,1.6,1.5,1.6,-0.7,-0.7,-0.6,0.9,12.6,1980,56.1,1.41,0.979,113,3.66,3.72,3.92,0
272,2019-02-11,2019,2019,2.1,2,2.2,-1.5,-1.6,-1.3,0.6,12.6,1920,54.4,1.39,0.99,95,3.73,3.79,3.86,0
273,2019-02-12,2019,2019,1.6,1.5,1.7,-2.8,-3,-2.7,-1.2,12.6,1910,54.1,1.39,0.981,68,3.76,3.81,3.92,0
274,2019-02-13,2019,2019,1.8,1.8,1.9,-4,-4.1,-3.9,-2.2,12.4,2160,61.2,1.46,0.974,98,3.8,4.27,4.53,0
275,2019-02-14,2019,2019,0.6,0.4,0.7,-5.2,-5.4,-5,-4.6,12,3590,101.7,1.84,0.966,100,4.34,5.56,15.97,0
276,2019-02-15,2019,2019,-0.3,-0.4,-0.2,-3.7,-3.9,-3.6,-4,12,5110,144.7,2.16,0.967,97,16.46,36.25,65.57,0
277,2019-02-16,2019,2019,0.8,0.7,0.9,-2.4,-2.6,-2.3,-1.6,12,4690,132.8,2.08,0.98,132,8.78,11.13,17.92,0
278,2019-02-17,2019,2019,0.9,0.7,1.1,-0.8,-1.1,-0.4,0.2,12,4270,120.9,1.99,0.985,154,5.89,6.92,9.14,0
279,2019-02-18,2019,2019,1.5,1.4,1.6,0.7,0.6,0.9,2.2,12,3890,110.2,1.91,0.994,178,5.11,5.68,6.86,0
280,2019-02-19,2019,2019,1.9,1.8,2,-0.8,-0.9,-0.6,1.1,12,3540,100.2,1.83,0.996,145,4.5,4.84,5.23,0
281,2019-02-20,2019,2019,1.4,1.4,1.5,-2.7,-2.7,-2.6,-1.2,12,3300,93.4,1.77,0.983,129,4.26,4.42,4.71,0
282,2019-02-21,2019,2019,1.4,1.3,1.5,-1,-1.1,-0.9,0.4,12,3090,87.5,1.72,0.981,190,4.1,4.3,4.61,0
283,2019-02-22,2019,2019,1.4,1.4,1.5,-0.1,-0.1,0,1.4,12,2870,81.3,1.66,0.988,187,4.08,4.5,4.72,0
284,2019-02-23,2019,2019,1.4,1.3,1.4,-0.4,-0.5,-0.3,1,12,3130,88.6,1.73,0.995,66,4.16,4.71,4.94,0
285,2019-02-24,2019,2019,1.7,1.6,1.7,-2.5,-2.6,-2.4,-0.9,12,3340,94.6,1.78,0.986,86,4.76,5.03,5.88,0
286,2019-02-25,2019,2019,0.1,-0.1,0.2,-3.2,-3.4,-3.1,-3.2,12,4250,120.3,1.99,0.971,59,4.96,5.78,25.93,0
287,2019-02-26,2019,2019,0.4,0.3,0.4,-3.9,-4.1,-3.8,-3.6,12.2,6950,196.8,2.48,0.981,69,21.5,39.07,59.9,0
288,2019-02-27,2019,2019,-0.6,-0.8,-0.4,-1.3,-1.6,-0.9,-1.9,12.4,9360,265,2.83,0.983,107,17.81,32.83,75.11,0
289,2019-02-28,2019,2019,1.1,0.9,1.3,-0.8,-1,-0.5,0.3,12.4,9180,259.9,2.81,0.997,127,20.23,33.13,66.09,0
290,2019-03-01,2019,2019,0.8,0.7,0.8,-1.6,-1.7,-1.5,-0.8,12.2,6910,195.7,2.47,0.993,138,13.49,15.6,20.1,0
291,2019-03-02,2019,2019,0.8,0.7,0.9,-2.2,-2.3,-2,-1.4,12.1,5740,162.5,2.27,0.987,131,10.63,11.64,14.03,0
292,2019-03-03,2019,2019,1.3,1.2,1.3,-1.8,-1.9,-1.7,-0.5,12.1,5160,146.1,2.17,0.988,205,9.88,10.59,11.99,0
293,2019-03-04,2019,2019,1.5,1.4,1.6,-1.6,-1.7,-1.4,0,12,4890,138.5,2.11,0.989,172,Inf,NA,-Inf,0
294,2019-03-05,2019,2019,1.2,1.1,1.3,-3.4,-3.5,-3.3,-2.2,12,4590,130,2.06,0.984,57,Inf,NA,-Inf,0
295,2019-03-06,2019,2019,0.9,0.7,1,-3.7,-3.9,-3.5,-2.8,12,4620,130.8,2.06,0.976,110,Inf,NA,-Inf,0
296,2019-03-07,2019,2019,1.7,1.6,1.7,-1.4,-1.5,-1.3,0.3,12,4830,136.8,2.1,0.983,203,Inf,NA,-Inf,0
297,2019-03-08,2019,2019,1.8,1.6,1.9,-1.6,-1.8,-1.3,0.2,12,4930,139.6,2.12,0.984,146,Inf,NA,-Inf,0
298,2019-03-09,2019,2019,1.5,1.4,1.5,-2.1,-2.2,-2.1,-0.7,12.1,5230,148.1,2.18,0.988,151,Inf,NA,-Inf,0
299,2019-03-10,2019,2019,1.6,1.5,1.8,-0.9,-1.1,-0.7,0.7,12,4840,137.1,2.1,0.988,166,Inf,NA,-Inf,0
300,2019-03-11,2019,2019,2.5,2.4,2.5,-1.1,-1.2,-1,1.4,12,4350,123.2,2.01,0.994,229,Inf,NA,-Inf,0
301,2019-03-12,2019,2019,1.6,1.3,1.9,-0.7,-1.1,-0.3,0.9,12,4040,114.4,1.94,0.985,172,Inf,NA,-Inf,0
302,2019-03-13,2019,2019,1.9,1.8,2,0.7,0.6,0.8,2.6,12,3760,106.5,1.88,0.991,230,Inf,NA,-Inf,0
303,2019-03-14,2019,2019,2,1.8,2.2,-0.5,-0.7,-0.2,1.5,12,3540,100.2,1.83,0.99,223,4.78,4.87,5.02,0
304,2019-03-15,2019,2019,2.2,2.2,2.3,-1.6,-1.6,-1.5,0.7,12,3630,102.8,1.85,0.987,235,5,5.16,5.48,0
305,2019-03-16,2019,2019,2.8,2.7,2.9,-2.5,-2.6,-2.3,0.4,12,4090,115.8,1.95,0.984,212,5.17,5.88,6.14,0
306,2019-03-17,2019,2019,3.1,3,3.2,-3.1,-3.2,-3,0,12,4090,115.8,1.95,0.983,238,5.43,5.8,6.52,0
307,2019-03-18,2019,2019,3.1,3,3.2,-3.8,-3.9,-3.7,-0.7,12,4060,115,1.94,0.979,241,5,5.45,5.74,0
308,2019-03-19,2019,2019,2.9,2.8,3,-4.3,-4.5,-4.2,-1.4,12,4220,119.5,1.98,0.976,120,5.16,5.44,5.75,0
309,2019-03-20,2019,2019,2,1.8,2.2,-2.9,-3.2,-2.6,-0.9,12,4610,130.5,2.06,0.972,122,5.43,5.76,6.39,0
310,2019-03-21,2019,2019,3.2,3.2,3.3,-1.8,-1.9,-1.7,1.4,12,4770,135.1,2.09,0.983,219,5.68,5.96,6.58,0
311,2019-03-22,2019,2019,1.7,1.5,1.9,-1.8,-2.1,-1.6,-0.1,12,4650,131.7,2.07,0.984,69,5.63,5.92,6.39,0
312,2019-03-23,2019,2019,2.8,2.6,3,-0.7,-1,-0.5,2,12,4460,126.3,2.03,0.989,174,5.34,5.57,5.95,0
313,2019-03-24,2019,2019,4.2,4.1,4.3,-2,-2.1,-1.8,2.2,12,4150,117.5,1.96,0.989,216,5.14,5.42,5.92,0
314,2019-03-25,2019,2019,1.2,0.8,1.6,-1.1,-1.7,-0.6,0.1,12,4040,114.4,1.94,0.98,81,5.09,5.36,5.91,0
315,2019-03-26,2019,2019,4.2,4.1,4.3,-2.6,-2.8,-2.5,1.6,12,4190,118.6,1.97,0.988,211,5.48,5.81,6.27,0
316,2019-03-27,2019,2019,2.1,1.8,2.3,-2,-2.3,-1.7,0.1,12,4220,119.5,1.98,0.98,112,5.71,5.94,6.83,0
317,2019-03-28,2019,2019,2.9,2.8,3,0.5,0.3,0.7,3.4,12,4290,121.5,1.99,0.989,152,4.09,5.86,6.35,0
318,2019-03-29,2019,2019,3.4,3.3,3.5,1.4,1.2,1.6,4.8,12,4030,114.1,1.94,0.998,173,3.77,4.02,4.95,0
319,2019-03-30,2019,2019,4.6,4.5,4.7,0.2,0.1,0.3,4.8,12,4060,115,1.94,0.999,269,4.09,4.24,4.38,0
320,2019-03-31,2019,2019,5.3,5.2,5.4,-1.5,-1.6,-1.3,3.8,12,4050,114.7,1.94,0.993,252,4.21,4.41,4.97,0
321,2019-04-01,2019,2019,3.6,3.5,3.7,-2.8,-3,-2.7,0.8,12,4180,118.4,1.97,0.987,116,4.25,4.4,4.95,0
322,2019-04-02,2019,2019,3.5,3.3,3.6,-2.8,-3.1,-2.6,0.6,12,5030,142.4,2.14,0.982,168,4.69,5.36,6.09,0
323,2019-04-03,2019,2019,4.1,4,4.3,-2.4,-2.6,-2.2,1.7,12.1,5880,166.5,2.3,0.985,184,5.76,6.35,7.9,0
324,2019-04-04,2019,2019,2.9,2.8,3,-3.6,-3.7,-3.4,-0.6,12.2,6910,195.7,2.47,0.987,120,7.69,8.46,9.27,0
325,2019-04-05,2019,2019,2.8,2.6,2.9,-2.9,-3.2,-2.7,-0.2,12.2,7220,204.4,2.52,0.982,162,7.32,7.68,8.48,0
326,2019-04-06,2019,2019,0.5,0.4,0.6,-1.9,-2,-1.7,-1.3,12.4,9190,260.2,2.81,0.986,119,8.2,13.96,18.51,0
327,2019-04-07,2019,2019,-0.1,-0.2,0.1,1.3,1.1,1.5,1.2,12.5,9760,276.4,2.89,0.992,89,10.49,11.97,15.29,0
328,2019-04-08,2019,2019,-0.8,-0.9,-0.7,5,4.8,5.1,4.2,12.8,13200,373.8,3.31,1.001,100,14.11,22.28,56.06,2
329,2019-04-09,2019,2019,1.9,1.7,2,5.5,5.2,5.7,7.3,13.1,17600,498.4,3.76,1.008,261,29.13,42.66,54.88,2
330,2019-04-10,2019,2019,1.8,1.7,2,4.5,4.3,4.7,6.3,13.1,16600,470.1,3.66,1.009,233,24.24,27.24,32.31,2
331,2019-04-11,2019,2019,2.1,2,2.3,1,0.8,1.3,3.2,13,15200,430.4,3.52,1.002,125,19.16,21.79,25.15,2
332,2019-04-12,2019,2019,2.1,2,2.2,-0.3,-0.4,-0.1,1.8,12.8,12800,362.5,3.26,0.997,214,17.66,18.86,20.59,0
333,2019-04-13,2019,2019,3.3,3.1,3.5,-2.1,-2.4,-1.8,1.2,12.5,10500,297.3,2.98,0.992,216,14.76,16.26,19.22,0
334,2019-04-14,2019,2019,1.8,1.7,1.9,-0.8,-1,-0.6,1,12.4,9170,259.7,2.81,0.99,171,13.02,14.81,15.81,0
335,2019-04-15,2019,2019,1.2,1.1,1.3,-2.1,-2.3,-2,-0.9,12.3,8360,236.7,2.69,0.988,135,11.55,12.73,16.08,0
336,2019-04-16,2019,2019,2,1.9,2,-0.3,-0.4,-0.2,1.7,12.3,7690,217.8,2.59,0.991,263,10.37,11.33,12.86,0
337,2019-04-17,2019,2019,2.9,2.7,3.1,0.1,-0.2,0.5,3.1,12.2,7050,199.6,2.49,0.997,293,9.43,10.46,11.17,0
338,2019-04-18,2019,2019,3.2,2.9,3.4,-1.6,-1.9,-1.2,1.6,12.2,6840,193.7,2.46,0.993,301,8.64,10.17,12.93,0
339,2019-04-19,2019,2019,3.1,2.9,3.3,-2.9,-3.2,-2.6,0.2,12.2,7150,202.5,2.51,0.986,293,9.41,12.24,20.65,0
340,2019-04-20,2019,2019,0.8,0.6,1,1.5,1.2,1.9,2.3,12.3,7880,223.1,2.62,0.984,196,15.71,17.83,22.86,0
341,2019-04-21,2019,2019,2.7,2.6,2.9,0.7,0.5,0.9,3.4,12.3,7720,218.6,2.6,0.998,318,16.03,18.56,24.01,0
342,2019-04-22,2019,2019,2.8,2.5,3.2,-0.5,-1,0,2.3,12.3,7720,218.6,2.6,0.989,300,14.96,16.4,18.68,0
343,2019-04-23,2019,2019,2.7,2.5,2.9,-0.7,-0.9,-0.4,2,12.2,7450,211,2.56,0.981,304,14.42,15.32,16.91,0
344,2019-04-24,2019,2019,2.7,2.6,2.9,-0.6,-0.9,-0.4,2.1,12.3,8210,232.5,2.67,0.992,308,Inf,NA,-Inf,0
345,2019-04-25,2019,2019,2.7,2.6,2.8,-1,-1.1,-0.9,1.7,12.3,8430,238.7,2.7,0.99,316,Inf,NA,-Inf,0
346,2019-04-26,2019,2019,3.1,3,3.2,-0.3,-0.4,-0.2,2.8,12.3,8220,232.8,2.67,0.99,324,Inf,NA,-Inf,0
347,2019-04-27,2019,2019,3.8,3.7,3.9,-2,-2.2,-1.9,1.8,12.3,7660,216.9,2.59,0.99,324,Inf,NA,-Inf,0
348,2019-04-28,2019,2019,3.4,3.3,3.6,-3.2,-3.4,-2.9,0.3,12.2,7200,203.9,2.52,0.983,332,Inf,NA,-Inf,0
349,2019-04-29,2019,2019,4.1,4,4.1,-3.7,-3.8,-3.6,0.3,12.2,6580,186.3,2.42,0.976,338,Inf,NA,-Inf,0
350,2019-04-30,2019,2019,3.5,3.3,3.6,-1.4,-1.7,-1.2,2,12.1,5980,169.3,2.31,0.979,326,6.05,6.46,6.99,0
351,2019-05-01,2019,2019,4.2,4.1,4.2,-1.7,-1.8,-1.6,2.5,12.1,5520,156.3,2.23,0.988,336,5.69,6.18,6.56,0
352,2019-05-02,2019,2019,5,4.9,5,-2.5,-2.6,-2.4,2.4,12.1,5470,154.9,2.22,0.986,334,5.34,5.86,6.3,0
353,2019-05-03,2019,2019,5.5,5.5,5.6,-3.9,-4,-3.8,1.6,12.1,5450,154.3,2.22,0.982,332,4.94,5.4,5.89,0
354,2019-05-04,2019,2019,6,5.9,6.1,-4.7,-4.8,-4.6,1.3,12.1,5280,149.5,2.19,0.978,329,4.79,5.19,5.84,0
355,2019-05-05,2019,2019,6,5.9,6.1,-4.9,-5.1,-4.8,1.1,12.1,5140,145.5,2.16,0.971,333,4.83,5.27,5.67,0
356,2019-05-06,2019,2019,6.5,6.3,6.7,-4.1,-4.4,-3.8,2.4,12.1,5200,147.2,2.17,0.972,334,5.13,5.51,6.2,0
357,2019-05-07,2019,2019,7,6.8,7.3,-2.8,-3.2,-2.4,4.3,12.1,5160,146.1,2.17,0.977,333,4.53,5.39,5.97,0
358,2019-05-08,2019,2019,8.1,7.9,8.3,-5.2,-5.4,-5,2.9,12.1,5270,149.2,2.19,0.975,328,4.76,5.21,6.22,0
359,2019-05-09,2019,2019,8.3,8,8.5,-6.2,-6.6,-5.9,2,12.1,5200,147.2,2.17,0.968,339,4.87,5.52,6.07,0
360,2019-05-10,2019,2019,8.7,8.5,9,-5.6,-6,-5.3,3.1,12,4980,141,2.13,0.967,347,4.99,5.59,6.27,0
361,2019-05-11,2019,2019,9.5,9.2,9.7,-6.2,-6.5,-5.8,3.3,12,4900,138.8,2.12,0.967,344,4.87,5.47,6.59,0
362,2019-05-12,2019,2019,9.9,9.6,10.2,-6.3,-6.7,-5.9,3.6,12,4880,138.2,2.11,0.965,321,5.25,5.59,6.46,0
363,2019-05-13,2019,2019,9.9,9.5,10.4,-6.1,-6.8,-5.4,3.9,12,4700,133.1,2.08,0.965,304,5.18,5.62,6.37,0
364,2019-05-14,2019,2019,6.7,6.2,7.2,-4.4,-5.1,-3.7,2.3,12,4430,125.4,2.02,0.964,130,5.31,5.7,6.3,0
365,2019-05-15,2019,2019,5.8,5.3,6.3,-7.2,-7.8,-6.5,-1.3,12,4250,120.3,1.99,0.966,117,5.33,5.63,6.74,0
366,2019-05-16,2019,2019,3.9,3.6,4.3,-3.3,-3.7,-2.8,0.7,12,4820,136.5,2.1,0.958,170,5.48,7.2,30.58,0
367,2019-05-17,2019,2019,4.8,4.5,5.1,-3.5,-4,-3,1.3,12,4840,137.1,2.1,0.98,193,20.23,22.69,34.3,0
368,2019-05-18,2019,2019,3.2,3.1,3.3,-4,-4.2,-3.9,-0.8,12,4060,115,1.94,0.975,111,17.52,19.31,21.08,0
369,2019-05-19,2019,2019,7.2,7,7.4,-4.9,-5.2,-4.6,2.3,12,3890,110.2,1.91,0.97,275,Inf,NA,-Inf,0
370,2019-05-20,2019,2019,9,8.9,9.1,-6.5,-6.7,-6.4,2.5,12,3590,101.7,1.84,0.969,316,Inf,NA,-Inf,0
371,2019-05-21,2019,2019,4.2,3.5,4.8,-2,-2.9,-1,2.2,12,3520,99.7,1.82,0.96,92,4.76,5.39,6,0
372,2019-05-22,2019,2019,6.9,6.6,7.2,-2.8,-3.2,-2.3,4.2,12,3420,96.8,1.8,0.984,228,4.65,5.12,5.92,0
373,2019-05-23,2019,2019,10.6,10.4,10.9,-4.8,-5.1,-4.5,5.8,12,3440,97.4,1.8,0.975,314,4.66,4.9,5.65,0
374,2019-05-24,2019,2019,12.9,12.6,13.1,-5.5,-5.8,-5.1,7.4,12,3330,94.3,1.78,0.97,335,4.46,4.82,5.31,0
375,2019-05-25,2019,2019,12.6,12.1,13.1,-6.9,-7.6,-6.3,5.7,12,3530,100,1.83,0.964,271,4.94,5.26,6.04,0
376,2019-05-26,2019,2019,11.8,10.9,12.6,-4.9,-6.2,-3.6,6.9,12,3560,100.8,1.83,0.962,262,5.32,5.84,6.72,0
377,2019-05-27,2019,2019,10.2,9.8,10.6,-3.7,-4.3,-3.1,6.5,12,3500,99.1,1.82,0.969,212,6.59,7.18,8.22,0
378,2019-05-28,2019,2019,14.7,14.3,15,-7,-7.5,-6.5,7.6,12,3950,111.9,1.92,0.969,336,8.11,9.01,10.19,0
379,2019-05-29,2019,2019,16.2,15.8,16.5,-8.8,-9.3,-8.2,7.4,12,3990,113,1.93,0.963,310,8.9,9.5,10.16,0
380,2019-05-30,2019,2019,17.5,17,18,-8.7,-9.4,-8,8.8,12,3970,112.4,1.93,0.958,355,9.64,10.05,10.43,0
381,2019-05-31,2019,2019,17.5,17.1,17.9,-8.7,-9.3,-8.1,8.8,12,3970,112.4,1.93,0.956,340,Inf,NA,-Inf,0
382,2019-06-01,2019,2019,18.7,18.2,19.2,-11.6,-12.3,-10.8,7.2,12,4510,127.7,2.04,0.95,354,Inf,NA,-Inf,0
383,2019-06-02,2019,2019,17.7,17.1,18.2,-11.5,-12.3,-10.7,6.2,12,4870,137.9,2.11,0.948,350,Inf,NA,-Inf,0
384,2019-06-03,2019,2019,18.1,17.5,18.7,-11.4,-12.3,-10.5,6.7,12,5090,144.1,2.15,0.952,362,Inf,NA,-Inf,0
385,2019-06-04,2019,2019,17.8,17.2,18.4,-11,-11.9,-10.1,6.8,12.1,5420,153.5,2.21,0.955,367,Inf,NA,-Inf,0
386,2019-06-05,2019,2019,16.5,15.7,17.3,-13.2,-14.3,-12,3.4,12.3,7740,219.2,2.6,0.953,357,Inf,NA,-Inf,0
387,2019-06-06,2019,2019,13.7,13.3,14.2,-13.7,-14.3,-13.1,0,12.3,8460,239.6,2.71,0.949,332,4.44,4.62,5,0
388,2019-06-07,2019,2019,12.3,11.5,13.2,-11,-12.3,-9.8,1.3,12.3,8490,240.4,2.71,0.946,325,4.24,4.69,5.21,0
389,2019-06-08,2019,2019,14.8,14.2,15.3,-12.1,-12.8,-11.4,2.7,12.3,8450,239.3,2.7,0.958,367,4.19,4.51,4.99,0
390,2019-06-09,2019,2019,16.3,15.8,16.8,-15.3,-16,-14.6,1,12.3,8480,240.1,2.71,0.948,376,4.1,4.36,4.68,0
391,2019-06-10,2019,2019,16.8,16.2,17.4,-17,-17.8,-16.1,-0.1,12.3,8530,241.5,2.72,0.935,365,4.2,4.43,4.77,0
392,2019-06-11,2019,2019,17.1,16.5,17.7,-19.7,-20.5,-18.8,-2.5,12.3,8380,237.3,2.69,0.939,352,4.28,4.58,4.85,0
393,2019-06-12,2019,2019,15.3,14.1,16.5,-19.8,-21.5,-18.1,-4.5,12.3,7880,223.1,2.62,0.918,343,4.24,4.55,4.89,0
394,2019-06-13,2019,2019,14.6,13.1,16,-20.6,-22.6,-18.5,-6,12.2,7030,199.1,2.49,0.919,363,4.51,4.76,5.09,0
395,2019-06-14,2019,2019,13.5,12.2,14.8,-18.6,-20.5,-16.8,-5.1,12.1,6100,172.7,2.34,0.92,375,4.86,5.11,5.6,0
396,2019-06-15,2019,2019,13.3,12.2,14.3,-16.1,-17.6,-14.7,-2.9,12.1,5150,145.8,2.16,0.919,355,5.4,5.69,6.17,0
397,2019-06-16,2019,2019,12,11,13,-14.9,-16.3,-13.5,-2.8,12,4190,118.6,1.97,0.921,364,5.71,5.99,6.32,0
398,2019-06-17,2019,2019,10.9,10.1,11.8,-12.5,-13.7,-11.3,-1.6,12,3270,92.6,1.76,0.926,370,5.91,6.16,6.74,0
399,2019-06-18,2019,2019,10.9,10.4,11.4,-11.2,-11.9,-10.4,-0.3,12.1,2700,76.5,1.62,0.925,374,6.44,6.82,7.11,0
400,2019-06-19,2019,2019,10.4,9.8,11,-10.9,-11.7,-10,-0.5,12.2,2510,71.1,1.57,0.926,374,Inf,NA,-Inf,0
401,2019-06-20,2019,2019,9.8,9.1,10.5,-8.8,-9.7,-7.8,1,12.3,2330,66,1.51,0.918,382,2.33,2.5,3.14,0
402,2019-06-21,2019,2019,10,9.3,10.7,-8.6,-9.7,-7.6,1.4,12.4,2160,61.2,1.46,0.935,375,1.99,2.55,3.05,0
403,2019-06-22,2019,2019,11.1,10.7,11.6,-9.5,-10.1,-8.9,1.7,12.6,1980,56.1,1.41,0.938,371,2.04,2.44,3,0
404,2019-06-23,2019,2019,12.3,11.9,12.6,-10.7,-11.2,-10.2,1.6,12.7,1830,51.8,1.36,0.931,374,2.28,2.45,2.88,0
405,2019-06-24,2019,2019,12.1,11.5,12.7,-11.8,-12.7,-10.9,0.3,12.7,1770,50.1,1.34,0.92,337,1.93,2.27,2.79,0
406,2019-06-25,2019,2019,10.9,10.1,11.7,-11.6,-12.8,-10.5,-0.7,12.7,1740,49.3,1.33,0.902,365,1.79,2.12,2.42,0
407,2019-06-26,2019,2019,10.1,9.8,10.5,-8.5,-9,-8,1.6,12.6,1680,47.6,1.31,0.919,290,1.94,2.32,2.56,0
408,2019-06-27,2019,2019,10.9,10.6,11.2,-7.9,-8.3,-7.4,3,12.5,1640,46.4,1.29,0.942,305,2.39,2.52,2.73,0
409,2019-06-28,2019,2019,12.3,12,12.6,-9.3,-9.7,-8.9,3,12.4,1600,45.3,1.28,0.94,369,2.54,2.7,2.95,0
410,2019-06-29,2019,2019,12.6,12.3,12.9,-9.4,-9.9,-9,3.2,12.4,1600,45.3,1.28,0.932,353,2.65,2.8,3.19,0
411,2019-06-30,2019,2019,13.4,13.1,13.6,-10.8,-11.2,-10.5,2.5,12.4,1600,45.3,1.28,0.929,334,2.65,2.8,3.01,0
412,2019-07-01,2019,2019,13.2,12.8,13.5,-10.3,-10.7,-9.8,2.9,12.2,1550,43.9,1.26,0.923,343,2.56,2.77,3.05,0
413,2019-07-02,2019,2019,13.5,13.2,13.9,-11.4,-11.9,-10.9,2.1,12.1,1520,43,1.25,0.922,364,2.29,2.54,3.26,0
414,2019-07-03,2019,2019,12.2,11.7,12.6,-11.6,-12.2,-11,0.6,11.4,1400,39.6,1.2,0.909,354,1.63,2.3,2.87,0
415,2019-07-04,2019,2019,12.4,12,12.8,-11.2,-11.8,-10.7,1.2,11.2,1370,38.8,1.19,0.904,368,1.32,1.52,1.87,0
416,2019-07-05,2019,2019,12.9,12.5,13.3,-11.4,-12,-10.8,1.5,11.2,1360,38.5,1.19,0.905,362,1.09,1.36,1.66,0
417,2019-07-06,2019,2019,12.3,11.9,12.7,-10.8,-11.4,-10.2,1.5,11,1340,37.9,1.18,0.89,320,0.97,1.15,1.34,0
418,2019-07-07,2019,2019,12.8,12.3,13.2,-11.6,-12.2,-10.9,1.2,11,1340,37.9,1.18,0.901,368,1,1.13,1.3,0
419,2019-07-08,2019,2019,12.2,11.8,12.6,-11.1,-11.7,-10.5,1.2,10.9,1320,37.4,1.17,0.89,359,0.8,1,1.3,0
420,2019-07-09,2019,2019,9.3,9,9.7,-9,-9.5,-8.5,0.3,10.9,1320,37.4,1.17,0.888,198,0.68,0.9,1.61,0
421,2019-07-10,2019,2019,12.1,11.6,12.5,-10.1,-10.8,-9.5,1.9,10.8,1310,37.1,1.17,0.912,348,1.66,2.44,3.31,0
422,2019-07-11,2019,2019,13.3,12.8,13.9,-12.8,-13.6,-12.1,0.5,11.4,1400,39.6,1.2,0.901,352,1.59,2.42,3.11,0
423,2019-07-12,2019,2019,12.5,11.8,13.2,-12.5,-13.5,-11.6,0,11,1340,37.9,1.18,0.887,355,Inf,NA,-Inf,0
424,2019-07-13,2019,2019,13.4,12.9,13.9,-14.3,-15,-13.5,-0.9,10.8,1310,37.1,1.17,0.877,355,Inf,NA,-Inf,0
425,2019-07-14,2019,2019,11.7,11.1,12.2,-11.8,-12.6,-11,-0.1,10.7,1290,36.5,1.16,0.859,341,Inf,NA,-Inf,0
426,2019-07-15,2019,2019,11.8,11.4,12.1,-10.7,-11.2,-10.2,1.1,10.5,1260,35.7,1.15,0.888,318,Inf,NA,-Inf,0
427,2019-07-16,2019,2019,11.5,10.6,12.3,-13.6,-14.8,-12.4,-2.1,10.5,1260,35.7,1.15,0.866,351,Inf,NA,-Inf,0
428,2019-07-17,2019,2019,12.7,12,13.3,-13.1,-14,-12.2,-0.4,10.2,1230,34.8,1.14,0.841,348,Inf,NA,-Inf,0
429,2019-07-18,2019,2019,12.2,11.7,12.8,-10.9,-11.7,-10.2,1.3,10.1,1210,34.3,1.13,0.839,354,0.97,1.04,1.15,0
430,2019-07-19,2019,2019,12.3,11.8,12.9,-11,-11.7,-10.2,1.4,10,1200,34,1.12,0.891,361,0.84,0.96,1.16,0
431,2019-07-20,2019,2019,12.5,12,13,-10.8,-11.6,-10.1,1.6,10,1200,34,1.12,0.89,359,0.88,0.99,1.13,0
432,2019-07-21,2019,2019,12.7,12.2,13.3,-10.7,-11.5,-10,2,10,1200,34,1.12,0.892,342,0.96,1.04,1.13,0
433,2019-07-22,2019,2019,13,12.4,13.6,-11.2,-12,-10.4,1.8,10.2,1220,34.5,1.13,0.889,350,0.86,0.98,1.22,0
434,2019-07-23,2019,2019,12.6,12.1,13.2,-10.3,-11.1,-9.4,2.4,10.1,1210,34.3,1.13,0.89,348,0.9,1.02,1.14,0
435,2019-07-24,2019,2019,13,12.5,13.5,-10.7,-11.5,-10,2.2,10,1200,34,1.12,0.897,354,0.98,1.09,1.17,0
436,2019-07-25,2019,2019,13.6,13.2,14,-12.4,-13,-11.8,1.2,10.1,1210,34.3,1.13,0.889,303,1.03,1.1,1.24,0
437,2019-07-26,2019,2019,14.6,14,15.1,-12.2,-13,-11.3,2.4,10.1,1210,34.3,1.13,0.879,314,1.12,1.21,1.36,0
438,2019-07-27,2019,2019,17.1,16.4,17.9,-14.5,-15.7,-13.4,2.6,11.1,1350,38.2,1.18,0.875,333,1.3,1.47,1.7,0
439,2019-07-28,2019,2019,17.2,16.6,17.8,-14.5,-15.4,-13.7,2.7,10.5,1260,35.7,1.15,0.866,337,1.1,1.36,1.73,0
440,2019-07-29,2019,2019,17.1,16.5,17.8,-13.7,-14.7,-12.8,3.4,10.3,1240,35.1,1.14,0.853,334,1.08,1.2,1.47,0
441,2019-07-30,2019,2019,18.4,17.7,19.1,-14.5,-15.5,-13.4,3.9,10.5,1270,36,1.15,0.863,338,1.14,1.31,1.47,0
442,2019-07-31,2019,2019,18.3,17.7,18.9,-14,-14.9,-13.2,4.2,10,1200,34,1.12,0.86,341,1.22,1.38,1.55,0
443,2019-08-01,2019,2019,18.6,18,19.3,-13.7,-14.7,-12.7,4.9,9.8,1180,33.4,1.12,0.865,336,0.78,1.48,1.6,0
444,2019-08-02,2019,2019,19.2,18.6,19.8,-13.9,-14.7,-13,5.3,9.7,1160,32.8,1.11,0.868,335,1.05,1.28,1.52,0
445,2019-08-03,2019,2019,20,19.5,20.6,-15,-15.8,-14.2,5,9.6,1150,32.6,1.1,0.865,327,0.98,1.16,1.53,0
446,2019-08-04,2019,2019,20.5,19.9,21.1,-15.7,-16.6,-14.8,4.8,9.5,1140,32.3,1.1,0.853,322,1.17,1.33,1.51,0
447,2019-08-05,2019,2019,20.7,20.1,21.3,-16.2,-17.1,-15.3,4.5,9.5,1140,32.3,1.1,0.844,324,1.26,1.42,1.73,0
448,2019-08-06,2019,2019,20.8,20.2,21.4,-16.8,-17.6,-15.9,4,9.6,1150,32.6,1.1,0.841,320,0.98,1.2,1.46,0
449,2019-08-07,2019,2019,20.5,19.9,21.2,-16.5,-17.4,-15.6,4,9.8,1170,33.1,1.11,0.84,314,1.06,1.36,1.58,0
450,2019-08-08,2019,2019,20.2,19.5,20.8,-16.5,-17.4,-15.5,3.7,10.2,1230,34.8,1.14,0.847,324,1.5,1.71,2.15,0
451,2019-08-09,2019,2019,14.4,13.9,14.9,-13.4,-14.1,-12.7,1,9.9,1190,33.7,1.12,0.854,192,1.25,1.47,1.86,0
452,2019-08-10,2019,2019,14.8,14.5,15.2,-13,-13.5,-12.5,1.8,10.8,1300,36.8,1.16,0.875,227,1.51,1.93,2.34,0
453,2019-08-11,2019,2019,19,18.4,19.7,-16.9,-17.9,-15.9,2.1,11.9,1490,42.2,1.24,0.888,319,1.63,2.44,2.92,0
454,2019-08-12,2019,2019,16.8,16.5,17.1,-15.5,-15.9,-15,1.4,10.3,1240,35.1,1.14,0.872,323,1.87,2.34,3.21,0
455,2019-08-13,2019,2019,15.3,15,15.6,-14.4,-14.8,-13.9,0.9,9.5,1140,32.3,1.1,0.86,317,2.37,2.69,3.11,0
456,2019-08-14,2019,2019,14.9,14.6,15.3,-14.2,-14.7,-13.7,0.7,9.6,1150,32.6,1.1,0.861,317,Inf,NA,-Inf,0
457,2019-08-15,2019,2019,14,13.6,14.4,-12.2,-12.8,-11.6,1.8,9.4,1120,31.7,1.09,0.864,318,1.33,1.79,3.03,0
458,2019-08-16,2019,2019,13.4,13.2,13.7,-11.4,-11.8,-11,2,9.3,1110,31.4,1.08,0.881,318,1.78,2.13,2.86,0
459,2019-08-17,2019,2019,12.8,12.6,13,-11.4,-11.7,-11.1,1.4,9.1,1090,30.9,1.08,0.883,313,1.98,2.26,2.58,0
460,2019-08-18,2019,2019,12.5,12.3,12.8,-11.5,-11.9,-11.2,1,9,1080,30.6,1.07,0.88,311,1.98,2.42,2.76,0
461,2019-08-19,2019,2019,12,11.8,12.2,-10.8,-11.1,-10.4,1.3,8.8,1060,30,1.06,0.881,299,2.43,2.83,3.3,0
462,2019-08-20,2019,2019,11.4,11.1,11.6,-10.2,-10.6,-9.9,1.1,8.8,1060,30,1.06,0.883,275,2.05,2.9,3.76,0
463,2019-08-21,2019,2019,8.2,8,8.5,-8.5,-8.8,-8.1,-0.2,8.7,1050,29.7,1.06,0.889,153,2.23,2.63,3.04,0
464,2019-08-22,2019,2019,10.8,10.5,11,-9.8,-10.1,-9.4,1,8.7,1050,29.7,1.06,0.903,305,2.36,2.91,3.38,0
465,2019-08-23,2019,2019,11.1,10.9,11.4,-10.5,-10.8,-10.2,0.6,8.7,1050,29.7,1.06,0.89,301,1.92,2.2,2.64,0
466,2019-08-24,2019,2019,11.8,11.6,12.1,-10.6,-11,-10.2,1.3,8.9,1070,30.3,1.07,0.883,306,1.78,2.49,3.62,0
467,2019-08-25,2019,2019,11.6,11.4,11.9,-10.2,-10.6,-9.8,1.4,9,1080,30.6,1.07,0.888,300,1.8,2.06,2.34,0
468,2019-08-26,2019,2019,12.2,11.9,12.5,-10.7,-11.1,-10.3,1.5,8.9,1070,30.3,1.07,0.892,300,2.06,2.41,2.86,0
469,2019-08-27,2019,2019,12.3,12,12.5,-10.9,-11.3,-10.5,1.3,8.8,1060,30,1.06,0.885,295,0.84,1.92,2.73,0
470,2019-08-28,2019,2019,9,8.7,9.4,-8.6,-9.2,-8.1,0.4,8.7,1050,29.7,1.06,0.886,159,1.08,1.33,1.98,0
471,2019-08-29,2019,2019,11.6,11.4,11.9,-9.1,-9.4,-8.8,2.5,9,1080,30.6,1.07,0.902,279,1.23,1.46,1.82,0
472,2019-08-30,2019,2019,12.1,11.8,12.3,-9.8,-10.1,-9.4,2.3,9,1080,30.6,1.07,0.904,289,1.28,1.52,1.92,0
473,2019-08-31,2019,2019,12.4,12.1,12.7,-9.9,-10.3,-9.5,2.5,9.1,1090,30.9,1.08,0.899,291,1.03,1.53,1.91,0
474,2019-09-01,2019,2019,13.7,13.4,14,-10.8,-11.2,-10.4,2.9,10.1,1210,34.3,1.13,0.902,287,1.12,1.42,1.78,0
475,2019-09-02,2019,2019,14,13.7,14.2,-10.9,-11.3,-10.5,3.1,10,1200,34,1.12,0.903,285,1.19,1.48,1.86,0
476,2019-09-03,2019,2019,14.2,14,14.4,-10.7,-11,-10.4,3.5,9.9,1180,33.4,1.12,0.903,271,0.85,1.06,1.45,0
477,2019-09-04,2019,2019,14.3,14.1,14.6,-11.3,-11.7,-11,3,9.9,1180,33.4,1.12,0.901,278,0.96,1.12,1.41,0
478,2019-09-05,2019,2019,13.1,12.7,13.4,-10.7,-11.2,-10.1,2.4,10.2,1220,34.5,1.13,0.897,207,1.1,1.25,1.57,0
479,2019-09-06,2019,2019,14.9,14.7,15.2,-11.6,-12,-11.1,3.4,10.3,1240,35.1,1.14,0.898,270,1.25,1.4,1.77,0
480,2019-09-07,2019,2019,14.1,13.9,14.2,-10.3,-10.5,-10.1,3.8,10.1,1210,34.3,1.13,0.898,237,1.2,1.39,1.77,0
481,2019-09-08,2019,2019,14.2,13.9,14.6,-10.7,-11.1,-10.2,3.6,10.2,1230,34.8,1.14,0.904,237,1.19,1.37,1.75,0
482,2019-09-09,2019,2019,14.7,14.4,15,-10.6,-11.1,-10.2,4,10.5,1260,35.7,1.15,0.905,238,0.76,0.91,1.07,0
483,2019-09-10,2019,2019,12.4,12.1,12.8,-9.2,-9.7,-8.7,3.2,10.4,1250,35.4,1.14,0.904,194,1.06,1.19,1.5,0
484,2019-09-11,2019,2019,14,13.8,14.2,-9.9,-10.2,-9.6,4.1,10.2,1220,34.5,1.13,0.911,262,0.83,1,1.33,0
485,2019-09-12,2019,2019,14.6,14.4,14.9,-10.4,-10.7,-10,4.2,10.2,1220,34.5,1.13,0.908,262,1,1.27,1.62,0
486,2019-09-13,2019,2019,14.4,14.2,14.7,-10.5,-10.9,-10.2,3.9,9.9,1180,33.4,1.12,0.902,258,1.05,1.28,1.63,0
487,2019-09-14,2019,2019,NA,NA,NA,NA,NA,NA,NA,9.9,1190,33.7,1.12,0.9,258,1.11,1.33,1.64,0
488,2019-09-15,2019,2019,NA,NA,NA,NA,NA,NA,NA,10.2,1220,34.5,1.13,-Inf,178,Inf,NA,-Inf,0
489,2019-09-16,2019,2019,NA,NA,NA,NA,NA,NA,NA,10.6,1280,36.2,1.16,-Inf,121,Inf,NA,-Inf,0
490,2019-09-17,2019,2019,NA,NA,NA,NA,NA,NA,NA,10.7,1290,36.5,1.16,0.921,62,1.69,2.1,2.82,0
491,2019-09-18,2019,2019,8.8,8.5,9.1,-7.9,-8.4,-7.5,0.9,10.7,1300,36.8,1.16,0.924,69,2.25,2.72,3.28,0
492,2019-09-19,2019,2019,11.6,11.4,11.7,-8.5,-8.7,-8.2,3.1,10.8,1310,37.1,1.17,0.927,205,2.05,2.41,2.95,0
493,2019-09-20,2019,2019,11.2,11.1,11.4,-8.5,-8.8,-8.3,2.7,10.5,1270,36,1.15,0.926,237,1.5,1.99,2.57,0
494,2019-09-21,2019,2019,11.6,11.4,11.7,-9.6,-9.8,-9.3,2,10.2,1230,34.8,1.14,0.918,241,1.49,1.81,2.05,0
495,2019-09-22,2019,2019,9.4,9,9.7,-8.9,-9.4,-8.3,0.5,10.3,1240,35.1,1.14,0.911,86,1.74,1.92,2.2,0
496,2019-09-23,2019,2019,10.7,10.5,10.9,-8,-8.3,-7.7,2.7,10.2,1220,34.5,1.13,0.917,235,1.85,1.99,2.31,0
497,2019-09-24,2019,2019,11.3,11.1,11.4,-9.1,-9.3,-8.8,2.2,10.1,1210,34.3,1.13,0.921,230,1.75,2.08,2.45,0
498,2019-09-25,2019,2019,11.3,11.1,11.5,-9.9,-10.2,-9.6,1.4,10,1200,34,1.12,0.911,233,1.88,2.13,2.42,0
499,2019-09-26,2019,2019,11,10.9,11.2,-10,-10.3,-9.8,1,10,1200,34,1.12,0.905,232,0.77,1.09,2.45,0
500,2019-09-27,2019,2019,10.5,10.4,10.7,-9.4,-9.7,-9.2,1.1,9.9,1180,33.4,1.12,0.904,225,0.98,1.21,1.57,0
501,2019-09-28,2019,2019,6.7,6.6,6.9,-6.6,-6.8,-6.4,0.1,9.9,1180,33.4,1.12,0.907,95,1.3,1.52,1.8,0
502,2019-09-29,2019,2019,4.7,4.3,5.1,-4.6,-5.1,-4,0.1,10.2,1220,34.5,1.13,0.931,74,1.39,1.56,1.89,0
503,2019-09-30,2019,2019,8.1,7.9,8.2,-5.6,-5.8,-5.4,2.4,10.3,1240,35.1,1.14,0.946,176,0.78,1.25,1.78,0
504,2019-10-01,2019,2020,8.5,8.4,8.6,-6.2,-6.4,-6,2.3,10.6,1280,36.2,1.16,0.945,224,0.93,1.05,1.6,0
505,2019-10-02,2019,2020,9.5,9.3,9.6,-6.7,-6.9,-6.5,2.8,11.5,1420,40.2,1.21,0.944,161,1.21,1.41,1.7,0
506,2019-10-03,2019,2020,9,8.9,9.1,-7,-7.1,-6.8,2,11.6,1430,40.5,1.22,0.945,179,1.26,1.5,1.71,0
507,2019-10-04,2019,2020,9.5,9.4,9.7,-6.2,-6.4,-6,3.3,11.5,1420,40.2,1.21,0.944,209,1.35,1.55,1.83,0
508,2019-10-05,2019,2020,9.1,9,9.3,-6.4,-6.6,-6.2,2.7,11.5,1420,40.2,1.21,0.946,210,1.43,1.6,1.82,0
509,2019-10-06,2019,2020,9.1,9,9.3,-7,-7.2,-6.8,2.2,11.5,1410,39.9,1.21,0.944,215,1.61,1.76,1.95,0
510,2019-10-07,2019,2020,9.2,9.1,9.3,-7.4,-7.7,-7.2,1.7,11.5,1410,39.9,1.21,0.941,210,1.52,1.81,1.99,0
511,2019-10-08,2019,2020,8.7,8.5,8.8,-7.1,-7.3,-6.9,1.6,11.4,1400,39.6,1.2,0.937,186,1.66,1.81,2.13,0
512,2019-10-09,2019,2020,8,7.9,8.1,-5.5,-5.7,-5.3,2.5,11.4,1390,39.4,1.2,0.942,213,1.58,1.77,1.97,0
513,2019-10-10,2019,2020,7.6,7.5,7.8,-6,-6.3,-5.8,1.6,11.4,1400,39.6,1.2,0.95,208,0.96,1.12,1.92,0
514,2019-10-11,2019,2020,7.9,7.7,8,-6.8,-7,-6.6,1,11.7,1440,40.8,1.22,0.946,204,1.14,1.28,1.52,0
515,2019-10-12,2019,2020,8,7.9,8.1,-7,-7.1,-6.8,1.1,11.8,1460,41.3,1.23,0.944,177,1.43,1.58,1.72,0
516,2019-10-13,2019,2020,7.6,7.4,7.7,-7.5,-7.7,-7.3,0.1,11.9,1480,41.9,1.23,0.942,180,1.54,1.73,2.05,0
517,2019-10-14,2019,2020,7.6,7.5,7.7,-7.1,-7.3,-6.9,0.5,11.8,1470,41.6,1.23,0.941,190,1.47,1.62,1.84,0
518,2019-10-15,2019,2020,7.9,7.8,8,-6.7,-6.8,-6.5,1.2,11.8,1470,41.6,1.23,0.944,163,1.53,1.72,1.93,0
519,2019-10-16,2019,2020,6.4,6.2,6.6,-7.3,-7.6,-7,-0.8,12.2,1540,43.6,1.26,0.944,68,1.41,1.7,2.02,0
520,2019-10-17,2019,2020,6.8,6.7,6.9,-6.8,-7,-6.6,0,12.3,1570,44.5,1.27,0.945,54,1.55,1.74,2.01,0
521,2019-10-18,2019,2020,7,6.8,7.1,-6.7,-6.9,-6.5,0.3,12.1,1520,43,1.25,0.949,134,1.53,1.69,2.04,0
522,2019-10-19,2019,2020,5.4,5.1,5.7,-6.2,-6.6,-5.7,-0.8,12.5,1640,46.4,1.29,0.947,78,1.51,1.71,1.99,0
523,2019-10-20,2019,2020,4.7,4.5,5,-4.9,-5.3,-4.5,-0.2,12.5,1630,46.2,1.29,0.956,52,1.52,1.69,1.94,0
524,2019-10-21,2019,2020,6.2,6.1,6.3,-5.1,-5.3,-4.9,1,12.4,1600,45.3,1.28,0.962,173,1.66,1.85,2.11,0
525,2019-10-22,2019,2020,6.4,6.3,6.6,-5.3,-5.6,-5.1,1.1,12.5,1630,46.2,1.29,0.962,166,1.58,1.99,2.25,0
526,2019-10-23,2019,2020,6.1,6,6.3,-5.2,-5.4,-5,0.9,12.4,1610,45.6,1.28,0.959,172,1.61,1.85,2,0
527,2019-10-24,2019,2020,6.1,6,6.2,-4.8,-4.9,-4.6,1.3,12.5,1620,45.9,1.29,0.96,166,0.96,1.96,2.56,0
528,2019-10-25,2019,2020,6.1,6,6.2,-4.9,-5.1,-4.7,1.2,12.4,1610,45.6,1.28,0.962,166,1.05,1.18,1.38,0
529,2019-10-26,2019,2020,5.9,5.7,6,-4.8,-5,-4.6,1,12.2,1550,43.9,1.26,0.961,173,1.25,1.33,1.57,0
530,2019-10-27,2019,2020,5.3,5.2,5.5,-3.6,-3.7,-3.4,1.8,12.2,1560,44.2,1.26,0.961,171,1.37,1.48,1.67,0
531,2019-10-28,2019,2020,5.4,5.3,5.5,-3.7,-3.9,-3.5,1.7,12.3,1580,44.7,1.27,0.97,163,1.21,1.56,1.68,0
532,2019-10-29,2019,2020,5,4.8,5.1,-3.2,-3.4,-2.9,1.8,12.3,1580,44.7,1.27,0.969,168,1.28,1.4,1.74,0
533,2019-10-30,2019,2020,4.8,4.7,4.9,-1.9,-2.1,-1.7,2.9,12.3,1580,44.7,1.27,0.976,163,1.37,1.46,1.6,0
534,2019-10-31,2019,2020,4.9,4.8,5.1,-2.2,-2.4,-1.9,2.8,12.3,1580,44.7,1.27,0.984,158,1.5,1.62,1.71,0
535,2019-11-01,2019,2020,5.1,4.9,5.2,-2.6,-2.8,-2.4,2.5,12.3,1580,44.7,1.27,0.982,152,1.66,1.77,1.85,0
536,2019-11-02,2019,2020,5.2,5.1,5.4,-3,-3.2,-2.7,2.2,12.4,1610,45.6,1.28,0.977,151,1.78,1.89,2.39,0
537,2019-11-03,2019,2020,5.3,5.2,5.4,-3.3,-3.5,-3.1,1.9,12.4,1610,45.6,1.28,0.975,146,1.66,1.88,2.21,0
538,2019-11-04,2019,2020,5.3,5.2,5.4,-3.5,-3.7,-3.3,1.8,12.4,1590,45,1.28,0.974,149,1.69,1.8,2.08,0
539,2019-11-05,2019,2020,5.8,5.6,5.9,-3.5,-3.7,-3.3,2.3,12.4,1600,45.3,1.28,0.973,122,1.77,1.86,2.04,0
540,2019-11-06,2019,2020,5.4,5.3,5.6,-3.8,-4,-3.6,1.6,12.4,1590,45,1.28,0.971,144,1.31,1.9,2.03,0
541,2019-11-07,2019,2020,5.5,5.4,5.6,-2.3,-2.4,-2.1,3.2,12.4,1590,45,1.28,0.971,128,1.32,1.49,1.69,0
542,2019-11-08,2019,2020,5.2,5.1,5.4,-2,-2.3,-1.8,3.2,12.4,1600,45.3,1.28,0.982,140,1.5,1.63,1.77,0
543,2019-11-09,2019,2020,5.7,5.6,5.9,-2.2,-2.4,-2,3.6,12.4,1590,45,1.28,0.983,121,1.62,1.73,2.1,0
544,2019-11-10,2019,2020,5.4,5.2,5.5,-2.8,-2.9,-2.6,2.6,12.4,1590,45,1.28,0.98,131,1.71,1.83,1.96,0
545,2019-11-11,2019,2020,6.1,6,6.2,-3,-3.1,-2.8,3.1,12.4,1590,45,1.28,0.978,118,1.82,1.94,2.15,0
546,2019-11-12,2019,2020,5.6,5.6,5.7,-3.1,-3.2,-2.9,2.6,12.4,1590,45,1.28,0.975,90,1.89,2,2.3,0
547,2019-11-13,2019,2020,5.5,5.4,5.6,-3,-3.2,-2.9,2.4,12.4,1590,45,1.28,0.975,123,1.93,2.07,2.28,0
548,2019-11-14,2019,2020,5.6,5.5,5.7,-3,-3.2,-2.8,2.6,12.4,1600,45.3,1.28,0.974,68,1.77,2.08,2.6,0
549,2019-11-15,2019,2020,5.7,5.6,5.9,-2.7,-3,-2.5,3,12.4,1610,45.6,1.28,0.978,58,1.83,1.97,2.15,0
550,2019-11-16,2019,2020,5.3,5.2,5.4,-2.3,-2.5,-2.1,3,12.4,1600,45.3,1.28,0.982,114,2.01,2.09,2.21,0
551,2019-11-17,2019,2020,5.4,5.3,5.5,-2.5,-2.7,-2.4,2.8,12,1510,42.8,1.25,0.981,115,1.66,1.82,2.17,0
552,2019-11-18,2019,2020,6.1,6,6.3,-4.1,-4.3,-3.9,2,11.6,1430,40.5,1.22,0.969,96,1.77,1.89,2.62,0
553,2019-11-19,2019,2020,5.2,5,5.3,-4.3,-4.6,-4,0.8,11.1,1350,38.2,1.18,0.959,60,1.74,1.92,2.64,0
554,2019-11-20,2019,2020,4.7,4.6,4.8,-3.8,-4,-3.6,1,11.2,1370,38.8,1.19,0.962,125,1.81,1.93,2.75,0
555,2019-11-21,2019,2020,4.2,4,4.4,-3.7,-4,-3.4,0.4,11.2,1360,38.5,1.19,0.965,122,1.29,1.8,1.99,0
556,2019-11-22,2019,2020,4.3,4.2,4.4,-2.9,-3.1,-2.7,1.4,11.2,1360,38.5,1.19,0.965,117,1.49,1.55,1.75,0
557,2019-11-23,2019,2020,4.3,4.1,4.4,-2.6,-2.9,-2.4,1.6,11.2,1360,38.5,1.19,0.975,118,1.65,1.97,2.26,0
558,2019-11-24,2019,2020,4.6,4.5,4.8,-2.8,-3,-2.6,1.8,11.1,1350,38.2,1.18,0.977,101,2.09,2.19,2.4,0
559,2019-11-25,2019,2020,4.2,4.1,4.4,-2.7,-2.9,-2.5,1.6,11.1,1350,38.2,1.18,0.974,45,2.33,2.4,2.49,0
560,2019-11-26,2019,2020,1.7,1.5,1.9,-5.9,-6.3,-5.6,-4.2,11.4,1390,39.4,1.2,0.945,12,2.37,2.5,2.64,0
561,2019-11-27,2019,2020,3.9,3.8,4.1,-5,-5.1,-4.8,-1,11.5,1410,39.9,1.21,0.944,32,2.52,2.58,2.68,0
562,2019-11-28,2019,2020,3.6,3.5,3.7,-4.4,-4.6,-4.3,-0.8,11.3,1380,39.1,1.2,0.96,115,2.61,2.86,2.91,0
563,2019-11-29,2019,2020,3.4,3.3,3.5,-3,-3.2,-2.9,0.3,11.3,1380,39.1,1.2,0.962,105,2.74,2.81,3.07,0
564,2019-11-30,2019,2020,3.7,3.5,3.8,-3.5,-3.8,-3.3,0.1,11.2,1370,38.8,1.19,0.975,64,2.72,2.8,2.9,0
565,2019-12-01,2019,2020,3.9,3.7,4,-3.7,-4,-3.5,0.2,11.5,1410,39.9,1.21,0.973,95,2.76,2.86,2.94,0
566,2019-12-02,2019,2020,3.8,3.7,3.9,-2.9,-3.1,-2.7,0.9,11,1340,37.9,1.18,0.971,102,2.86,2.94,3.16,0
567,2019-12-03,2019,2020,4.1,3.9,4.3,-3.3,-3.6,-3,0.8,11,1340,37.9,1.18,0.973,101,2.89,2.97,3.08,0
568,2019-12-04,2019,2020,4.3,4.2,4.4,-3.7,-3.9,-3.5,0.7,11.1,1350,38.2,1.18,0.97,58,1.7,3.1,3.25,0
569,2019-12-05,2019,2020,3.6,3.5,3.7,-2.9,-3,-2.8,0.7,11,1340,37.9,1.18,0.974,77,1.81,1.85,1.96,0
570,2019-12-06,2019,2020,2.4,2.3,2.5,-3.8,-3.9,-3.6,-1.4,11.2,1360,38.5,1.19,0.973,28,1.86,1.94,2.08,0
571,2019-12-07,2019,2020,2.5,2.4,2.6,-3.7,-3.8,-3.6,-1.2,11.8,1470,41.6,1.23,0.969,33,1.99,2.18,2.65,0
572,2019-12-08,2019,2020,3.8,3.7,3.9,-2.6,-2.7,-2.4,1.2,12.4,1610,45.6,1.28,0.972,81,2.2,2.56,3.28,0
573,2019-12-09,2019,2020,2.6,2.5,2.6,-1.6,-1.7,-1.5,0.9,12.4,1610,45.6,1.28,0.983,31,3.01,3.21,3.61,0
574,2019-12-10,2019,2020,2.6,2.6,2.7,-1.7,-1.8,-1.6,0.9,12.1,1530,43.3,1.25,0.988,26,2.63,2.76,3.17,0
575,2019-12-11,2019,2020,2.2,2.2,2.3,-1.9,-1.9,-1.8,0.4,11.8,1470,41.6,1.23,0.985,17,2.64,2.72,3.06,0
576,2019-12-12,2019,2020,1.7,1.7,1.8,-1.2,-1.3,-1.1,0.5,12.5,1650,46.7,1.3,0.986,14,2.65,3.08,4.55,0
577,2019-12-13,2019,2020,0.7,0.7,0.8,-1.8,-1.9,-1.7,-1.1,12.5,2090,59.2,1.44,0.987,16,3.57,4.34,7.22,0
578,2019-12-14,2019,2020,2.3,2.3,2.4,-1.9,-2.1,-1.8,0.4,12.4,2130,60.3,1.45,0.986,27,3.37,4.44,6.16,0
579,2019-12-15,2019,2020,3,2.9,3,-0.7,-0.9,-0.6,2.2,12.7,1830,51.8,1.36,0.985,58,3.06,3.24,3.58,0
580,2019-12-16,2019,2020,3,3,3.1,-0.2,-0.4,-0.1,2.8,12.6,1680,47.6,1.31,0.996,71,2.97,3.09,3.26,0
581,2019-12-17,2019,2020,2.9,2.8,3,-1.1,-1.3,-0.9,1.9,12.3,1590,45,1.28,0.991,53,3.06,3.12,3.26,0
582,2019-12-18,2019,2020,2.9,2.8,2.9,-1.7,-1.8,-1.6,1.2,12.2,1540,43.6,1.26,0.986,37,2.37,3.15,3.31,0
583,2019-12-19,2019,2020,2.4,2.3,2.5,-1.9,-2.1,-1.8,0.5,12.2,1560,44.2,1.26,0.988,31,2.4,2.5,2.9,0
584,2019-12-20,2019,2020,3.6,3.5,3.6,-2.1,-2.2,-2,1.4,12.6,1670,47.3,1.3,0.985,57,2.41,2.5,2.64,0
585,2019-12-21,2019,2020,2.5,2.4,2.5,-3.2,-3.3,-3.1,-0.8,12.5,1650,46.7,1.3,0.978,32,2.5,2.67,3.05,0
586,2019-12-22,2019,2020,1.6,1.4,1.7,-2.2,-2.5,-2,-0.7,12.4,1610,45.6,1.28,0.974,20,2.97,3.06,3.27,0
587,2019-12-23,2019,2020,2.9,2.8,3,-1.6,-1.8,-1.4,1.4,12.2,1560,44.2,1.26,0.981,94,2.92,3.09,3.22,0
588,2019-12-24,2019,2020,3.4,3.3,3.5,-1.6,-1.8,-1.4,1.8,12.1,1520,43,1.25,0.985,68,2.91,2.96,3.11,0
589,2019-12-25,2019,2020,2.8,2.8,2.9,-1.6,-1.7,-1.5,1.3,12,1500,42.5,1.24,0.985,53,2.88,2.95,3.05,0
590,2019-12-26,2019,2020,2.5,2.4,2.5,-0.4,-0.5,-0.3,2.1,11.8,1470,41.6,1.23,0.988,102,2.91,2.98,3.35,0
591,2019-12-27,2019,2020,2.9,2.8,3,0.1,-0.1,0.2,3,11.7,1450,41.1,1.22,0.995,72,3.04,3.12,3.28,0
592,2019-12-28,2019,2020,3,2.9,3.1,-0.4,-0.5,-0.2,2.6,11.7,1440,40.8,1.22,0.999,73,3.16,3.26,3.38,0
593,2019-12-29,2019,2020,1.9,1.8,2,-0.9,-1,-0.7,1,11.7,1440,40.8,1.22,0.994,23,3.23,3.29,3.44,0
594,2019-12-30,2019,2020,2.8,2.7,2.9,-0.1,-0.2,0,2.7,11.6,1430,40.5,1.22,0.996,88,3.3,3.35,3.64,0
595,2019-12-31,2019,2020,2.9,2.9,3,-0.4,-0.5,-0.3,2.5,11.5,1420,40.2,1.21,0.999,85,3.29,3.39,3.87,0
596,2020-01-01,2020,2020,3,3,3.1,-0.9,-0.9,-0.8,2.2,11.8,1470,41.6,1.23,0.994,53,3.39,3.48,3.89,0
597,2020-01-02,2020,2020,NA,NA,NA,NA,NA,NA,NA,11.9,1490,42.2,1.24,0.991,97,3.52,3.64,4.32,0
598,2020-01-03,2020,2020,NA,NA,NA,NA,NA,NA,NA,11.8,1460,41.3,1.23,-Inf,86,3.62,4.12,4.57,0
599,2020-01-04,2020,2020,NA,NA,NA,NA,NA,NA,NA,12,1500,42.5,1.24,-Inf,95,3.85,4.66,4.93,0
600,2020-01-05,2020,2020,NA,NA,NA,NA,NA,NA,NA,11.8,1460,41.3,1.23,-Inf,39,4.4,4.74,5.16,0
601,2020-01-06,2020,2020,NA,NA,NA,NA,NA,NA,NA,11.7,1450,41.1,1.22,-Inf,87,4.9,5.16,5.57,0
602,2020-01-07,2020,2020,NA,NA,NA,NA,NA,NA,NA,11.7,1450,41.1,1.22,-Inf,60,4.89,5.08,5.51,0
603,2020-01-08,2020,2020,NA,NA,NA,NA,NA,NA,NA,11.8,1470,41.6,1.23,-Inf,40,5.04,5.23,5.54,0
604,2020-01-09,2020,2020,NA,NA,NA,NA,NA,NA,NA,11.8,1460,41.3,1.23,0.996,102,2.62,5.09,5.32,0
605,2020-01-10,2020,2020,3.2,3.1,3.3,-0.8,-1,-0.7,2.4,11.7,1440,40.8,1.22,0.995,50,2.67,2.87,3.41,0
606,2020-01-11,2020,2020,3.2,3.1,3.3,-0.7,-0.9,-0.6,2.5,11.9,1480,41.9,1.23,0.992,67,2.55,2.69,4.32,0
607,2020-01-12,2020,2020,2.9,2.8,2.9,-1.2,-1.3,-1.1,1.7,11.8,1470,41.6,1.23,0.99,32,2.59,2.76,4.8,0
608,2020-01-13,2020,2020,1.9,1.8,2.1,-1.4,-1.6,-1.2,0.5,11.9,1480,41.9,1.23,0.988,37,2.72,2.93,3.93,0
609,2020-01-14,2020,2020,2.6,2.5,2.7,-0.7,-0.9,-0.5,1.9,12.2,1550,43.9,1.26,0.988,56,2.85,2.98,3.31,0
610,2020-01-15,2020,2020,2.6,2.5,2.8,-2.2,-2.5,-1.9,0.4,12.1,1520,43,1.25,0.977,39,2.86,2.97,3.13,0
611,2020-01-16,2020,2020,2.2,2,2.3,-2.1,-2.4,-1.9,0,12.3,1570,44.5,1.27,0.967,51,2.86,3,3.27,0
612,2020-01-17,2020,2020,3,2.9,3,0,-0.1,0.2,3,12.1,1540,43.6,1.26,0.991,42,2.86,2.95,3.11,0
613,2020-01-18,2020,2020,3.2,3.1,3.3,0.4,0.2,0.6,3.6,12.1,1520,43,1.25,0.999,68,2.84,3,4.01,0
614,2020-01-19,2020,2020,3.4,3.3,3.5,-0.2,-0.4,-0.1,3.2,12,1510,42.8,1.25,0.998,91,2.86,2.96,3.43,0
615,2020-01-20,2020,2020,3.5,3.4,3.6,-1.7,-1.8,-1.5,1.8,12,1510,42.8,1.25,0.987,71,2.85,2.95,3.24,0
616,2020-01-21,2020,2020,2.8,2.7,2.9,-1.3,-1.5,-1.1,1.5,12.3,1570,44.5,1.27,0.984,58,2.83,2.97,4.57,0
617,2020-01-22,2020,2020,3,2.9,3.1,-0.4,-0.5,-0.3,2.6,12.4,1590,45,1.28,0.992,44,2.8,2.94,3.32,0
618,2020-01-23,2020,2020,2.6,2.5,2.6,-1.2,-1.3,-1.1,1.4,12.5,1620,45.9,1.29,0.993,30,2.96,3.2,3.63,0
619,2020-01-24,2020,2020,2.5,2.4,2.6,-0.9,-1,-0.7,1.6,12.3,2260,64,1.49,0.991,64,3.33,5.3,7.2,0
620,2020-01-25,2020,2020,1.8,1.7,1.8,-1.9,-2,-1.7,-0.1,12.1,2700,76.5,1.62,0.988,29,4.06,4.68,18.89,0
621,2020-01-26,2020,2020,0.1,0,0.3,-0.1,-0.3,0.1,0.1,12.1,5170,146.4,2.17,0.988,92,15.02,24.16,72.28,0
622,2020-01-27,2020,2020,0.8,0.7,0.8,-0.2,-0.3,-0.1,0.5,12,4590,130,2.06,0.997,51,10.06,16.29,45.55,0
623,2020-01-28,2020,2020,0.8,0.7,1,0.1,-0.1,0.3,1,12,4590,130,2.06,0.993,58,7.44,13.13,28.9,0
624,2020-01-29,2020,2020,1.5,1.4,1.6,1.3,1.2,1.4,2.8,12,4010,113.6,1.93,1,52,5.3,7.81,13.34,0
625,2020-01-30,2020,2020,2,1.9,2.1,1.2,1.1,1.4,3.2,12,3520,99.7,1.82,1.003,88,3.93,5.76,17.07,2
626,2020-01-31,2020,2020,1.9,1.9,2,2,2,2.1,4,12,3280,92.9,1.77,1.006,80,3.68,4.7,7.09,2
627,2020-02-01,2020,2020,2.4,2.3,2.4,0.8,0.7,0.9,3.2,12,3560,100.8,1.83,1.004,86,4.02,4.78,6.81,2
628,2020-02-02,2020,2020,2.2,2.2,2.3,1.1,1,1.2,3.3,12,3420,96.8,1.8,0.999,110,3.8,4.89,7.22,0
629,2020-02-03,2020,2020,1.9,1.8,2,2.4,2.2,2.5,4.3,12,3180,90,1.74,1,113,3,3.66,5.07,0
630,2020-02-04,2020,2020,2.2,2.2,2.3,2.3,2.2,2.4,4.5,12,2910,82.4,1.67,1.007,114,2.97,3.31,3.74,2
631,2020-02-05,2020,2020,2.4,2.3,2.5,1.1,0.9,1.2,3.5,12.1,2670,75.6,1.61,1.008,106,2.71,2.96,3.57,2
632,2020-02-06,2020,2020,2.7,2.6,2.8,0.2,0.1,0.3,2.9,12.2,2490,70.5,1.56,0.998,146,2.61,2.87,3.75,0
633,2020-02-07,2020,2020,2.8,2.7,2.9,0.1,0,0.3,3,12.3,2310,65.4,1.51,0.997,150,2.42,2.98,4.11,0
634,2020-02-08,2020,2020,2.9,2.8,3,0.3,0.2,0.5,3.2,12.4,2130,60.3,1.45,0.996,150,2.36,2.71,4.61,0
635,2020-02-09,2020,2020,3.1,2.9,3.2,0.5,0.3,0.7,3.6,12.6,1960,55.5,1.4,0.998,158,2.12,2.46,3.49,0
636,2020-02-10,2020,2020,3.2,3,3.3,0.2,0,0.4,3.4,12.6,1910,54.1,1.39,0.999,156,1.95,2.13,2.39,0
637,2020-02-11,2020,2020,3.5,3.4,3.7,-0.2,-0.4,0,3.3,12.6,1890,53.5,1.38,0.998,159,2.04,2.23,3.04,0
638,2020-02-12,2020,2020,3.8,3.7,3.9,-1.1,-1.3,-0.9,2.7,12.7,1830,51.8,1.36,0.992,161,2.1,2.29,2.96,0
639,2020-02-13,2020,2020,3.8,3.6,4,-1.7,-2,-1.5,2.1,12.7,1810,51.3,1.35,0.987,151,2.22,2.87,3.33,0
640,2020-02-14,2020,2020,4.2,4,4.3,-1.6,-1.8,-1.4,2.6,12.7,1790,50.7,1.35,0.984,154,2.91,3.06,3.43,0
641,2020-02-15,2020,2020,4,3.9,4.1,-1.6,-1.8,-1.4,2.4,12.7,1770,50.1,1.34,0.986,65,2.99,3.14,3.62,0
642,2020-02-16,2020,2020,4.2,4.1,4.3,-2.3,-2.5,-2.2,1.9,12.7,1760,49.8,1.34,0.983,104,3.08,3.19,3.37,0
643,2020-02-17,2020,2020,4.4,4.3,4.5,-1.8,-2,-1.7,2.6,12.7,1740,49.3,1.33,0.98,175,3.18,3.3,3.51,0
644,2020-02-18,2020,2020,4.4,4.2,4.5,-2.5,-2.8,-2.3,1.8,12.6,1720,48.7,1.32,0.98,178,3.27,3.36,3.51,0
645,2020-02-19,2020,2020,4.5,4.3,4.7,-2.6,-2.9,-2.4,1.9,12.6,1700,48.1,1.31,0.979,180,3.36,3.47,3.95,0
646,2020-02-20,2020,2020,4.9,4.7,5,-2.7,-2.9,-2.4,2.2,12.6,1680,47.6,1.31,0.979,130,3.53,3.64,3.79,0
647,2020-02-21,2020,2020,4.8,4.7,5,-3.1,-3.3,-2.8,1.8,12.6,1660,47,1.3,0.977,178,3.55,3.66,3.83,0
648,2020-02-22,2020,2020,5.1,5,5.3,-3.5,-3.7,-3.2,1.6,12.5,1650,46.7,1.3,0.974,183,3.65,3.74,3.87,0
649,2020-02-23,2020,2020,5,4.9,5.1,-2.4,-2.5,-2.2,2.6,12.5,1640,46.4,1.29,0.973,110,3.73,3.84,3.99,0
650,2020-02-24,2020,2020,5.5,5.4,5.7,-1.7,-1.9,-1.5,3.8,12.5,1640,46.4,1.29,0.981,186,3.77,3.89,4.07,0
651,2020-02-25,2020,2020,5.9,5.7,6,-1.9,-2.1,-1.6,4,12.5,1630,46.2,1.29,0.983,180,3.8,3.96,4.22,0
652,2020-02-26,2020,2020,5.9,5.8,6,-1.1,-1.3,-1,4.8,12.5,1640,46.4,1.29,0.981,192,3.44,3.9,4.42,0
653,2020-02-27,2020,2020,6.3,6.1,6.5,-1.6,-1.9,-1.4,4.6,12.5,1630,46.2,1.29,0.989,197,3.55,3.66,4.05,0
654,2020-02-28,2020,2020,6.5,6.3,6.7,-2.3,-2.5,-2,4.2,12.5,1630,46.2,1.29,0.984,180,3.69,3.78,3.97,0
655,2020-02-29,2020,2020,6.3,6.1,6.4,-1.9,-2.2,-1.7,4.3,12.5,1640,46.4,1.29,0.98,129,3.79,3.91,4.19,0
656,2020-03-01,2020,2020,6.1,6,6.2,-1.2,-1.3,-1.1,4.9,12.5,1650,46.7,1.3,0.981,205,3.92,4.04,4.92,0
657,2020-03-02,2020,2020,6.7,6.6,6.8,-1.8,-2,-1.6,4.9,12.6,1690,47.9,1.31,0.987,167,4.07,4.24,4.41,0
658,2020-03-03,2020,2020,6.9,6.7,7,-2.7,-2.9,-2.4,4.2,12.6,1660,47,1.3,0.983,205,4.24,4.35,4.99,0
659,2020-03-04,2020,2020,7.2,7,7.4,-3.1,-3.3,-2.8,4.1,12.5,1650,46.7,1.3,0.978,206,4.36,4.47,4.62,0
660,2020-03-05,2020,2020,7.5,7.3,7.6,-3.6,-3.8,-3.3,3.9,12.5,1650,46.7,1.3,0.974,200,4.48,4.57,4.8,0
661,2020-03-06,2020,2020,7.7,7.5,7.9,-4.3,-4.6,-4,3.4,12.5,1650,46.7,1.3,0.97,183,4.47,4.65,4.78,0
662,2020-03-07,2020,2020,6.7,6.6,6.8,-3.9,-4.1,-3.7,2.8,12.6,1670,47.3,1.3,0.964,143,4.62,4.73,4.92,0
663,2020-03-08,2020,2020,6.7,6.5,6.8,-3.3,-3.5,-3.2,3.3,12.6,1660,47,1.3,0.969,155,4.52,4.7,4.95,0
664,2020-03-09,2020,2020,7,6.9,7.1,-2.9,-3,-2.8,4.1,12.6,1660,47,1.3,0.975,165,4.54,4.67,4.88,0
665,2020-03-10,2020,2020,7.4,7.3,7.6,-3.7,-3.9,-3.5,3.8,12.5,1650,46.7,1.3,0.972,226,4.64,4.78,4.95,0
666,2020-03-11,2020,2020,7.9,7.8,8,-4.3,-4.5,-4.1,3.6,12.5,1640,46.4,1.29,0.967,220,4.27,4.53,5.58,0
667,2020-03-12,2020,2020,8.1,8,8.3,-5.3,-5.6,-5.1,2.8,12.5,1630,46.2,1.29,0.962,231,3.85,4.08,4.92,0
668,2020-03-13,2020,2020,7.7,7.5,7.9,-6.9,-7.2,-6.6,0.8,12.5,1620,45.9,1.29,0.953,193,3.93,4.1,4.39,0
669,2020-03-14,2020,2020,6.5,6.4,6.7,-5.4,-5.6,-5.2,1.1,12.5,1640,46.4,1.29,0.948,92,4.14,4.29,4.47,0
670,2020-03-15,2020,2020,4.5,4.3,4.7,-3.4,-3.8,-3.1,1.1,12.5,1640,46.4,1.29,0.958,107,4.29,4.41,4.59,0
671,2020-03-16,2020,2020,6.4,6.2,6.5,-3.5,-3.7,-3.3,2.9,12.5,1640,46.4,1.29,0.977,152,4.35,4.5,4.68,0
672,2020-03-17,2020,2020,4.1,4,4.3,-3.9,-4.2,-3.7,0.2,12.5,1640,46.4,1.29,0.969,56,4.32,4.45,4.56,0
673,2020-03-18,2020,2020,6.4,6.3,6.5,-3.5,-3.7,-3.3,2.9,12.5,1630,46.2,1.29,0.969,140,4.29,4.45,4.65,0
674,2020-03-19,2020,2020,6.8,6.7,6.9,-3.8,-3.9,-3.6,3,12.4,1610,45.6,1.28,0.966,250,4.29,4.45,4.61,0
675,2020-03-20,2020,2020,7.3,7.2,7.5,-3.8,-4,-3.6,3.5,12.4,1590,45,1.28,0.971,248,4.23,4.44,5.31,0
676,2020-03-21,2020,2020,7.4,7.2,7.6,-4.3,-4.6,-4.1,3.1,12.4,1590,45,1.28,0.97,210,4.17,4.32,4.5,0
677,2020-03-22,2020,2020,8.2,8,8.4,-5.4,-5.7,-5.1,2.8,12.3,1580,44.7,1.27,0.962,247,4.2,4.36,4.97,0
678,2020-03-23,2020,2020,7.5,7.4,7.7,-4.9,-5.1,-4.7,2.6,12.3,1580,44.7,1.27,0.957,159,4.13,4.34,4.55,0
679,2020-03-24,2020,2020,6.4,6.3,6.4,-3.9,-4.1,-3.8,2.4,12.1,1530,43.3,1.25,0.96,109,4.05,4.2,4.44,0
680,2020-03-25,2020,2020,6.4,6.2,6.6,-3.4,-3.7,-3.1,3,12.1,1520,43,1.25,0.965,167,4.08,4.21,4.57,0
681,2020-03-26,2020,2020,6.7,6.3,7.1,-2.8,-3.4,-2.2,3.9,12,1510,42.8,1.25,0.967,255,3.04,3.77,4.47,0
682,2020-03-27,2020,2020,6.1,5.8,6.3,-3.8,-4.2,-3.4,2.2,12,1510,42.8,1.25,0.961,121,2.94,3.1,3.34,0
683,2020-03-28,2020,2020,6.5,6.3,6.6,-4.1,-4.3,-3.9,2.4,12.1,1520,43,1.25,0.968,107,2.95,3.12,3.83,0
684,2020-03-29,2020,2020,6.9,6.7,7,-4.5,-4.7,-4.3,2.4,12.1,1530,43.3,1.25,0.97,132,3.03,3.21,4.14,0
685,2020-03-30,2020,2020,5.4,5.3,5.5,-3.5,-3.6,-3.3,1.9,12.2,1550,43.9,1.26,0.964,77,3.03,3.33,4.86,0
686,2020-03-31,2020,2020,6.4,6.3,6.5,-2.9,-3.1,-2.7,3.5,12.5,1650,46.7,1.3,0.973,126,3.19,3.52,5.62,0
687,2020-04-01,2020,2020,6.4,6.2,6.5,-2.5,-2.8,-2.3,3.8,12.5,1640,46.4,1.29,0.971,234,3.11,3.68,4.66,0
688,2020-04-02,2020,2020,6.5,6.3,6.6,-2.5,-2.7,-2.3,4,12.6,1870,53,1.37,0.975,272,3.18,3.66,3.99,0
689,2020-04-03,2020,2020,7,6.9,7.2,-3.7,-3.8,-3.5,3.4,12.7,1830,51.8,1.36,0.974,279,3.51,3.67,5.13,0
690,2020-04-04,2020,2020,4.2,3.9,4.4,-5.1,-5.5,-4.7,-0.9,12.7,1840,52.1,1.36,0.964,66,3.55,3.74,4.33,0
691,2020-04-05,2020,2020,4.8,4.6,5,-5.3,-5.6,-4.9,-0.5,12.7,1860,52.7,1.37,0.961,107,3.53,3.69,3.93,0
692,2020-04-06,2020,2020,6.2,6.1,6.4,-3.5,-3.7,-3.3,2.8,12.7,1860,52.7,1.37,0.965,191,3.57,3.98,5.02,0
693,2020-04-07,2020,2020,7.7,7.5,7.8,-4.6,-4.8,-4.4,3,12.7,1850,52.4,1.37,0.968,284,3.54,3.83,4.84,0
694,2020-04-08,2020,2020,8.5,8.3,8.6,-5.7,-6,-5.5,2.7,12.7,1830,51.8,1.36,0.961,287,3.5,3.79,4.36,0
695,2020-04-09,2020,2020,9,8.8,9.3,-5.8,-6.2,-5.5,3.2,12.7,1830,51.8,1.36,0.955,293,2.81,3.22,4.15,0
696,2020-04-10,2020,2020,9.6,9.4,9.8,-5.9,-6.2,-5.6,3.7,12.7,1850,52.4,1.37,0.957,286,2.84,3.06,3.73,0
697,2020-04-11,2020,2020,9.3,9.1,9.5,-5.6,-5.9,-5.2,3.7,12.6,1920,54.4,1.39,0.953,265,2.9,3.18,3.89,0
698,2020-04-12,2020,2020,9.3,9.1,9.6,-4.8,-5.2,-4.5,4.5,12.6,1950,55.2,1.4,0.954,298,3.02,3.22,4.35,0
699,2020-04-13,2020,2020,9,8.7,9.2,-3.7,-4,-3.3,5.3,12.6,1960,55.5,1.4,0.96,310,2.49,3.26,3.79,0
700,2020-04-14,2020,2020,9.5,9.3,9.6,-4,-4.3,-3.8,5.4,12.6,1960,55.5,1.4,0.971,300,2.59,2.7,2.9,0
701,2020-04-15,2020,2020,9.1,9,9.2,-4,-4.2,-3.9,5.1,12.6,1960,55.5,1.4,0.969,248,2.72,2.87,3.21,0
702,2020-04-16,2020,2020,9.9,9.7,10,-5.8,-6,-5.5,4.1,12.5,1990,56.4,1.41,0.962,304,2.83,3,3.19,0
703,2020-04-17,2020,2020,10.3,10.2,10.5,-6.7,-7,-6.5,3.6,12.5,1990,56.4,1.41,0.955,311,2.87,3.04,3.4,0
704,2020-04-18,2020,2020,10,9.8,10.2,-5.4,-5.7,-5.1,4.6,12.5,2000,56.6,1.41,0.954,285,2.63,2.98,3.3,0
705,2020-04-19,2020,2020,10.4,10.2,10.6,-6,-6.3,-5.7,4.3,12.5,2010,56.9,1.42,0.95,312,2.8,3.03,3.4,0
706,2020-04-20,2020,2020,9.3,9.1,9.5,-4.3,-4.7,-4,5,12.5,2000,56.6,1.41,0.944,234,2.59,2.78,4.3,0
707,2020-04-21,2020,2020,10.9,10.6,11.1,-5,-5.4,-4.6,5.9,12.5,2000,56.6,1.41,0.965,300,2.65,2.8,3.06,0
708,2020-04-22,2020,2020,8.8,8.4,9.3,-4.3,-5,-3.7,4.5,12.5,2040,57.8,1.43,0.96,96,2.68,2.9,3.25,0
709,2020-04-23,2020,2020,NA,NA,NA,NA,NA,NA,NA,12.1,6110,173,2.34,0.954,314,2.92,12.39,47.53,0
710,2020-04-24,2020,2020,3.3,3,3.5,-5.8,-6.2,-5.5,-2.6,12.2,6570,186,2.41,0.97,229,6.89,8.41,10.91,0
711,2020-04-25,2020,2020,3.7,3.4,4,-6.7,-7.2,-6.3,-3,12.1,5960,168.8,2.31,0.959,212,6.52,6.91,8.83,0
712,2020-04-26,2020,2020,5.1,4.9,5.3,-7.8,-8,-7.5,-2.6,12.1,5480,155.2,2.23,0.953,314,6.6,6.96,9.05,0
713,2020-04-27,2020,2020,4.7,4.5,5,-6,-6.3,-5.6,-1.2,12,4510,127.7,2.04,0.961,174,6.54,6.92,7.53,0
714,2020-04-28,2020,2020,7.3,7.2,7.5,-7.9,-8.1,-7.6,-0.5,12,3870,109.6,1.9,0.963,315,6.15,6.56,6.89,0
715,2020-04-29,2020,2020,6.7,6.4,7.1,-7.4,-8,-6.9,-0.7,12,3660,103.6,1.86,0.955,282,5.8,6.14,7.42,0
716,2020-04-30,2020,2020,7.3,6.9,7.6,-7.2,-7.7,-6.7,0.1,12,3690,104.5,1.86,0.957,317,5.93,6.31,7.09,0
717,2020-05-01,2020,2020,7.7,7.5,7.9,-7.4,-7.7,-7.1,0.2,12,3260,92.3,1.76,0.96,317,5.75,6.13,6.56,0
718,2020-05-02,2020,2020,2.6,2.4,2.9,-3.5,-3.9,-3.1,-0.9,12,2950,83.5,1.68,0.942,83,5.55,5.84,7.99,0
719,2020-05-03,2020,2020,7.1,6.9,7.3,-4,-4.3,-3.7,3.1,12,2820,79.9,1.65,0.97,318,5.09,5.9,8.32,0
720,2020-05-04,2020,2020,7,6.8,7.3,-5,-5.3,-4.7,2,12.1,2610,73.9,1.59,0.957,317,5.28,5.51,6.1,0
721,2020-05-05,2020,2020,7.8,7.5,8,-5.5,-5.9,-5.2,2.2,12.2,2490,70.5,1.56,0.961,320,5.09,5.41,5.64,0
722,2020-05-06,2020,2020,8.6,8.4,8.9,-4.6,-5,-4.2,4,12.2,2450,69.4,1.55,0.945,346,5.26,5.43,6.35,0
723,2020-05-07,2020,2020,9.8,9.6,10,-7,-7.3,-6.7,2.8,12.2,2400,68,1.53,0.954,343,5.22,5.48,5.88,0
724,2020-05-08,2020,2020,10.4,9.8,11,-8.3,-9.1,-7.4,2.2,12.3,2350,66.5,1.52,0.947,342,4.55,4.84,7.47,0
725,2020-05-09,2020,2020,10.4,10.1,10.6,-8,-8.3,-7.6,2.4,12.3,2330,66,1.51,0.947,298,4.61,4.86,5.08,0
726,2020-05-10,2020,2020,9.6,9.3,10,-7.7,-8.2,-7.2,1.9,12.2,2420,68.5,1.54,0.943,291,4.8,4.98,5.49,0
727,2020-05-11,2020,2020,5.2,4.7,5.6,-5.7,-6.3,-5.1,-0.5,12.2,2460,69.7,1.55,0.944,144,4.77,5.08,5.92,0
728,2020-05-12,2020,2020,6.8,6.4,7.3,-4.4,-5.1,-3.8,2.4,12.3,2360,66.8,1.52,0.957,123,3.68,4.82,5.63,0
729,2020-05-13,2020,2020,5.9,5.6,6.2,-5.1,-5.6,-4.7,0.8,12.3,2260,64,1.49,0.957,110,3.66,4.4,4.95,0
730,2020-05-14,2020,2020,6.4,5.9,6.9,-4.8,-5.5,-4.2,1.6,12.4,2170,61.4,1.47,0.965,117,4.28,4.44,5.1,0
731,2020-05-15,2020,2020,10.4,10.2,10.7,-7.2,-7.6,-6.8,3.3,12.5,2080,58.9,1.44,0.953,284,4.24,4.4,7.14,0
732,2020-05-16,2020,2020,5.2,4.6,5.7,-7,-7.8,-6.2,-1.8,12.5,2090,59.2,1.44,0.943,105,3.94,4.13,6.33,0
733,2020-05-17,2020,2020,9.3,8.9,9.7,-9,-9.6,-8.4,0.4,12,2810,79.6,1.65,0.945,214,3.97,4.2,4.61,0
734,2020-05-18,2020,2020,7.7,7.4,8,-6.3,-6.7,-5.9,1.4,12,2740,77.6,1.63,0.943,197,3.98,4.22,5.27,0
735,2020-05-19,2020,2020,7.6,7.2,8,-6.2,-6.7,-5.6,1.4,12.2,2460,69.7,1.55,0.956,250,4.17,4.34,5.09,0
736,2020-05-20,2020,2020,9.3,9,9.5,-7.3,-7.7,-7,2,12.3,2330,66,1.51,0.954,269,3.84,4.26,4.53,0
737,2020-05-21,2020,2020,11.4,11,11.9,-9,-9.6,-8.4,2.4,12.4,2170,61.4,1.47,0.94,292,3.36,3.83,4.39,0
738,2020-05-22,2020,2020,11.6,11.1,12.1,-8.9,-9.6,-8.2,2.7,12.5,2080,58.9,1.44,0.935,359,3.52,3.71,4.18,0
739,2020-05-23,2020,2020,12.9,12.5,13.3,-10,-10.6,-9.5,2.8,12.5,2020,57.2,1.42,0.935,335,3.55,3.74,4.07,0
740,2020-05-24,2020,2020,14.5,14.2,14.8,-11.2,-11.7,-10.7,3.3,12.6,1950,55.2,1.4,0.928,331,3.63,3.78,4.48,0
741,2020-05-25,2020,2020,16,15.5,16.5,-14.2,-15,-13.4,1.8,12.6,1920,54.4,1.39,0.909,347,3.68,3.87,4.18,0
742,2020-05-26,2020,2020,16.6,16,17.2,-15.2,-16.1,-14.4,1.4,12.6,1900,53.8,1.38,0.903,336,3.63,3.91,4.17,0
743,2020-05-27,2020,2020,17.9,17.2,18.5,-17.3,-18.2,-16.3,0.6,12.6,1900,53.8,1.38,0.894,348,3.64,3.91,4.11,0
744,2020-05-28,2020,2020,18,17.3,18.7,-18.4,-19.4,-17.4,-0.4,12.6,1910,54.1,1.39,0.885,352,3.67,3.98,4.3,0
745,2020-05-29,2020,2020,16.5,15.8,17.1,-17.8,-18.8,-16.9,-1.3,12.6,1930,54.7,1.39,0.878,289,3.68,3.96,4.39,0
746,2020-05-30,2020,2020,1.4,1,1.7,-10.7,-11.2,-10.3,-9.4,12.5,2020,57.2,1.42,0.874,41,3.84,4.06,4.59,0
747,2020-05-31,2020,2020,10.7,10.2,11.2,-12,-12.7,-11.3,-1.3,12.4,2170,61.4,1.47,0.881,241,4.15,4.43,6.03,0
748,2020-06-01,2020,2020,12.9,12.3,13.5,-13.3,-14.2,-12.4,-0.4,12.4,2130,60.3,1.45,0.915,330,4,4.28,4.8,0
749,2020-06-02,2020,2020,16.8,16.2,17.3,-15.5,-16.3,-14.7,1.3,12.6,1920,54.4,1.39,0.905,357,3.73,4.08,6.28,0
750,2020-06-03,2020,2020,16.9,16.4,17.4,-16.9,-17.6,-16.2,0,12.7,1800,51,1.35,0.893,353,3.58,3.88,4.21,0
751,2020-06-04,2020,2020,16.5,15.9,17.2,-16.1,-17,-15.1,0.5,12.6,1700,48.1,1.31,0.885,371,2.96,3.66,4.2,0
752,2020-06-05,2020,2020,13.7,13.3,14.2,-12.6,-13.3,-11.9,1.2,12.5,1620,45.9,1.29,0.89,306,3.16,3.48,4.08,0
753,2020-06-06,2020,2020,11.7,11.4,11.9,-9.9,-10.2,-9.5,1.8,12.3,1580,44.7,1.27,0.906,191,3.46,3.64,3.93,0
754,2020-06-07,2020,2020,10.5,10.3,10.7,-6.8,-7.2,-6.5,3.7,12.3,1580,44.7,1.27,0.925,183,3.28,3.58,3.86,0
755,2020-06-08,2020,2020,13.8,13.3,14.2,-8.7,-9.3,-8,5.1,12.4,1600,45.3,1.28,0.943,321,3.39,3.59,4.29,0
756,2020-06-09,2020,2020,16.1,15.8,16.5,-11.9,-12.4,-11.4,4.2,12.3,1570,44.5,1.27,0.925,353,2.99,3.22,5.24,0
757,2020-06-10,2020,2020,17.1,16.3,17.8,-13.1,-14.2,-12,4,12.1,1520,43,1.25,0.907,352,3.01,3.32,4.26,0
758,2020-06-11,2020,2020,17.2,16.9,17.5,-14,-14.5,-13.6,3.2,12,1500,42.5,1.24,0.895,292,3.08,3.32,3.7,0
759,2020-06-12,2020,2020,5.3,4.8,5.8,-8.9,-9.5,-8.2,-3.6,12.4,2120,60,1.45,0.894,86,3.45,4.65,5.27,0
760,2020-06-13,2020,2020,11.1,10.6,11.7,-11,-11.7,-10.2,0.2,12.3,2260,64,1.49,0.924,235,4.46,4.74,5.31,0
761,2020-06-14,2020,2020,15.4,15,15.8,-12.7,-13.2,-12.2,2.7,12.4,2160,61.2,1.46,0.922,315,4.09,4.26,4.84,0
762,2020-06-15,2020,2020,9.3,9,9.6,-9.6,-10,-9.2,-0.3,12.5,2020,57.2,1.42,0.913,119,3.9,4.12,4.42,0
763,2020-06-16,2020,2020,14.7,14.4,15.1,-9.9,-10.4,-9.4,4.8,12.6,1890,53.5,1.38,0.934,289,3.92,4.11,4.41,0
764,2020-06-17,2020,2020,17.3,16.6,17.9,-11.6,-12.6,-10.7,5.6,12.7,1770,50.1,1.34,0.926,377,1.97,4.09,4.55,0
765,2020-06-18,2020,2020,18.9,18.3,19.4,-14.4,-15.2,-13.6,4.5,12.5,1640,46.4,1.29,0.906,370,1.88,2.09,2.36,0
766,2020-06-19,2020,2020,20,19.4,20.5,-15.7,-16.4,-14.9,4.3,12.2,1560,44.2,1.26,0.892,346,1.99,2.18,2.83,0
767,2020-06-20,2020,2020,19.4,19,19.8,-15.6,-16.1,-15.1,3.8,11.6,1430,40.5,1.22,0.88,334,2.06,2.26,2.63,0
768,2020-06-21,2020,2020,20.4,19.8,21,-15.5,-16.3,-14.7,4.9,11.5,1410,39.9,1.21,0.876,365,2.12,2.31,2.82,0
769,2020-06-22,2020,2020,21,20.4,21.6,-16.9,-17.8,-16,4.1,11.3,1390,39.4,1.2,0.877,373,2.15,2.35,2.71,0
770,2020-06-23,2020,2020,20.5,19.9,21.2,-16.7,-17.7,-15.8,3.8,10.7,1300,36.8,1.16,0.859,365,1.97,2.16,3.04,0
771,2020-06-24,2020,2020,17.7,17.1,18.3,-14.4,-15.3,-13.6,3.2,10.6,1280,36.2,1.16,0.859,288,1.82,2.04,2.59,0
772,2020-06-25,2020,2020,19.8,19.3,20.4,-15.4,-16.2,-14.6,4.4,10.5,1270,36,1.15,0.872,370,1.9,2.08,3.11,0
773,2020-06-26,2020,2020,20.3,19.7,20.8,-16.3,-17.1,-15.5,3.9,10.5,1270,36,1.15,0.868,369,1.95,2.12,2.43,0
774,2020-06-27,2020,2020,19.5,18.9,20.1,-15.7,-16.5,-14.9,3.8,10.4,1250,35.4,1.14,0.856,355,2.03,2.17,2.66,0
775,2020-06-28,2020,2020,NA,NA,NA,NA,NA,NA,NA,10.3,1240,35.1,1.14,0.862,336,2.24,2.34,2.69,0
776,2020-06-29,2020,2020,NA,NA,NA,NA,NA,NA,NA,10,1200,34,1.12,-Inf,359,Inf,NA,-Inf,0
777,2020-06-30,2020,2020,NA,NA,NA,NA,NA,NA,NA,10.2,1220,34.5,1.13,-Inf,373,Inf,NA,-Inf,0
778,2020-07-01,2020,2020,NA,NA,NA,NA,NA,NA,NA,9.9,1190,33.7,1.12,0.879,378,1.42,1.55,1.81,0
779,2020-07-02,2020,2020,13.7,13.4,14.1,-13.3,-13.8,-12.8,0.4,9.1,1090,30.9,1.08,0.866,374,1.36,1.58,2.34,0
780,2020-07-03,2020,2020,13.3,12.9,13.6,-13,-13.5,-12.5,0.3,8.8,1060,30,1.06,0.857,369,1.35,1.56,2.03,0
781,2020-07-04,2020,2020,12.7,12.3,13.1,-12.3,-12.8,-11.8,0.4,8.7,1050,29.7,1.06,0.856,369,1.57,1.77,2.74,0
782,2020-07-05,2020,2020,12.8,12.4,13.2,-12.9,-13.4,-12.4,-0.1,8.7,1050,29.7,1.06,0.862,370,1.64,1.82,2.73,0
783,2020-07-06,2020,2020,12.5,12.1,12.9,-13.1,-13.7,-12.6,-0.6,8.7,1040,29.4,1.05,0.856,366,1.58,1.74,2.26,0
784,2020-07-07,2020,2020,12.4,12,12.8,-12.7,-13.3,-12.2,-0.3,8.7,1040,29.4,1.05,0.855,362,1.39,1.75,2.06,0
785,2020-07-08,2020,2020,12.5,12.1,12.9,-13.3,-13.9,-12.8,-0.8,8.7,1050,29.7,1.06,0.86,366,1.25,1.54,1.99,0
786,2020-07-09,2020,2020,12.2,11.8,12.6,-13.2,-13.8,-12.6,-1,8.7,1040,29.4,1.05,0.853,351,1.2,1.41,1.8,0
787,2020-07-10,2020,2020,12.8,12.4,13.2,-13.6,-14.2,-13,-0.8,8.7,1040,29.4,1.05,0.859,368,1.27,1.44,2.31,0
788,2020-07-11,2020,2020,13,12.6,13.4,-13.8,-14.4,-13.2,-0.8,8.7,1040,29.4,1.05,0.851,368,1.28,1.48,1.72,0
789,2020-07-12,2020,2020,12.5,12.1,13,-13.7,-14.3,-13.1,-1.2,8.6,1030,29.2,1.05,0.848,352,1.32,1.5,2.05,0
790,2020-07-13,2020,2020,12.9,12.4,13.3,-14.8,-15.4,-14.1,-1.9,8.7,1050,29.7,1.06,0.845,361,1.25,1.5,1.95,0
791,2020-07-14,2020,2020,13,12.5,13.4,-14.7,-15.3,-14,-1.7,8.7,1050,29.7,1.06,0.837,361,1.32,1.48,1.99,0
792,2020-07-15,2020,2020,13.3,12.8,13.7,-14.5,-15.2,-13.9,-1.3,8.7,1050,29.7,1.06,0.84,361,1.35,1.51,1.91,0
793,2020-07-16,2020,2020,NA,NA,NA,NA,NA,NA,NA,8.6,1030,29.2,1.05,0.832,359,0.9,1.46,1.95,0
794,2020-07-17,2020,2020,NA,NA,NA,NA,NA,NA,NA,8.7,1050,29.7,1.06,-Inf,348,1.03,1.22,1.4,0
795,2020-07-18,2020,2020,NA,NA,NA,NA,NA,NA,NA,8.7,1050,29.7,1.06,0.858,350,1.11,1.29,1.52,0
796,2020-07-19,2020,2020,15,14.6,15.4,-14.5,-15,-14,0.5,8.7,1050,29.7,1.06,0.843,353,1.05,1.3,1.59,0
797,2020-07-20,2020,2020,14.9,14.5,15.3,-14.3,-14.9,-13.7,0.6,8.7,1040,29.4,1.05,0.842,351,0.99,1.17,1.74,0
798,2020-07-21,2020,2020,15,14.6,15.3,-14.5,-15,-14,0.5,8.6,1030,29.2,1.05,0.839,339,0.91,1.19,2.15,0
799,2020-07-22,2020,2020,15.3,14.8,15.8,-14.4,-15.1,-13.7,0.9,8.6,1030,29.2,1.05,0.834,318,0.98,1.19,1.59,0
800,2020-07-23,2020,2020,15.8,15.4,16.2,-14.3,-14.9,-13.7,1.5,8.7,1040,29.4,1.05,0.836,340,1.05,1.26,2.44,0
801,2020-07-24,2020,2020,16.9,16.5,17.3,-16.2,-16.7,-15.6,0.8,8.6,1030,29.2,1.05,0.827,350,1.08,1.33,1.94,0
802,2020-07-25,2020,2020,17.7,17.4,18.1,-17.5,-18.1,-17,0.2,8.5,1020,28.9,1.04,0.817,345,0.95,1.27,1.54,0
803,2020-07-26,2020,2020,17.8,17.3,18.3,-17.3,-18,-16.7,0.5,8.5,1020,28.9,1.04,0.783,331,0.89,1.18,1.87,0
804,2020-07-27,2020,2020,17.4,16.7,18.1,-18.4,-19.4,-17.4,-1,8.7,1050,29.7,1.06,0.797,275,1.16,1.35,2.32,0
805,2020-07-28,2020,2020,18.8,18,19.6,-17.4,-18.5,-16.3,1.4,8.8,1060,30,1.06,0.812,324,1.05,1.25,4.1,0
806,2020-07-29,2020,2020,19.1,18.7,19.6,-16.8,-17.4,-16.1,2.3,8.5,1020,28.9,1.04,0.812,337,1.03,1.21,1.46,0
807,2020-07-30,2020,2020,19.5,19,20,-17,-17.7,-16.4,2.4,8.5,1020,28.9,1.04,0.809,344,1.08,1.27,1.59,0
808,2020-07-31,2020,2020,19.2,18.8,19.7,-16.6,-17.3,-16,2.6,8.3,1000,28.3,1.04,0.808,340,1.09,1.29,1.64,0
809,2020-08-01,2020,2020,19.1,18.7,19.5,-16.4,-17,-15.8,2.7,8.2,992,28.1,1.03,0.811,338,1.12,1.31,1.52,0
810,2020-08-02,2020,2020,19.2,18.7,19.6,-16.5,-17.1,-15.8,2.7,8.2,994,28.1,1.03,0.812,338,1.17,1.33,1.56,0
811,2020-08-03,2020,2020,19.5,19.1,20,-17.3,-18,-16.6,2.3,8.2,994,28.1,1.03,0.813,334,1.14,1.33,1.58,0
812,2020-08-04,2020,2020,20,19.5,20.4,-18,-18.6,-17.3,2,8.2,994,28.1,1.03,0.804,327,1.16,1.37,1.61,0
813,2020-08-05,2020,2020,19.9,19.5,20.2,-17.8,-18.3,-17.2,2.1,8.2,989,28,1.03,0.795,312,1.2,1.38,1.6,0
814,2020-08-06,2020,2020,17.6,17.1,18.1,-16.4,-17.2,-15.7,1.2,8.3,1000,28.3,1.04,0.789,282,1.13,1.4,1.93,0
815,2020-08-07,2020,2020,18.2,17.7,18.7,-16.3,-16.9,-15.6,1.9,8.2,990,28,1.03,0.817,334,1.22,1.43,1.96,0
816,2020-08-08,2020,2020,18,17.6,18.5,-16.4,-17,-15.7,1.7,8.1,983,27.8,1.03,0.815,324,1.18,1.39,1.69,0
817,2020-08-09,2020,2020,18.7,18.2,19.2,-17.5,-18.1,-16.8,1.2,8.2,993,28.1,1.03,0.81,325,1.19,1.37,1.61,0
818,2020-08-10,2020,2020,18.2,17.8,18.6,-17.4,-18,-16.8,0.9,8,968,27.4,1.02,0.795,326,1.2,1.41,1.82,0
819,2020-08-11,2020,2020,18.3,17.8,18.8,-17.8,-18.5,-17.1,0.5,8.8,1060,30,1.06,0.791,331,1.37,1.58,1.92,0
820,2020-08-12,2020,2020,17.9,17.4,18.3,-16.9,-17.5,-16.3,1,9.1,1090,30.9,1.08,0.812,313,1.53,1.79,2.01,0
821,2020-08-13,2020,2020,17.2,16.8,17.6,-16.1,-16.7,-15.5,1.1,8.8,1060,30,1.06,0.823,322,0.99,1.25,2,0
822,2020-08-14,2020,2020,18.2,17.9,18.6,-16.9,-17.4,-16.3,1.3,8.9,1070,30.3,1.07,0.818,309,1.13,1.31,1.88,0
823,2020-08-15,2020,2020,16.9,16.6,17.2,-16.4,-16.9,-16,0.5,8.3,1000,28.3,1.04,0.807,294,1.03,1.24,1.53,0
824,2020-08-16,2020,2020,14.7,13.9,15.5,-15.4,-16.6,-14.3,-0.7,9.4,1120,31.7,1.09,0.809,200,1.24,1.41,1.69,0
825,2020-08-17,2020,2020,13.8,13.3,14.3,-15.5,-16.2,-14.7,-1.7,9.5,1140,32.3,1.1,0.824,208,1.22,1.45,1.7,0
826,2020-08-18,2020,2020,15.4,15.1,15.6,-15.4,-15.8,-15,0,8.8,1060,30,1.06,0.834,249,1.3,1.5,2.02,0
827,2020-08-19,2020,2020,14.4,14.1,14.8,-15.1,-15.6,-14.6,-0.6,8.1,977,27.7,1.02,0.821,302,1.26,1.47,2.2,0
828,2020-08-20,2020,2020,14.7,14.2,15.1,-16,-16.7,-15.4,-1.4,8,965,27.3,1.02,0.803,299,1.19,1.38,1.55,0
829,2020-08-21,2020,2020,14.9,14.4,15.3,-15.8,-16.5,-15.2,-1,8,965,27.3,1.02,0.803,301,1.27,1.41,1.63,0
830,2020-08-22,2020,2020,16.1,15.6,16.5,-16.7,-17.3,-16.1,-0.6,8.9,1070,30.3,1.07,0.811,303,1.14,1.36,2.01,0
831,2020-08-23,2020,2020,15.4,15.1,15.7,-16.4,-16.8,-16,-0.9,9.3,1110,31.4,1.08,0.823,281,1.32,1.51,1.81,0
832,2020-08-24,2020,2020,11.3,10.8,11.9,-15.8,-16.6,-15,-4.5,9.3,1110,31.4,1.08,0.823,140,1.34,1.58,2.54,0
833,2020-08-25,2020,2020,15.1,14.8,15.4,-17,-17.4,-16.6,-1.9,9.5,1140,32.3,1.1,0.837,264,1.5,1.69,2.05,0
834,2020-08-26,2020,2020,15,14.7,15.3,-16.4,-16.9,-15.9,-1.4,8.7,1050,29.7,1.06,0.808,257,1.16,1.38,2.37,0
835,2020-08-27,2020,2020,14.4,14.1,14.7,-13.7,-14.1,-13.2,0.7,8.2,988,28,1.03,0.812,260,0.92,1.33,2.95,0
836,2020-08-28,2020,2020,15.6,15.4,15.9,-14.1,-14.5,-13.6,1.6,8.3,996,28.2,1.03,0.842,272,1.09,1.29,1.56,0
837,2020-08-29,2020,2020,6.1,5.7,6.6,-17.7,-18.4,-17,-11.6,12.6,1910,54.1,1.39,0.839,289,1.17,7.08,12.32,0
838,2020-08-30,2020,2020,12.1,11.5,12.6,-17.8,-18.6,-17,-5.7,12.6,1890,53.5,1.38,0.889,290,2.81,4.13,6.6,0
839,2020-08-31,2020,2020,13.1,12.7,13.6,-17.4,-18.1,-16.7,-4.3,12.7,1740,49.3,1.33,0.879,277,2.28,3.38,7.6,0
840,2020-09-01,2020,2020,14.5,14.1,15,-18.2,-18.8,-17.5,-3.7,12.5,1640,46.4,1.29,0.88,280,1.93,2.58,4.11,0
841,2020-09-02,2020,2020,15.2,14.8,15.5,-19,-19.5,-18.4,-3.8,12,1510,42.8,1.25,0.866,273,1.91,2.39,3.45,0
842,2020-09-03,2020,2020,14.4,14,14.8,-17.1,-17.6,-16.5,-2.6,11.3,1390,39.4,1.2,0.86,252,1.84,2.38,3.95,0
843,2020-09-04,2020,2020,13,12.7,13.3,-15.2,-15.7,-14.7,-2.2,10.5,1270,36,1.15,0.856,240,1.52,1.78,3.57,0
844,2020-09-05,2020,2020,11.3,11.1,11.5,-11.8,-12.1,-11.6,-0.6,9.7,1160,32.8,1.11,0.87,274,1.37,1.71,3.54,0
845,2020-09-06,2020,2020,11.6,11.4,11.7,-11.3,-11.6,-11.1,0.2,9.4,1120,31.7,1.09,0.879,247,1.31,1.67,3.41,0
846,2020-09-07,2020,2020,12.4,12.2,12.7,-13.2,-13.6,-12.8,-0.7,9.2,1100,31.1,1.08,0.863,266,1.38,1.62,2.21,0
847,2020-09-08,2020,2020,11,10.8,11.2,-10.9,-11.3,-10.6,0.1,9.1,1090,30.9,1.08,0.858,244,1.6,2.03,10.8,0
848,2020-09-09,2020,2020,11.9,11.8,12.1,-10.8,-11.1,-10.6,1.1,9.1,1090,30.9,1.08,0.881,213,1.66,2.01,4.56,0
849,2020-09-10,2020,2020,11.4,11.1,11.8,-11.3,-11.8,-10.7,0.2,9.2,1100,31.1,1.08,0.879,209,4.83,6.45,11.53,0
850,2020-09-11,2020,2020,7,6.7,7.3,-9.3,-9.7,-8.8,-2.3,9.2,1100,31.1,1.08,0.883,181,3.13,4.33,7.12,0
851,2020-09-12,2020,2020,5.6,5.3,5.8,-8.6,-8.9,-8.2,-3,9.2,1100,31.1,1.08,0.905,169,2.29,2.69,7.2,0
852,2020-09-13,2020,2020,4.7,4.5,4.9,-7.5,-7.8,-7.2,-2.8,9.3,1110,31.4,1.08,0.908,164,2.47,2.75,4.13,0
853,2020-09-14,2020,2020,NA,NA,NA,NA,NA,NA,NA,9.3,1110,31.4,1.08,0.921,161,2.2,2.53,4.37,0
854,2020-09-15,2020,2020,NA,NA,NA,NA,NA,NA,NA,9.2,1100,31.1,1.08,-Inf,183,Inf,NA,-Inf,0
855,2020-09-16,2020,2020,NA,NA,NA,NA,NA,NA,NA,9.2,1100,31.1,1.08,-Inf,191,Inf,NA,-Inf,0
856,2020-09-17,2020,2020,NA,NA,NA,NA,NA,NA,NA,9.2,1100,31.1,1.08,-Inf,162,Inf,NA,-Inf,0
857,2020-09-18,2020,2020,NA,NA,NA,NA,NA,NA,NA,9.2,1100,31.1,1.08,-Inf,124,Inf,NA,-Inf,0
858,2020-09-19,2020,2020,NA,NA,NA,NA,NA,NA,NA,9.2,1100,31.1,1.08,-Inf,236,Inf,NA,-Inf,0
859,2020-09-20,2020,2020,NA,NA,NA,NA,NA,NA,NA,9.1,1090,30.9,1.08,-Inf,237,Inf,NA,-Inf,0
860,2020-09-21,2020,2020,NA,NA,NA,NA,NA,NA,NA,9.2,1100,31.1,1.08,-Inf,214,Inf,NA,-Inf,0
861,2020-09-22,2020,2020,NA,NA,NA,NA,NA,NA,NA,9.2,1100,31.1,1.08,-Inf,206,Inf,NA,-Inf,0
862,2020-09-23,2020,2020,NA,NA,NA,NA,NA,NA,NA,9.2,1100,31.1,1.08,-Inf,181,Inf,NA,-Inf,0
863,2020-09-24,2020,2020,NA,NA,NA,NA,NA,NA,NA,9.3,1110,31.4,1.08,-Inf,203,Inf,NA,-Inf,0
864,2020-09-25,2020,2020,NA,NA,NA,NA,NA,NA,NA,9.4,1130,32,1.09,-Inf,136,Inf,NA,-Inf,0
865,2020-09-26,2020,2020,NA,NA,NA,NA,NA,NA,NA,9.3,1110,31.4,1.08,-Inf,192,Inf,NA,-Inf,0
866,2020-09-27,2020,2020,NA,NA,NA,NA,NA,NA,NA,9.3,1110,31.4,1.08,-Inf,227,Inf,NA,-Inf,0
867,2020-09-28,2020,2020,NA,NA,NA,NA,NA,NA,NA,9.2,1100,31.1,1.08,-Inf,223,Inf,NA,-Inf,0
868,2020-09-29,2020,2020,NA,NA,NA,NA,NA,NA,NA,9.2,1100,31.1,1.08,-Inf,213,Inf,NA,-Inf,0
869,2020-09-30,2020,2020,NA,NA,NA,NA,NA,NA,NA,9.3,1110,31.4,1.08,0.926,183,5.14,6.85,8.59,0
870,2020-10-01,2020,2021,10.2,10,10.4,-8,-8.3,-7.7,2.2,9.3,1110,31.4,1.08,0.915,198,2.78,3.39,5.74,0
871,2020-10-02,2020,2021,10.4,10.3,10.5,-8.5,-8.7,-8.3,1.9,9.6,1150,32.6,1.1,0.914,194,2.49,3.02,3.91,0
872,2020-10-03,2020,2021,10.2,10,10.3,-8.5,-8.7,-8.3,1.6,9.6,1150,32.6,1.1,0.909,201,2.33,2.76,4.43,0
873,2020-10-04,2020,2021,10.1,10,10.3,-8.4,-8.6,-8.2,1.7,9.6,1150,32.6,1.1,0.909,206,2.29,2.61,3.31,0
874,2020-10-05,2020,2021,10.1,9.9,10.3,-8.1,-8.4,-7.9,2,9.5,1140,32.3,1.1,0.913,194,2.17,2.53,3.55,0
875,2020-10-06,2020,2021,10,9.9,10.2,-8,-8.2,-7.8,2,9.5,1140,32.3,1.1,0.915,184,2.06,2.33,2.97,0
876,2020-10-07,2020,2021,9.2,9.1,9.3,-8,-8.1,-7.8,1.2,9.5,1140,32.3,1.1,0.915,173,2,2.33,2.83,0
877,2020-10-08,2020,2021,8.7,8.6,8.9,-7.8,-8,-7.6,0.9,9.5,1140,32.3,1.1,0.911,171,1.95,2.24,7.18,0
878,2020-10-09,2020,2021,9.6,9.5,9.7,-8.2,-8.4,-8.1,1.3,9.5,1140,32.3,1.1,0.919,184,1.92,2.13,2.56,0
879,2020-10-10,2020,2021,6.7,6.3,7.1,-7.9,-8.5,-7.3,-1.1,9.7,1160,32.8,1.11,0.916,51,2.04,2.31,3.14,0
880,2020-10-11,2020,2021,8.7,8.5,8.8,-7.1,-7.4,-6.8,1.6,9.7,1160,32.8,1.11,0.923,181,2.21,2.76,4.35,0
881,2020-10-12,2020,2021,9.6,9.4,9.8,-7.8,-8.1,-7.5,1.8,9.7,1160,32.8,1.11,0.927,176,2.99,4.38,6.2,0
882,2020-10-13,2020,2021,9.8,9.6,9.9,-8,-8.3,-7.7,1.8,9.7,1160,32.8,1.11,0.919,140,3.99,5.08,6.64,0
883,2020-10-14,2020,2021,9,8.8,9.3,-7.5,-8,-7.1,1.5,9.7,1160,32.8,1.11,0.92,187,3.31,4.27,6.55,0
884,2020-10-15,2020,2021,9.1,8.8,9.3,-7,-7.4,-6.6,2.1,9.6,1150,32.6,1.1,0.923,188,4.99,6.14,8.84,0
885,2020-10-16,2020,2021,8.6,8.3,9,-7.1,-7.6,-6.6,1.6,9.6,1150,32.6,1.1,0.929,182,3.15,4.76,6.48,0
886,2020-10-17,2020,2021,9.4,9.1,9.7,-7.8,-8.3,-7.4,1.6,9.6,1150,32.6,1.1,0.922,177,3.27,11.34,16.14,0
887,2020-10-18,2020,2021,8.6,8.3,8.9,-7.3,-7.8,-6.9,1.3,9.7,1160,32.8,1.11,0.922,179,3.89,5.3,12.33,0
888,2020-10-19,2020,2021,8.4,8.2,8.7,-7.2,-7.6,-6.8,1.2,9.7,1160,32.8,1.11,0.927,176,3.6,4.13,6.26,0
889,2020-10-20,2020,2021,7.9,7.6,8.2,-7.3,-7.7,-6.9,0.6,9.6,1150,32.6,1.1,0.927,172,3,3.39,3.8,0
890,2020-10-21,2020,2021,7.8,7.5,8.1,-7,-7.4,-6.5,0.8,9.7,1160,32.8,1.11,0.925,172,2.62,2.92,3.46,0
891,2020-10-22,2020,2021,7.7,7.5,7.8,-6.5,-6.7,-6.2,1.2,9.7,1160,32.8,1.11,0.929,172,2.58,3.17,4.93,0
892,2020-10-23,2020,2021,7.2,7,7.5,-6.5,-6.9,-6.2,0.7,9.7,1160,32.8,1.11,0.934,168,2.6,5.39,6.86,0
893,2020-10-24,2020,2021,8,7.7,8.2,-7.2,-7.6,-6.8,0.8,9.8,1170,33.1,1.11,0.932,167,6.42,11.55,12.48,0
894,2020-10-25,2020,2021,6.7,6.4,6.9,-5.6,-5.9,-5.2,1.1,9.8,1170,33.1,1.11,0.928,174,3.24,4.95,11.05,0
895,2020-10-26,2020,2021,6,5.9,6.2,-3.2,-3.4,-3,2.8,9.9,1180,33.4,1.12,0.946,162,3.18,3.58,5.19,0
896,2020-10-27,2020,2021,6.5,6.3,6.8,-4,-4.4,-3.5,2.6,9.9,1180,33.4,1.12,0.965,167,4.23,4.61,6,0
897,2020-10-28,2020,2021,6.8,6.5,7,-4.4,-4.8,-4,2.4,9.9,1180,33.4,1.12,0.962,165,3.55,4.06,5.35,0
898,2020-10-29,2020,2021,6.9,6.7,7.1,-4.5,-4.9,-4.2,2.4,9.9,1180,33.4,1.12,0.957,162,3.33,3.76,4.53,0
899,2020-10-30,2020,2021,7.1,6.9,7.3,-4.5,-4.8,-4.2,2.6,9.9,1190,33.7,1.12,0.956,155,3.24,3.66,4.21,0
900,2020-10-31,2020,2021,6.9,6.6,7.1,-4.3,-4.7,-3.9,2.6,9.9,1190,33.7,1.12,0.959,154,3.06,3.62,4.01,0
901,2020-11-01,2020,2021,6.8,6.6,7.1,-4.1,-4.4,-3.7,2.8,9.9,1180,33.4,1.12,0.96,153,3.02,3.37,3.82,0
902,2020-11-02,2020,2021,6.8,6.6,7,-4.1,-4.5,-3.8,2.7,10,1200,34,1.12,0.963,154,2.57,3.04,3.47,0
903,2020-11-03,2020,2021,6.9,6.8,7.1,-4,-4.2,-3.8,2.9,9.9,1190,33.7,1.12,0.959,135,2.49,2.83,3.63,0
904,2020-11-04,2020,2021,6.6,6.4,6.8,-3.7,-4,-3.3,2.9,9.9,1190,33.7,1.12,0.965,143,2.48,2.77,4.37,0
905,2020-11-05,2020,2021,7.2,6.9,7.5,-5.3,-5.7,-4.8,1.9,10,1200,34,1.12,0.956,137,2.74,3.11,3.88,0
906,2020-11-06,2020,2021,6.5,6.3,6.8,-5.2,-5.6,-4.8,1.3,10,1200,34,1.12,0.946,98,2.89,3.4,4.86,0
907,2020-11-07,2020,2021,5.6,5.5,5.7,-4.3,-4.5,-4.2,1.2,10,1200,34,1.12,0.952,95,2.55,3.02,3.8,0
908,2020-11-08,2020,2021,4.7,4.6,4.9,-3.1,-3.3,-2.8,1.7,10.1,1210,34.3,1.13,0.956,74,3.12,3.51,5.03,0
909,2020-11-09,2020,2021,5.5,5.4,5.6,-2,-2.1,-1.8,3.5,10.1,1210,34.3,1.13,0.972,104,3.65,4,5.71,0
910,2020-11-10,2020,2021,5.8,5.6,5.9,-3.1,-3.3,-2.8,2.7,10.1,1210,34.3,1.13,0.978,88,3.24,3.6,4.41,0
911,2020-11-11,2020,2021,5.7,5.4,5.9,-3.4,-3.7,-3,2.3,10.2,1220,34.5,1.13,0.971,131,2.96,3.27,5.62,0
912,2020-11-12,2020,2021,NA,NA,NA,NA,NA,NA,NA,10.1,1210,34.3,1.13,0.968,127,2.36,3.01,3.37,0
913,2020-11-13,2020,2021,2.8,2.7,2.9,-2.5,-2.7,-2.3,0.3,10.3,1240,35.1,1.14,0.974,51,2.28,2.79,3.59,0
914,2020-11-14,2020,2021,4.6,4.6,4.7,-2,-2.1,-1.9,2.6,10.6,1280,36.2,1.16,0.981,50,2.43,2.93,4.64,0
915,2020-11-15,2020,2021,2.4,2.3,2.5,-1.8,-2,-1.7,0.6,11.4,1390,39.4,1.2,0.983,13,2.39,3.15,4.81,0
916,2020-11-16,2020,2021,4.6,4.5,4.7,-3.8,-4,-3.6,0.8,12.1,1540,43.6,1.26,0.972,83,2.89,3.87,7.2,0
917,2020-11-17,2020,2021,1.9,1.7,2.1,-3.4,-3.7,-3.2,-1.6,11.3,1380,39.1,1.2,0.962,16,2.36,2.91,3.78,0
918,2020-11-18,2020,2021,3.4,3.3,3.5,-2.7,-2.8,-2.5,0.7,12,1500,42.5,1.24,0.97,34,2.45,2.96,4.21,0
919,2020-11-19,2020,2021,3.8,3.8,3.9,-1,-1.1,-0.9,2.8,12,1510,42.8,1.25,0.981,111,2.56,2.95,3.88,0
920,2020-11-20,2020,2021,4,3.9,4.1,-0.9,-1,-0.7,3.1,11.3,1380,39.1,1.2,0.99,126,2.56,3.05,5.4,0
921,2020-11-21,2020,2021,3.9,3.7,4,-0.9,-1.1,-0.8,2.9,11.1,1350,38.2,1.18,0.991,122,2.69,3.17,4.7,0
922,2020-11-22,2020,2021,3.6,3.5,3.8,-1.7,-1.9,-1.5,1.9,10.8,1310,37.1,1.17,0.988,51,2.34,2.95,3.88,0
923,2020-11-23,2020,2021,3.9,3.8,4,-1.9,-2.1,-1.7,2,10.7,1290,36.5,1.16,0.986,73,2.34,2.7,3.74,0
924,2020-11-24,2020,2021,3.9,3.9,4,-1.3,-1.5,-1.2,2.6,10.7,1290,36.5,1.16,0.985,100,2.16,2.52,3.25,0
925,2020-11-25,2020,2021,4.1,4,4.2,-0.4,-0.5,-0.3,3.7,10.7,1290,36.5,1.16,0.993,61,1.99,2.32,2.64,0
926,2020-11-26,2020,2021,3.9,3.8,4,0.1,-0.1,0.2,4,10.6,1280,36.2,1.16,1.001,100,2.1,2.31,2.6,2
927,2020-11-27,2020,2021,3.7,3.6,3.8,0.2,0,0.4,3.8,10.5,1270,36,1.15,1,117,2.13,2.4,4.39,2
928,2020-11-28,2020,2021,4.3,4.2,4.4,0.3,0.1,0.4,4.6,10.5,1270,36,1.15,1.003,100,2.2,2.41,2.6,2
929,2020-11-29,2020,2021,4,3.9,4.1,0.3,0.1,0.4,4.2,10.5,1270,36,1.15,1.004,93,2.25,2.41,2.95,2
930,2020-11-30,2020,2021,4,4,4.1,0.5,0.4,0.6,4.5,10.5,1270,36,1.15,1.005,50,2.21,2.41,2.75,2
931,2020-12-01,2020,2021,3.6,3.5,3.8,0.3,0.1,0.5,3.9,10.5,1270,36,1.15,1.007,108,2.23,2.42,2.84,2
932,2020-12-02,2020,2021,3.7,3.6,3.8,0,-0.2,0.2,3.7,10.2,1220,34.5,1.13,1.002,107,2.17,2.38,2.78,2
933,2020-12-03,2020,2021,3.9,3.8,4,0.4,0.3,0.6,4.4,10.2,1220,34.5,1.13,1.004,90,2.31,2.46,2.72,2
934,2020-12-04,2020,2021,3.7,3.5,3.8,0.4,0.2,0.6,4.1,10.1,1210,34.3,1.13,1.008,106,2.35,2.58,4.4,2
935,2020-12-05,2020,2021,3.9,3.8,4,0.3,0.1,0.5,4.2,10.2,1220,34.5,1.13,1.005,61,2.31,2.47,3.7,2
936,2020-12-06,2020,2021,3.7,3.6,3.8,0.6,0.5,0.8,4.3,10.2,1220,34.5,1.13,1.011,80,2.31,2.5,3.31,2
937,2020-12-07,2020,2021,3.9,3.8,4,0.9,0.7,1,4.8,10.2,1220,34.5,1.13,1.01,95,1.97,2.47,4.67,2
938,2020-12-08,2020,2021,3.7,3.6,3.8,0.4,0.2,0.6,4,10.2,1230,34.8,1.14,1.008,101,2.04,2.2,2.43,2
939,2020-12-09,2020,2021,4.3,4.3,4.4,0.3,0.2,0.4,4.6,10.2,1220,34.5,1.13,1.006,79,2.17,2.28,2.49,2
940,2020-12-10,2020,2021,3.4,3.3,3.5,-0.1,-0.2,0.1,3.3,10.1,1210,34.3,1.13,1.003,81,2.28,2.4,2.75,2
941,2020-12-11,2020,2021,3.6,3.6,3.7,-0.4,-0.5,-0.3,3.3,10.1,1210,34.3,1.13,1.003,32,2.28,2.45,2.77,2
942,2020-12-12,2020,2021,3.8,3.7,3.8,-0.5,-0.6,-0.4,3.3,10.1,1210,34.3,1.13,1.001,70,2.42,2.55,2.83,2
943,2020-12-13,2020,2021,1.6,1.5,1.7,0.2,0.1,0.4,1.8,10.6,1280,36.2,1.16,1,20,2.52,2.69,3.28,2
944,2020-12-14,2020,2021,3.6,3.5,3.6,0.6,0.6,0.7,4.2,10.7,1290,36.5,1.16,1.006,41,2.54,2.74,3.31,2
945,2020-12-15,2020,2021,3.4,3.3,3.6,0.2,0,0.4,3.6,10.5,1270,36,1.15,1.008,45,2.6,2.72,4.31,2
946,2020-12-16,2020,2021,2.4,2.3,2.6,-0.4,-0.6,-0.1,2.1,11.1,1350,38.2,1.18,0.997,33,2.57,2.84,14.26,0
947,2020-12-17,2020,2021,1.8,1.7,1.9,1.6,1.4,1.8,3.3,12.6,1940,54.9,1.39,0.998,72,4.18,8.1,22.08,0
948,2020-12-18,2020,2021,2.9,2.8,2.9,1.8,1.7,1.8,4.6,12.4,1620,45.9,1.29,1.009,77,3.6,4.31,5.04,2
949,2020-12-19,2020,2021,3.1,3,3.3,1.5,1.3,1.8,4.7,11.9,1490,42.2,1.24,1.014,42,2.9,3.21,3.59,2
950,2020-12-20,2020,2021,3.3,3.2,3.4,0.9,0.7,1,4.1,11.6,1430,40.5,1.22,1.009,48,2.82,2.96,3.2,2
951,2020-12-21,2020,2021,3.4,3.3,3.5,-0.3,-0.5,-0.1,3.1,11.6,1430,40.5,1.22,0.999,55,2.84,2.99,3.21,0
952,2020-12-22,2020,2021,3.2,3.2,3.3,1.4,1.3,1.5,4.6,11.7,1450,41.1,1.22,0.998,101,2.82,3.02,3.55,0
953,2020-12-23,2020,2021,3,3,3.1,1.8,1.7,1.9,4.8,11.5,1410,39.9,1.21,1.007,105,2.7,2.98,4.16,2
954,2020-12-24,2020,2021,4,3.9,4.2,0.9,0.6,1.1,4.9,11.3,1380,39.1,1.2,1.011,60,2.73,2.85,3.19,2
955,2020-12-25,2020,2021,1.7,1.7,1.8,-0.4,-0.6,-0.3,1.3,11.4,1400,39.6,1.2,1.003,26,2.83,3.19,3.53,2
956,2020-12-26,2020,2021,3.6,3.5,3.7,1,0.8,1.1,4.5,12.4,1610,45.6,1.28,1,66,3.15,3.64,5.24,2
957,2020-12-27,2020,2021,3.6,3.5,3.7,0.2,0.1,0.4,3.8,12.1,1540,43.6,1.26,0.999,96,3.3,3.64,4.09,0
958,2020-12-28,2020,2021,2.8,2.7,2.9,0.9,0.7,1,3.6,11.8,1460,41.3,1.23,0.997,102,3.3,3.44,3.74,0
959,2020-12-29,2020,2021,3.7,3.6,3.8,1.8,1.7,2,5.5,11.5,1420,40.2,1.21,1.006,90,3.34,3.41,3.71,2
960,2020-12-30,2020,2021,2.7,2.6,2.9,0.5,0.2,0.8,3.2,11.5,1410,39.9,1.21,1.01,30,3.37,3.47,4.57,2
961,2020-12-31,2020,2021,4,4,4.1,0.6,0.5,0.8,4.7,11.9,1480,41.9,1.23,1.009,67,3.24,3.54,3.93,2
962,2021-01-01,2021,2021,3.9,3.8,3.9,-0.1,-0.2,0,3.8,11.8,1460,41.3,1.23,1.003,65,3.28,3.44,5.84,2
963,2021-01-02,2021,2021,3.1,3,3.1,0.2,0.1,0.3,3.3,12,1500,42.5,1.24,1.003,37,3.27,3.5,4.07,2
964,2021-01-03,2021,2021,3,2.9,3.1,0.2,0,0.4,3.2,12.3,1570,44.5,1.27,1.001,47,3.26,3.42,6.11,2
965,2021-01-04,2021,2021,1.2,1,1.4,0.7,0.4,1,2,12.7,1860,52.7,1.37,0.994,38,3.26,3.67,9.34,0
966,2021-01-05,2021,2021,3.4,3.3,3.6,2.1,1.9,2.3,5.6,12.5,2030,57.5,1.42,1.007,62,3.39,3.9,5.89,2
967,2021-01-06,2021,2021,1.6,1.6,1.7,1.6,1.5,1.6,3.2,12.7,1840,52.1,1.36,1.008,39,3.3,3.54,3.81,2
968,2021-01-07,2021,2021,3.4,3.3,3.4,1.6,1.4,1.7,4.9,12.7,1820,51.5,1.36,1.01,84,2.98,3.23,3.62,2
969,2021-01-08,2021,2021,3.1,3,3.2,2.1,1.9,2.3,5.2,12.7,1830,51.8,1.36,1.008,101,2.99,3.12,3.42,2
970,2021-01-09,2021,2021,3.7,3.6,3.8,2.1,1.9,2.2,5.8,12.7,1790,50.7,1.35,1.013,91,3.09,3.21,3.36,2
971,2021-01-10,2021,2021,3.7,3.6,3.8,1.5,1.3,1.6,5.2,12.6,1700,48.1,1.31,1.011,49,2.98,3.15,3.45,2
972,2021-01-11,2021,2021,3,2.8,3.1,0.7,0.5,0.9,3.7,12.5,1650,46.7,1.3,1.006,39,3.01,3.22,3.46,2
973,2021-01-12,2021,2021,1.5,1.5,1.5,0.9,0.9,1,2.4,12.6,1900,53.8,1.38,1.004,29,3.15,3.33,11.69,2
974,2021-01-13,2021,2021,-0.1,-0.3,0.1,4.9,4.7,5.2,4.8,12,4270,120.9,1.99,1.009,105,9.26,23.59,49.15,2
975,2021-01-14,2021,2021,0.6,0.6,0.7,5.5,5.5,5.6,6.2,12,3900,110.4,1.91,1.023,106,8.09,12.61,29.94,2
976,2021-01-15,2021,2021,1.7,1.6,1.7,3.7,3.6,3.9,5.4,12,2970,84.1,1.69,1.021,45,3.97,5.71,7.89,2
977,2021-01-16,2021,2021,2.1,2.1,2.2,3.1,3,3.3,5.3,12.1,2560,72.5,1.58,1.018,83,3.58,4.01,8.34,2
978,2021-01-17,2021,2021,2.5,2.4,2.6,2.5,2.4,2.7,5,12.3,2330,66,1.51,1.013,76,3.39,3.57,3.84,2
979,2021-01-18,2021,2021,2.4,2.3,2.4,2.4,2.3,2.4,4.8,12.4,2170,61.4,1.47,1.01,120,3.03,3.37,5.7,2
980,2021-01-19,2021,2021,2.4,2.3,2.5,2.3,2.2,2.4,4.7,12.5,2060,58.3,1.43,1.009,120,3,3.2,4.03,2
981,2021-01-20,2021,2021,2.5,2.5,2.6,2.6,2.4,2.7,5.1,12.6,1960,55.5,1.4,1.01,113,2.72,3.21,3.46,2
982,2021-01-21,2021,2021,3.2,3,3.3,1.2,0.9,1.4,4.3,12.6,1880,53.2,1.38,1.008,92,2.83,2.97,3.58,2
983,2021-01-22,2021,2021,2.4,2.4,2.5,1.1,1,1.2,3.6,12.7,1830,51.8,1.36,1.007,44,2.91,3.05,3.43,2
984,2021-01-23,2021,2021,2.7,2.6,2.7,1.8,1.7,1.8,4.4,12.7,1770,50.1,1.34,1.007,128,3.04,3.18,4.83,2
985,2021-01-24,2021,2021,2.3,2.2,2.4,1,0.8,1.1,3.3,12.6,1720,48.7,1.32,1.007,37,3.02,3.17,3.59,2
986,2021-01-25,2021,2021,3.1,3,3.2,1.4,1.3,1.5,4.5,12.6,1700,48.1,1.31,1.007,79,2.98,3.13,3.56,2
987,2021-01-26,2021,2021,2.3,2.2,2.5,-0.3,-0.5,0,2,12.6,1670,47.3,1.3,0.995,34,3.05,3.16,3.48,0
988,2021-01-27,2021,2021,2.7,2.5,2.8,-0.1,-0.4,0.1,2.5,12.6,1670,47.3,1.3,0.995,63,2.99,3.19,3.68,0
989,2021-01-28,2021,2021,2.6,2.5,2.7,0.2,0,0.4,2.8,12.6,1670,47.3,1.3,0.998,87,3.04,3.19,3.77,0
990,2021-01-29,2021,2021,3.8,3.7,3.9,0.8,0.7,1,4.6,12.5,1650,46.7,1.3,1.002,105,3.09,3.2,3.6,2
991,2021-01-30,2021,2021,3.7,3.7,3.8,1,0.9,1.1,4.7,12.5,1630,46.2,1.29,1.006,80,3.08,3.22,3.65,2
992,2021-01-31,2021,2021,2.4,2.2,2.5,1,0.8,1.1,3.3,12.6,1670,47.3,1.3,1.005,93,3.13,3.31,6.33,2
993,2021-02-01,2021,2021,1.8,1.7,2,0.5,0.3,0.7,2.3,12.7,1780,50.4,1.34,1.004,75,3.07,3.28,4.63,2
994,2021-02-02,2021,2021,3.5,3.5,3.6,1.6,1.5,1.7,5.2,12.4,2120,60,1.45,1.005,122,3.29,3.79,4.75,2
995,2021-02-03,2021,2021,3.5,3.3,3.6,2.7,2.4,3,6.2,12.4,2110,59.7,1.45,0.996,133,2.98,3.19,3.7,0
996,2021-02-04,2021,2021,3.4,3.4,3.5,3.4,3.3,3.5,6.8,12.5,2010,56.9,1.42,1.018,144,2.91,3.09,3.68,2
997,2021-02-05,2021,2021,3.8,3.7,3.9,2.2,2,2.3,6,12.6,1900,53.8,1.38,1.016,148,2.84,3.05,4.13,2
998,2021-02-06,2021,2021,3.9,3.7,4,2,1.8,2.2,5.8,12.7,1860,52.7,1.37,1.011,148,2.77,2.95,3.25,2
999,2021-02-07,2021,2021,4.1,4,4.2,1.1,0.9,1.3,5.2,12.7,1830,51.8,1.36,1.006,154,2.82,2.96,3.18,2
1000,2021-02-08,2021,2021,4.5,4.4,4.7,0.9,0.6,1.1,5.4,12.7,1800,51,1.35,1.005,113,2.81,2.93,3.52,2
1001,2021-02-09,2021,2021,4.4,4.3,4.5,0.8,0.6,1,5.2,12.7,1770,50.1,1.34,1.004,97,2.78,2.96,3.15,2
1002,2021-02-10,2021,2021,NA,NA,NA,NA,NA,NA,NA,12.7,1750,49.6,1.33,1.005,151,2.1,3.09,3.45,2
1003,2021-02-11,2021,2021,3.1,3,3.3,-0.2,-0.4,0.1,3,12.7,1760,49.8,1.34,1.001,47,3.05,3.28,4.1,2
1004,2021-02-12,2021,2021,4.2,4.2,4.3,0.2,0.1,0.3,4.5,12.7,1860,52.7,1.37,0.998,65,3.08,3.31,3.7,0
1005,2021-02-13,2021,2021,3.8,3.8,3.9,0.5,0.4,0.6,4.3,12.4,2110,59.7,1.45,0.997,105,3.14,3.62,4.79,0
1006,2021-02-14,2021,2021,3,2.9,3.1,0.4,0.3,0.6,3.4,12.4,2190,62,1.47,1.002,62,3.35,3.66,4.11,2
1007,2021-02-15,2021,2021,3.1,3.1,3.2,0.9,0.8,1,4,12.2,2460,69.7,1.55,1,63,3.68,4.15,6.05,2
1008,2021-02-16,2021,2021,3.7,3.7,3.8,1.9,1.8,2.1,5.7,12.1,2620,74.2,1.6,1.005,134,3.81,4.1,4.99,2
1009,2021-02-17,2021,2021,4.3,4.2,4.4,2.2,2.1,2.4,6.5,12.2,2450,69.4,1.55,1.008,156,3.46,3.85,4.33,2
1010,2021-02-18,2021,2021,1.9,1.8,2,1.6,1.5,1.8,3.6,12.3,2330,66,1.51,1.01,41,3.2,3.5,4.13,2
1011,2021-02-19,2021,2021,3.8,3.7,3.9,1.3,1.1,1.5,5.1,12.2,2500,70.8,1.56,1.008,88,3.22,3.53,4.26,2
1012,2021-02-20,2021,2021,3.8,3.7,3.9,2.8,2.7,3,6.6,12.1,2550,72.2,1.58,1.005,147,3.33,3.57,4.65,2
1013,2021-02-21,2021,2021,4.4,4.4,4.5,3.2,3,3.3,7.6,12.2,2410,68.2,1.54,1.017,105,3.21,3.46,4.2,2
1014,2021-02-22,2021,2021,4.7,4.5,4.8,2,1.7,2.2,6.6,12.3,2300,65.1,1.51,1.011,174,3.16,3.35,3.68,2
1015,2021-02-23,2021,2021,4.8,4.7,5,1.5,1.2,1.7,6.3,12.4,2220,62.9,1.48,1.005,192,3.16,3.38,4.47,2
1016,2021-02-24,2021,2021,4.6,4.4,4.8,2.3,2,2.5,6.9,12.4,2140,60.6,1.46,1.003,196,3.15,3.36,5.32,2
1017,2021-02-25,2021,2021,4.8,4.6,5.1,1.6,1.3,2,6.5,12.5,2080,58.9,1.44,1.008,190,3.24,3.43,3.97,2
1018,2021-02-26,2021,2021,4.8,4.7,5,0.9,0.6,1.1,5.7,12.5,2030,57.5,1.42,1.004,131,3.28,3.47,4.39,2
1019,2021-02-27,2021,2021,5.1,5,5.2,1.1,0.9,1.2,6.2,12.6,1970,55.8,1.4,1.002,191,3.23,3.45,3.95,2
1020,2021-02-28,2021,2021,5.6,5.4,5.8,0.4,0.1,0.7,6,12.6,1920,54.4,1.39,1.001,198,3.26,3.45,3.68,2
1021,2021-03-01,2021,2021,5.8,5.6,6,-0.7,-1,-0.4,5,12.6,1880,53.2,1.38,0.996,163,3.29,3.52,4.18,0
1022,2021-03-02,2021,2021,6.1,5.9,6.4,-1.3,-1.7,-1,4.8,12.6,1920,54.4,1.39,0.99,204,3.42,3.63,4.16,0
1023,2021-03-03,2021,2021,5.9,5.6,6.1,-1.6,-2,-1.3,4.2,12.6,1900,53.8,1.38,0.986,206,3.55,3.81,4.23,0
1024,2021-03-04,2021,2021,6.3,6.1,6.5,-1.2,-1.5,-0.8,5.1,12.6,1870,53,1.37,0.986,194,3.56,3.72,4.1,0
1025,2021-03-05,2021,2021,4.5,4.2,4.7,-1.4,-1.9,-1,3,12.6,1870,53,1.37,0.988,57,3.54,3.79,4.43,0
1026,2021-03-06,2021,2021,6.2,6,6.3,-0.6,-0.9,-0.4,5.5,12.6,1940,54.9,1.39,0.989,190,3.62,3.96,4.54,0
1027,2021-03-07,2021,2021,7,6.8,7.1,-1,-1.2,-0.7,6,12.6,1910,54.1,1.39,0.993,198,3.52,3.77,4.42,0
1028,2021-03-08,2021,2021,5,4.8,5.2,-0.9,-1.3,-0.6,4.1,12.6,1900,53.8,1.38,0.988,122,3.53,3.78,4.35,0
1029,2021-03-09,2021,2021,5.4,5.2,5.6,-0.9,-1.3,-0.5,4.5,12.6,1870,53,1.37,0.992,136,3.55,3.79,4.86,0
1030,2021-03-10,2021,2021,6.3,6.2,6.5,-1.1,-1.4,-0.8,5.3,12.7,1850,52.4,1.37,0.989,182,3.55,3.77,4.1,0
1031,2021-03-11,2021,2021,6.6,6.4,6.7,-0.3,-0.6,-0.1,6.2,12.7,1820,51.5,1.36,0.99,225,3.37,3.71,4.11,0
1032,2021-03-12,2021,2021,7,6.8,7.2,-0.6,-1,-0.3,6.4,12.7,1800,51,1.35,0.994,231,3.48,3.7,4.45,0
1033,2021-03-13,2021,2021,7.4,7.2,7.7,-1.3,-1.6,-0.9,6.2,12.7,1780,50.4,1.34,0.99,233,3.53,3.76,4.13,0
1034,2021-03-14,2021,2021,4,3.7,4.3,-0.7,-1.2,-0.2,3.2,12.7,1800,51,1.35,0.986,101,3.58,3.83,4.16,0
1035,2021-03-15,2021,2021,6.5,6.3,6.6,-0.3,-0.5,-0.1,6.2,12.7,1810,51.3,1.35,0.99,194,3.55,3.79,4.12,0
1036,2021-03-16,2021,2021,6.6,6.4,6.8,-0.5,-0.8,-0.2,6.1,12.7,1780,50.4,1.34,0.994,240,3.56,3.79,4.34,0
1037,2021-03-17,2021,2021,7.1,6.9,7.4,-2.1,-2.5,-1.7,5.1,12.7,1780,50.4,1.34,0.986,208,3.61,3.86,4.2,0
1038,2021-03-18,2021,2021,5.7,5.5,5.8,-2,-2.2,-1.8,3.7,12.7,1780,50.4,1.34,0.982,135,3.65,3.96,4.49,0
1039,2021-03-19,2021,2021,6.4,6.3,6.6,-0.7,-0.9,-0.4,5.7,12.7,1800,51,1.35,0.987,150,3.69,4.01,4.73,0
1040,2021-03-20,2021,2021,6.7,6.4,6.9,0.2,-0.2,0.6,6.9,12.7,1780,50.4,1.34,0.991,206,3.72,3.97,4.57,0
1041,2021-03-21,2021,2021,8,7.8,8.3,-0.4,-0.8,0,7.6,12.7,1780,50.4,1.34,0.996,234,3.73,3.98,4.6,0
1042,2021-03-22,2021,2021,7.3,7.1,7.5,-1.6,-2,-1.2,5.7,12.7,1770,50.1,1.34,0.988,117,3.75,3.98,4.57,0
1043,2021-03-23,2021,2021,8.4,8.2,8.5,-1.1,-1.3,-0.8,7.3,12.7,1760,49.8,1.34,0.985,255,3.78,4.04,4.62,0
1044,2021-03-24,2021,2021,8.5,8.2,8.8,-2.8,-3.4,-2.3,5.7,12.7,1750,49.6,1.33,0.982,177,3.78,4.09,4.8,0
1045,2021-03-25,2021,2021,7.7,7.4,7.9,-2,-2.3,-1.6,5.7,12.7,1760,49.8,1.34,0.975,145,3.76,4.05,4.48,0
1046,2021-03-26,2021,2021,9,8.9,9.2,-1.9,-2.1,-1.7,7.1,12.7,1740,49.3,1.33,0.979,262,3.75,4.06,4.58,0
1047,2021-03-27,2021,2021,10,9.8,10.2,-2.5,-2.8,-2.1,7.5,12.7,1730,49,1.32,0.983,267,3.7,3.95,4.26,0
1048,2021-03-28,2021,2021,10.6,10.4,10.8,-3,-3.2,-2.7,7.6,12.7,1760,49.8,1.34,0.978,266,3.66,4.07,4.65,0
1049,2021-03-29,2021,2021,10.4,10.2,10.6,-2.1,-2.4,-1.8,8.3,12.7,1800,51,1.35,0.975,273,3.64,3.99,4.53,0
1050,2021-03-30,2021,2021,10.4,10.2,10.6,-2,-2.3,-1.8,8.4,12.7,1820,51.5,1.36,0.982,274,3.63,3.98,4.48,0
1051,2021-03-31,2021,2021,11.4,11.2,11.6,-4,-4.3,-3.7,7.4,12.7,1820,51.5,1.36,0.974,280,3.59,3.98,4.81,0
1052,2021-04-01,2021,2021,NA,NA,NA,NA,NA,NA,NA,12.7,1840,52.1,1.36,0.971,276,3.91,4.23,4.64,0
1053,2021-04-02,2021,2021,NA,NA,NA,NA,NA,NA,NA,12.4,2220,62.9,1.48,-Inf,260,Inf,NA,-Inf,0
1054,2021-04-03,2021,2021,NA,NA,NA,NA,NA,NA,NA,12.4,2210,62.6,1.48,-Inf,226,Inf,NA,-Inf,0
1055,2021-04-04,2021,2021,NA,NA,NA,NA,NA,NA,NA,12.3,2260,64,1.49,-Inf,264,Inf,NA,-Inf,0
1056,2021-04-05,2021,2021,NA,NA,NA,NA,NA,NA,NA,12.3,2320,65.7,1.51,-Inf,289,Inf,NA,-Inf,0
1057,2021-04-06,2021,2021,NA,NA,NA,NA,NA,NA,NA,12.3,2320,65.7,1.51,0.975,286,4.28,4.42,4.76,0
1058,2021-04-07,2021,2021,11.1,11,11.3,-3.4,-3.7,-3.1,7.8,12.3,2320,65.7,1.51,0.973,289,4.07,4.4,4.79,0
1059,2021-04-08,2021,2021,11.3,11.2,11.5,-2.9,-3.2,-2.7,8.4,12.3,2340,66.3,1.52,0.975,292,4.1,4.42,4.91,0
1060,2021-04-09,2021,2021,11.9,11.7,12.1,-4,-4.3,-3.7,7.9,12.3,2320,65.7,1.51,0.975,294,4.03,4.28,4.81,0
1061,2021-04-10,2021,2021,11.9,11.7,12.1,-3.6,-3.9,-3.3,8.3,12.3,2310,65.4,1.51,0.973,296,3.77,4.22,4.76,0
1062,2021-04-11,2021,2021,12.1,12,12.3,-4.7,-4.9,-4.4,7.4,12.3,2300,65.1,1.51,0.97,300,3.9,4.19,4.83,0
1063,2021-04-12,2021,2021,12.4,12.2,12.6,-5.2,-5.4,-4.9,7.2,12.3,2310,65.4,1.51,0.965,304,3.78,4.09,4.81,0
1064,2021-04-13,2021,2021,11.6,11.3,11.9,-4.5,-4.9,-4,7.1,12.3,2300,65.1,1.51,0.965,297,3.7,4.02,4.55,0
1065,2021-04-14,2021,2021,12.1,11.9,12.3,-4.4,-4.7,-4.2,7.6,12.3,2240,63.4,1.49,0.97,305,3.73,3.99,4.83,0
1066,2021-04-15,2021,2021,12.7,12.5,12.9,-4.8,-5.2,-4.5,7.9,12.4,2210,62.6,1.48,0.968,305,3.81,4.03,4.85,0
1067,2021-04-16,2021,2021,13.2,12.9,13.4,-5.2,-5.6,-4.8,8,12.4,2180,61.7,1.47,0.965,302,3.89,4.13,4.86,0
1068,2021-04-17,2021,2021,13.5,13.3,13.8,-5.1,-5.5,-4.7,8.4,12.4,2200,62.3,1.48,0.964,312,3.99,4.21,4.89,0
1069,2021-04-18,2021,2021,14.4,14.2,14.6,-6.2,-6.6,-5.9,8.2,12.4,2220,62.9,1.48,0.962,310,3.92,4.16,4.54,0
1070,2021-04-19,2021,2021,13.9,13.6,14.1,-5.7,-6.1,-5.3,8.2,12.3,2300,65.1,1.51,0.96,297,4.03,4.34,4.94,0
1071,2021-04-20,2021,2021,10.4,10.1,10.6,-4.3,-4.7,-3.9,6.1,12.2,2390,67.7,1.53,0.959,266,4.14,4.45,4.88,0
1072,2021-04-21,2021,2021,13.3,13,13.5,-6.4,-6.8,-6.1,6.8,12.2,2450,69.4,1.55,0.966,317,4.1,4.41,4.73,0
1073,2021-04-22,2021,2021,13.3,13,13.6,-6.6,-7,-6.2,6.7,12.2,2430,68.8,1.54,0.957,315,4.15,4.47,4.87,0
1074,2021-04-23,2021,2021,13.4,13.2,13.6,-6.9,-7.2,-6.6,6.5,12.2,2400,68,1.53,0.956,267,4.02,4.36,4.89,0
1075,2021-04-24,2021,2021,9.6,9.3,9.9,-5.8,-6.2,-5.4,3.8,12.2,2400,68,1.53,0.956,166,4.12,4.36,4.73,0
1076,2021-04-25,2021,2021,7.8,7.4,8.2,-3.7,-4.3,-3.1,4.1,12.2,2400,68,1.53,0.963,165,4.11,4.34,4.58,0
1077,2021-04-26,2021,2021,10.1,9.9,10.3,-3.8,-4.1,-3.5,6.3,12.3,2370,67.1,1.53,0.974,215,4.07,4.37,4.73,0
1078,2021-04-27,2021,2021,12.6,12.4,12.8,-4.9,-5.3,-4.6,7.7,12.3,2260,64,1.49,0.974,332,4.16,4.3,4.51,0
1079,2021-04-28,2021,2021,13.6,13.3,13.8,-5.8,-6.2,-5.5,7.7,12.4,2200,62.3,1.48,0.964,328,4.29,4.45,4.7,0
1080,2021-04-29,2021,2021,14.2,13.9,14.5,-7,-7.4,-6.6,7.2,12.4,2200,62.3,1.48,0.955,313,4.17,4.56,4.96,0
1081,2021-04-30,2021,2021,13.5,13.3,13.7,-7.1,-7.4,-6.8,6.4,12.3,2250,63.7,1.49,0.954,284,4.3,4.54,4.97,0
1082,2021-05-01,2021,2021,11.6,11.1,12.1,-7.5,-8.2,-6.8,4.1,12.2,2380,67.4,1.53,0.952,253,4.36,4.56,4.92,0
1083,2021-05-02,2021,2021,13.4,13.1,13.6,-7.5,-7.8,-7.1,5.9,12.2,2380,67.4,1.53,0.953,313,4.11,4.4,4.68,0
1084,2021-05-03,2021,2021,13.2,13.1,13.3,-7.4,-7.6,-7.2,5.8,12.3,2370,67.1,1.53,0.953,328,4.19,4.39,4.61,0
1085,2021-05-04,2021,2021,14,13.8,14.2,-9,-9.3,-8.6,5,12.3,2310,65.4,1.51,0.947,339,4.14,4.37,4.87,0
1086,2021-05-05,2021,2021,14.5,14.2,14.7,-10.3,-10.7,-10,4.1,12.3,2290,64.8,1.5,0.939,329,3.85,4.22,4.74,0
1087,2021-05-06,2021,2021,13.4,13.1,13.8,-8.2,-8.7,-7.7,5.2,12.3,2310,65.4,1.51,0.936,308,3.87,4.11,4.57,0
1088,2021-05-07,2021,2021,13.1,12.8,13.4,-6.3,-6.7,-5.9,6.8,12.3,2310,65.4,1.51,0.948,345,3.92,4.16,4.48,0
1089,2021-05-08,2021,2021,13.1,12.9,13.2,-6.5,-6.7,-6.2,6.6,12.3,2250,63.7,1.49,0.96,316,3.94,4.18,4.38,0
1090,2021-05-09,2021,2021,14,13.8,14.3,-7.9,-8.4,-7.5,6.1,12.4,2160,61.2,1.46,0.952,335,4.06,4.23,4.85,0
1091,2021-05-10,2021,2021,14.9,14.6,15.1,-8.9,-9.3,-8.5,6,12.5,2090,59.2,1.44,0.946,346,3.97,4.17,4.45,0
1092,2021-05-11,2021,2021,15.7,15.4,16.1,-10.4,-10.9,-10,5.3,12.5,2030,57.5,1.42,0.939,345,3.78,4.18,4.67,0
1093,2021-05-12,2021,2021,16.6,16.3,16.9,-10.9,-11.4,-10.5,5.7,12.5,2040,57.8,1.43,0.937,343,4.09,4.27,4.67,0
1094,2021-05-13,2021,2021,17.6,17.2,17.9,-11.6,-12.1,-11.1,5.9,12.5,2070,58.6,1.44,0.933,343,4.18,4.52,4.91,0
1095,2021-05-14,2021,2021,17.5,17.1,17.9,-12.1,-12.7,-11.6,5.4,12.4,2120,60,1.45,0.929,301,4.01,4.31,4.78,0
1096,2021-05-15,2021,2021,17.3,17,17.7,-11.8,-12.3,-11.3,5.6,12.4,2160,61.2,1.46,0.929,345,3.52,3.91,4.59,0
1097,2021-05-16,2021,2021,17.3,17,17.5,-11.3,-11.8,-10.9,5.9,12.4,2140,60.6,1.46,0.929,354,3.45,3.76,4.35,0
1098,2021-05-17,2021,2021,17,16.6,17.3,-10.4,-10.9,-9.9,6.6,12.5,2090,59.2,1.44,0.93,339,3.25,3.56,4.09,0
1099,2021-05-18,2021,2021,17.2,16.8,17.5,-10,-10.4,-9.5,7.2,12.5,2040,57.8,1.43,0.937,349,3.35,3.59,4.41,0
1100,2021-05-19,2021,2021,13.6,13.1,14.1,-8.5,-9.2,-7.8,5.1,12.6,1960,55.5,1.4,0.937,252,3.13,3.35,3.81,0
1101,2021-05-20,2021,2021,10.9,10.7,11.2,-4.6,-5,-4.2,6.4,12.6,1910,54.1,1.39,0.948,205,2.91,3.21,3.51,0
1102,2021-05-21,2021,2021,12.7,12.4,13,-5.7,-6.2,-5.2,7,12.6,1880,53.2,1.38,0.966,228,3.12,3.37,3.7,0
1103,2021-05-22,2021,2021,14.2,13.9,14.4,-7.1,-7.5,-6.8,7,12.7,1830,51.8,1.36,0.956,246,3.16,3.46,3.7,0
1104,2021-05-23,2021,2021,17.1,16.9,17.3,-9,-9.4,-8.7,8.1,12.7,1790,50.7,1.35,0.944,359,3.09,3.3,4.38,0
1105,2021-05-24,2021,2021,16.8,16.5,17.1,-9.9,-10.4,-9.5,6.9,12.7,1750,49.6,1.33,0.939,310,3.08,3.4,3.7,0
1106,2021-05-25,2021,2021,17.4,17,17.8,-9.5,-10.1,-8.9,7.9,12.7,1740,49.3,1.33,0.934,292,2.69,3.26,3.66,0
1107,2021-05-26,2021,2021,18.6,18.3,18.8,-10.3,-10.7,-9.9,8.2,12.7,1730,49,1.32,0.935,366,2.88,3.17,3.72,0
1108,2021-05-27,2021,2021,16.7,16.2,17.1,-8.5,-9.1,-7.8,8.2,12.6,1700,48.1,1.31,0.929,242,3.01,3.25,3.73,0
1109,2021-05-28,2021,2021,19,18.7,19.2,-11.7,-12.1,-11.3,7.3,12.6,1680,47.6,1.31,0.926,373,3.09,3.39,3.64,0
1110,2021-05-29,2021,2021,19.4,19.1,19.8,-12.9,-13.4,-12.4,6.5,12.5,1650,46.7,1.3,0.917,365,2.98,3.33,3.93,0
1111,2021-05-30,2021,2021,19.8,19.4,20.2,-13.5,-14,-12.9,6.3,12.5,1640,46.4,1.29,0.912,359,3.03,3.34,3.89,0
1112,2021-05-31,2021,2021,19.6,19.4,19.9,-14.4,-14.8,-14.1,5.2,12.5,1620,45.9,1.29,0.907,338,2.91,3.21,4.05,0
1113,2021-06-01,2021,2021,20.3,19.9,20.7,-16,-16.6,-15.5,4.3,12.4,1610,45.6,1.28,0.898,360,2.75,3.11,4.03,0
1114,2021-06-02,2021,2021,19.7,19.4,20.1,-16.4,-16.9,-15.9,3.3,12,1500,42.5,1.24,0.888,356,2.27,2.71,4.31,0
1115,2021-06-03,2021,2021,18.9,18.5,19.4,-15.9,-16.5,-15.3,3.1,11.8,1460,41.3,1.23,0.88,360,1.92,2.29,3.02,0
1116,2021-06-04,2021,2021,18.2,17.8,18.7,-14.7,-15.2,-14.1,3.6,11.6,1430,40.5,1.22,0.884,363,1.94,2.25,3.88,0
1117,2021-06-05,2021,2021,17,16.6,17.5,-13,-13.6,-12.4,4,11.5,1410,39.9,1.21,0.887,371,1.88,2.21,3.16,0
1118,2021-06-06,2021,2021,15.7,15.4,16,-11.5,-12,-11.1,4.2,11.3,1390,39.4,1.2,0.899,364,1.84,2.16,2.67,0
1119,2021-06-07,2021,2021,12.8,12.5,13.2,-9.5,-10,-8.9,3.3,11.2,1370,38.8,1.19,0.909,283,1.75,2.11,3.87,0
1120,2021-06-08,2021,2021,13.5,13.1,14,-7.8,-8.4,-7.1,5.8,11.2,1360,38.5,1.19,0.92,356,1.72,1.98,2.92,0
1121,2021-06-09,2021,2021,9.7,9.1,10.3,-7.2,-8,-6.3,2.5,11.2,1370,38.8,1.19,0.934,204,1.76,1.98,2.29,0
1122,2021-06-10,2021,2021,14.8,14.5,15.1,-8.3,-8.7,-7.8,6.5,11.3,1390,39.4,1.2,0.944,340,1.79,2.04,2.34,0
1123,2021-06-11,2021,2021,8.3,8.1,8.5,-6.8,-7.1,-6.5,1.5,11.2,1370,38.8,1.19,0.928,109,1.79,2.06,2.48,0
1124,2021-06-12,2021,2021,14.3,14,14.5,-10.1,-10.5,-9.7,4.2,11.6,1430,40.5,1.22,0.937,220,1.84,2.1,2.49,0
1125,2021-06-13,2021,2021,14.9,14.5,15.3,-11.3,-11.8,-10.8,3.6,11.2,1360,38.5,1.19,0.921,281,1.85,2.08,2.32,0
1126,2021-06-14,2021,2021,15.7,15.1,16.3,-10.5,-11.3,-9.6,5.2,11,1330,37.7,1.18,0.903,298,1.88,2.09,2.44,0
1127,2021-06-15,2021,2021,16.1,15.5,16.7,-9.7,-10.6,-8.9,6.3,11,1330,37.7,1.18,0.909,367,1.85,2.02,3.3,0
1128,2021-06-16,2021,2021,17.1,16.6,17.5,-11.5,-12.2,-10.9,5.5,10.7,1300,36.8,1.16,0.915,378,1.78,2.1,2.41,0
1129,2021-06-17,2021,2021,18.1,17.6,18.6,-13.3,-14,-12.6,4.8,10.6,1280,36.2,1.16,0.898,374,1.86,2.14,2.49,0
1130,2021-06-18,2021,2021,18.3,17.8,18.9,-14.1,-15,-13.3,4.2,10.4,1250,35.4,1.14,0.883,375,1.87,2.14,2.94,0
1131,2021-06-19,2021,2021,18.7,18.1,19.2,-15,-15.8,-14.2,3.7,10.3,1240,35.1,1.14,0.876,371,1.91,2.18,2.47,0
1132,2021-06-20,2021,2021,18.9,18.3,19.6,-15.5,-16.4,-14.6,3.4,10.2,1230,34.8,1.14,0.866,369,1.64,2.15,2.66,0
1133,2021-06-21,2021,2021,18.6,17.9,19.2,-14.8,-15.7,-13.9,3.7,10,1200,34,1.12,0.858,348,1.43,1.67,2.23,0
1134,2021-06-22,2021,2021,17.9,17.3,18.5,-15.7,-16.6,-14.8,2.2,10.1,1210,34.3,1.13,0.86,324,1.57,1.79,2.03,0
1135,2021-06-23,2021,2021,17.9,17.2,18.5,-14.9,-15.8,-13.9,3,10,1200,34,1.12,0.858,341,1.53,1.75,2.01,0
1136,2021-06-24,2021,2021,18.2,17.6,18.7,-14.8,-15.6,-14,3.3,9.9,1190,33.7,1.12,0.871,355,1.38,1.76,2.16,0
1137,2021-06-25,2021,2021,18.3,17.7,18.8,-15.6,-16.4,-14.8,2.7,9.8,1180,33.4,1.12,0.868,362,1.51,1.75,2.11,0
1138,2021-06-26,2021,2021,18.3,17.7,18.8,-16,-16.8,-15.2,2.3,9.8,1170,33.1,1.11,0.859,364,1.51,1.78,2.11,0
1139,2021-06-27,2021,2021,18,17.5,18.5,-17.2,-17.9,-16.4,0.8,9.7,1160,32.8,1.11,0.851,345,1.54,1.79,2.56,0
1140,2021-06-28,2021,2021,17.8,17.2,18.5,-16.9,-17.8,-16,0.9,9.6,1150,32.6,1.1,0.84,346,1.58,1.78,2.2,0
1141,2021-06-29,2021,2021,17.1,16.4,17.7,-15.8,-16.8,-14.9,1.2,9.4,1130,32,1.09,0.843,341,1.47,1.76,2.09,0
1142,2021-06-30,2021,2021,17.7,17.1,18.3,-16.9,-17.7,-16,0.8,9.8,1170,33.1,1.11,0.854,356,1.56,1.83,3.05,0
1143,2021-07-01,2021,2021,17.4,16.9,18,-17,-17.8,-16.2,0.4,9.5,1140,32.3,1.1,0.844,353,1.48,1.84,2.28,0
1144,2021-07-02,2021,2021,16.5,15.9,17.1,-16.3,-17.1,-15.5,0.2,8.7,1040,29.4,1.05,0.837,356,1.4,1.65,2.21,0
1145,2021-07-03,2021,2021,15.7,15.1,16.3,-15.8,-16.7,-14.9,-0.1,8.5,1020,28.9,1.04,0.829,356,1.39,1.6,1.94,0
1146,2021-07-04,2021,2021,15.2,14.5,15.8,-15,-15.9,-14.1,0.2,8.5,1020,28.9,1.04,0.833,364,1.47,1.7,1.95,0
1147,2021-07-05,2021,2021,15,14.4,15.6,-14.3,-15.1,-13.5,0.7,8.5,1020,28.9,1.04,0.845,366,1.56,1.74,2.39,0
1148,2021-07-06,2021,2021,14.3,13.7,14.9,-13.6,-14.4,-12.7,0.7,8.4,1010,28.6,1.04,0.852,363,1.52,1.74,2.2,0
1149,2021-07-07,2021,2021,13.5,12.9,14,-13.8,-14.6,-13.1,-0.4,8.3,1000,28.3,1.04,0.855,369,1.57,1.78,2.49,0
1150,2021-07-08,2021,2021,13.3,12.7,13.9,-13.3,-14.2,-12.5,0,8.3,1000,28.3,1.04,0.846,365,1.28,1.55,2.2,0
1151,2021-07-09,2021,2021,13.1,12.5,13.6,-13.2,-13.9,-12.4,-0.1,8.4,1010,28.6,1.04,0.856,359,1.39,1.64,1.89,0
1152,2021-07-10,2021,2021,13.2,12.7,13.8,-13.6,-14.4,-12.9,-0.4,8.4,1010,28.6,1.04,0.859,361,1.52,1.75,1.99,0
1153,2021-07-11,2021,2021,13.1,12.7,13.5,-14.1,-14.7,-13.4,-1,8.4,1010,28.6,1.04,0.853,344,1.53,1.86,2.83,0
1154,2021-07-12,2021,2021,12.6,12.1,13.1,-13.4,-14.1,-12.8,-0.8,8.3,999,28.3,1.03,0.843,357,1.66,1.94,2.23,0
1155,2021-07-13,2021,2021,12.3,11.9,12.7,-13.2,-13.7,-12.6,-0.9,8.3,1000,28.3,1.04,0.848,336,1.72,2,2.53,0
1156,2021-07-14,2021,2021,12.6,12.2,13,-13.1,-13.7,-12.6,-0.6,8.2,994,28.1,1.03,0.849,351,1.56,1.93,2.44,0
1157,2021-07-15,2021,2021,12.5,12.1,12.9,-13.1,-13.7,-12.6,-0.6,8.2,994,28.1,1.03,0.842,353,1.61,2,2.42,0
1158,2021-07-16,2021,2021,12.7,12.3,13.2,-13.3,-13.9,-12.6,-0.5,8.2,995,28.2,1.03,0.844,355,1.65,2.01,2.47,0
1159,2021-07-17,2021,2021,13,12.6,13.4,-12.8,-13.3,-12.2,0.2,8.2,994,28.1,1.03,0.847,352,0.94,1.32,2.72,0
1160,2021-07-18,2021,2021,13.2,12.8,13.6,-13.1,-13.6,-12.5,0.1,8.2,989,28,1.03,0.846,349,1.1,1.61,2.14,0
1161,2021-07-19,2021,2021,13.3,12.9,13.7,-13,-13.7,-12.4,0.3,8.1,980,27.8,1.03,0.844,343,1.43,1.86,2.42,0
1162,2021-07-20,2021,2021,13.1,12.7,13.5,-12.4,-13,-11.8,0.7,8.1,977,27.7,1.02,0.842,348,1.63,2.09,2.53,0
1163,2021-07-21,2021,2021,13.3,12.9,13.7,-12.6,-13.1,-12,0.7,8.1,984,27.9,1.03,0.854,355,1.82,2.2,3.07,0
1164,2021-07-22,2021,2021,13.4,13,13.8,-11.9,-12.5,-11.3,1.5,8.1,979,27.7,1.03,0.855,354,1.7,2.51,3.13,0
1165,2021-07-23,2021,2021,13.3,13,13.7,-12.2,-12.7,-11.7,1.1,8.2,987,27.9,1.03,0.865,352,2.32,3.05,4.68,0
1166,2021-07-24,2021,2021,13.1,12.8,13.3,-12.4,-12.7,-12.1,0.7,8.1,980,27.8,1.03,0.856,319,2.8,3.69,4.64,0
1167,2021-07-25,2021,2021,11.9,11.6,12.3,-12.8,-13.3,-12.2,-0.8,8.2,993,28.1,1.03,0.837,309,2.74,3.43,5.5,0
1168,2021-07-26,2021,2021,12.2,11.9,12.5,-12.2,-12.6,-11.8,0,8.2,988,28,1.03,0.837,288,2.85,3.63,5.61,0
1169,2021-07-27,2021,2021,3.4,2.7,4.1,-6.6,-7.5,-5.6,-3.2,8.1,981,27.8,1.03,0.841,77,2.7,3.66,4.42,1
1170,2021-07-28,2021,2021,11.2,11,11.5,-9.2,-9.5,-8.8,2.1,8.2,993,28.1,1.03,0.901,334,3.08,4.08,5.08,0
1171,2021-07-29,2021,2021,11.8,11.5,12.1,-11.8,-12.2,-11.4,0,8.3,999,28.3,1.03,0.873,303,3.04,4.01,5.58,0
1172,2021-07-30,2021,2021,8.8,7.8,9.7,-9.9,-11.2,-8.6,-1.1,8.2,989,28,1.03,0.844,213,3.11,4.13,6.9,1
1173,2021-07-31,2021,2021,12,11.6,12.4,-10.8,-11.3,-10.2,1.2,8.3,998,28.3,1.03,0.887,288,2.86,3.75,5.96,0
1174,2021-08-01,2021,2021,10.7,10.2,11.1,-9.7,-10.3,-9.1,0.9,8.2,988,28,1.03,0.865,265,2.5,3.6,4.24,0
1175,2021-08-02,2021,2021,10.2,9.6,10.8,-8.3,-9.1,-7.5,1.9,8.2,991,28.1,1.03,0.873,290,3.13,3.89,4.86,0
1176,2021-08-03,2021,2021,9.8,9.5,10.1,-7.6,-8,-7.2,2.2,8.1,981,27.8,1.03,0.884,281,3.06,3.87,5.8,0
1177,2021-08-04,2021,2021,9.7,9.3,10.2,-7.9,-8.6,-7.3,1.8,8.1,979,27.7,1.03,0.906,274,2.58,4.02,5.51,0
1178,2021-08-05,2021,2021,11.4,11.2,11.5,-7.9,-8.1,-7.7,3.5,8.1,982,27.8,1.03,0.904,274,3.58,4.33,5.49,0
1179,2021-08-06,2021,2021,12.5,12.2,12.8,-10.2,-10.6,-9.8,2.3,8.1,984,27.9,1.03,0.895,320,2.95,4.01,4.92,0
1180,2021-08-07,2021,2021,13.5,13.2,13.8,-11,-11.4,-10.6,2.5,8.1,978,27.7,1.02,0.88,308,2.91,3.66,4.61,0
1181,2021-08-08,2021,2021,13.4,13,13.7,-11.6,-12.2,-11.1,1.7,8.1,983,27.8,1.03,0.869,325,2.47,3.12,4.02,0
1182,2021-08-09,2021,2021,11.7,11.4,12,-10.4,-10.8,-9.9,1.3,8,974,27.6,1.02,0.855,284,2.41,3.07,4.08,0
1183,2021-08-10,2021,2021,12.6,12.3,12.9,-10.9,-11.4,-10.5,1.6,8,971,27.5,1.02,0.869,266,2.41,3.12,3.8,0
1184,2021-08-11,2021,2021,12.3,12.1,12.6,-10.5,-10.8,-10.1,1.9,8.1,977,27.7,1.02,0.872,246,2.52,3.22,4.84,0
1185,2021-08-12,2021,2021,11.5,11.3,11.7,-9.7,-9.9,-9.4,1.8,8.1,976,27.6,1.02,0.848,245,2.73,3.39,4.84,0
1186,2021-08-13,2021,2021,11.4,10.9,11.8,-9.8,-10.4,-9.1,1.6,8.2,989,28,1.03,0.887,226,2.6,3.27,4.83,0
1187,2021-08-14,2021,2021,12.3,12,12.6,-10.1,-10.6,-9.6,2.2,8.2,988,28,1.03,0.896,240,2.48,3.25,4.91,0
1188,2021-08-15,2021,2021,12.8,12.6,13,-10.3,-10.6,-10,2.4,8.2,988,28,1.03,0.887,278,2.44,3.27,5.12,0
1189,2021-08-16,2021,2021,13.9,13.6,14.3,-11.1,-11.6,-10.6,2.8,8.1,980,27.8,1.03,0.878,308,2.3,3.26,5.23,0
1190,2021-08-17,2021,2021,13.4,13.1,13.8,-9.5,-10,-9,3.9,7.9,963,27.3,1.02,0.873,311,2.24,3.06,4.29,0
1191,2021-08-18,2021,2021,13.3,13,13.5,-8.8,-9.2,-8.5,4.5,7.9,960,27.2,1.02,0.893,285,2.25,2.94,3.84,0
1192,2021-08-19,2021,2021,13.8,13.5,14.2,-9.9,-10.4,-9.4,4,8,972,27.5,1.02,0.9,291,2.15,2.86,4.06,0
1193,2021-08-20,2021,2021,14.6,14.2,14.9,-10.6,-11.2,-10.1,3.9,8,973,27.6,1.02,0.888,293,1.9,2.73,4.89,0
1194,2021-08-21,2021,2021,14.4,14.1,14.8,-10.6,-11.1,-10.1,3.9,7.9,964,27.3,1.02,0.878,291,1.62,2.68,4.58,0
1195,2021-08-22,2021,2021,13.5,13.2,13.7,-9.4,-9.8,-9.1,4,7.9,962,27.2,1.02,0.879,294,1.48,2.4,4.42,0
1196,2021-08-23,2021,2021,12.5,12.3,12.7,-9.3,-9.6,-9,3.2,8.1,985,27.9,1.03,0.893,278,1.38,2.08,3.61,0
1197,2021-08-24,2021,2021,12.6,12.4,12.8,-8.9,-9.2,-8.7,3.6,8.1,977,27.7,1.02,0.897,264,1.41,1.85,2.77,0
1198,2021-08-25,2021,2021,11.7,11.5,11.9,-7.8,-8.1,-7.4,3.9,7.9,964,27.3,1.02,0.9,260,1.63,2.01,3.29,0
1199,2021-08-26,2021,2021,13.6,13.2,14,-9.6,-10.2,-9,4,8,968,27.4,1.02,0.91,286,1.39,2.31,4.17,0
1200,2021-08-27,2021,2021,14.4,14.1,14.8,-10.9,-11.5,-10.4,3.5,8,971,27.5,1.02,0.893,289,1.34,1.88,4.69,0
1201,2021-08-28,2021,2021,13.9,13.5,14.3,-10.8,-11.4,-10.2,3.1,8,965,27.3,1.02,0.877,271,1.4,2.01,4.27,0
1202,2021-08-29,2021,2021,13.8,13.5,14.1,-10.5,-10.9,-10.2,3.3,8,967,27.4,1.02,0.877,273,1.14,1.9,3.61,0
1203,2021-08-30,2021,2021,13.7,13.4,14.1,-10.2,-10.7,-9.8,3.5,8,970,27.5,1.02,0.875,275,1.12,1.62,2.87,0
1204,2021-08-31,2021,2021,13.3,13,13.6,-10.1,-10.5,-9.7,3.2,7.9,961,27.2,1.02,0.883,272,1.31,1.9,3.97,0
1205,2021-09-01,2021,2021,12.5,12.3,12.7,-8.8,-9.2,-8.5,3.7,8,965,27.3,1.02,0.882,249,1.64,2.18,4.26,0
1206,2021-09-02,2021,2021,13.2,13,13.4,-8.8,-9.2,-8.5,4.4,8.4,1010,28.6,1.04,0.895,263,1.26,2.01,3.96,0
1207,2021-09-03,2021,2021,12.5,12.3,12.8,-9.1,-9.4,-8.7,3.5,8.7,1040,29.4,1.05,0.903,221,1.67,2.09,3.22,0
1208,2021-09-04,2021,2021,11.2,11,11.3,-8.3,-8.5,-8,2.9,8.6,1030,29.2,1.05,0.901,227,1.64,2.08,3.57,0
1209,2021-09-05,2021,2021,9.6,9.4,9.8,-7.4,-7.7,-7.1,2.1,8.7,1040,29.4,1.05,0.912,238,1.34,1.81,3.44,0
1210,2021-09-06,2021,2021,10.2,10,10.4,-7.8,-8.1,-7.4,2.4,8.6,1030,29.2,1.05,0.921,219,1.52,1.96,3.33,0
1211,2021-09-07,2021,2021,7.5,7.1,7.8,-6.8,-7.3,-6.4,0.6,8.6,1030,29.2,1.05,0.917,211,1.39,2,3.97,0
1212,2021-09-08,2021,2021,10.2,10.1,10.3,-7.2,-7.4,-7,3,8.7,1040,29.4,1.05,0.921,243,1.2,2.16,4.15,0
1213,2021-09-09,2021,2021,8.1,7.7,8.5,-7,-7.6,-6.4,1.1,8.5,1020,28.9,1.04,0.92,166,1.37,2.06,4.11,0
1214,2021-09-10,2021,2021,10,9.8,10.2,-7.9,-8.2,-7.6,2.1,8.7,1050,29.7,1.06,0.92,229,1.76,2.39,3.6,0
1215,2021-09-11,2021,2021,11,10.8,11.2,-8.7,-9,-8.4,2.3,8.7,1050,29.7,1.06,0.909,249,1.73,2.32,3.76,0
1216,2021-09-12,2021,2021,11.5,11.2,11.8,-9.4,-9.8,-9,2.1,8.8,1060,30,1.06,0.902,254,1.81,2.53,4.18,0
1217,2021-09-13,2021,2021,10.9,10.7,11.1,-8.1,-8.5,-7.8,2.8,8.7,1050,29.7,1.06,0.89,248,1.91,2.54,3.86,0
1218,2021-09-14,2021,2021,10.8,10.6,11,-7.8,-8.1,-7.5,3,8.7,1040,29.4,1.05,0.914,250,1.92,2.53,3.57,0
1219,2021-09-15,2021,2021,10.8,10.5,11,-8,-8.4,-7.6,2.7,8.7,1050,29.7,1.06,0.914,243,2.04,2.51,4.29,0
1220,2021-09-16,2021,2021,11,10.8,11.1,-7.9,-8.2,-7.7,3,8.8,1060,30,1.06,0.914,235,1.98,2.58,3.67,0
1221,2021-09-17,2021,2021,9.7,9.6,9.8,-6.8,-6.9,-6.6,2.9,8.7,1050,29.7,1.06,0.916,221,2.37,2.92,3.8,0
1222,2021-09-18,2021,2021,7.7,7.3,8.1,-6.8,-7.4,-6.2,0.9,9.2,1100,31.1,1.08,0.924,126,2,2.47,4.22,0
1223,2021-09-19,2021,2021,9.9,9.6,10.2,-6.1,-6.6,-5.7,3.8,9.5,1140,32.3,1.1,0.935,222,1.69,2.33,3.76,0
1224,2021-09-20,2021,2021,10.1,9.8,10.3,-6.7,-7.1,-6.2,3.4,9.4,1120,31.7,1.09,0.941,245,1.62,2.12,4.18,0
1225,2021-09-21,2021,2021,10.6,10.4,10.9,-7.3,-7.6,-6.9,3.4,9.4,1120,31.7,1.09,0.936,238,1.82,2.21,3.48,0
1226,2021-09-22,2021,2021,10.8,10.5,11,-7.4,-7.7,-7,3.4,9.1,1090,30.9,1.08,0.928,222,2.67,3.57,5.35,0
1227,2021-09-23,2021,2021,10.8,10.5,11.2,-7.8,-8.3,-7.3,3,9.2,1100,31.1,1.08,0.925,238,1.67,2.52,5.87,0
1228,2021-09-24,2021,2021,11.2,10.9,11.4,-8,-8.3,-7.7,3.2,9.1,1090,30.9,1.08,0.923,226,2.13,2.82,3.95,0
1229,2021-09-25,2021,2021,11.1,10.9,11.4,-8,-8.4,-7.7,3.1,9.1,1090,30.9,1.08,0.918,228,2.15,2.67,3.83,0
1230,2021-09-26,2021,2021,10.7,10.4,11.1,-8,-8.5,-7.4,2.8,9.1,1090,30.9,1.08,0.918,231,1.87,2.31,3.09,0
1231,2021-09-27,2021,2021,5.9,5.7,6.1,-5.7,-6,-5.3,0.2,9.2,1100,31.1,1.08,0.921,45,1.68,2.12,3.07,0
1232,2021-09-28,2021,2021,9.5,9.4,9.7,-5.4,-5.7,-5.2,4.1,9.4,1130,32,1.09,0.944,165,1.97,2.41,4.16,0
1233,2021-09-29,2021,2021,9.5,9.1,9.8,-6,-6.5,-5.5,3.4,9.4,1120,31.7,1.09,0.946,223,1.99,2.61,4.19,0
1234,2021-09-30,2021,2021,9.9,9.7,10.2,-6.5,-6.9,-6.1,3.4,9.4,1120,31.7,1.09,0.943,208,1.78,2.3,3.06,0
1235,2021-10-01,2021,2022,10.1,9.8,10.4,-7,-7.5,-6.5,3.2,9.4,1120,31.7,1.09,0.937,221,1.7,2.13,2.96,0
1236,2021-10-02,2021,2022,10.5,10.1,10.8,-7.4,-7.8,-6.9,3.1,9.5,1140,32.3,1.1,0.935,219,1.69,2.14,3.06,0
1237,2021-10-03,2021,2022,10.4,10.1,10.8,-7.6,-8.2,-7.1,2.8,9.5,1140,32.3,1.1,0.932,213,1.57,2.02,2.82,0
1238,2021-10-04,2021,2022,10.4,10.1,10.8,-7.6,-8.1,-7.1,2.8,9.5,1140,32.3,1.1,0.929,197,1.49,1.95,2.47,0
1239,2021-10-05,2021,2022,10.1,9.9,10.4,-6.8,-7.1,-6.4,3.3,9.4,1130,32,1.09,0.927,183,1.5,1.81,2.96,0
1240,2021-10-06,2021,2022,9.7,9.3,10,-6.5,-7,-5.9,3.2,9.5,1140,32.3,1.1,0.936,213,1.38,1.7,2.49,0
1241,2021-10-07,2021,2022,9.6,9.3,9.8,-6.2,-6.6,-5.8,3.4,9.5,1140,32.3,1.1,0.94,196,1.59,2.2,6.45,0
1242,2021-10-08,2021,2022,9.7,9.4,10,-5.7,-6.1,-5.3,4,9.6,1150,32.6,1.1,0.939,162,2.12,2.82,6.31,0
1243,2021-10-09,2021,2022,9.4,9.1,9.7,-5.5,-6,-4.9,3.9,9.6,1150,32.6,1.1,0.945,200,1.71,2,3.56,0
1244,2021-10-10,2021,2022,9.3,8.9,9.6,-5.2,-5.8,-4.6,4.1,9.5,1140,32.3,1.1,0.951,166,1.6,1.97,3.34,0
1245,2021-10-11,2021,2022,8.6,8.3,8.9,-4.4,-4.9,-3.9,4.2,9.4,1130,32,1.09,0.951,188,1.67,2.35,3.63,0
1246,2021-10-12,2021,2022,8.9,8.7,9.1,-4.6,-4.9,-4.3,4.3,9.5,1140,32.3,1.1,0.96,180,1.7,4.56,9.88,0
1247,2021-10-13,2021,2022,9.2,8.8,9.6,-5,-5.6,-4.4,4.2,9.6,1150,32.6,1.1,0.958,182,6.56,8.02,9.28,0
1248,2021-10-14,2021,2022,8.7,8.4,9.1,-4.4,-4.9,-3.8,4.4,9.7,1160,32.8,1.11,0.954,187,2.92,4.82,7.54,0
1249,2021-10-15,2021,2022,8.8,8.4,9.1,-4.9,-5.4,-4.3,3.9,9.7,1160,32.8,1.11,0.96,187,3.14,4.42,5.17,0
1250,2021-10-16,2021,2022,9,8.7,9.4,-5.8,-6.4,-5.3,3.2,9.7,1160,32.8,1.11,0.953,185,2.82,3.76,5.2,0
1251,2021-10-17,2021,2022,7.4,7,7.8,-5.5,-6.1,-4.9,1.9,9.6,1150,32.6,1.1,0.944,109,2.87,3.37,4.32,0
1252,2021-10-18,2021,2022,8.6,8.3,8.9,-5,-5.5,-4.5,3.6,9.7,1160,32.8,1.11,0.951,150,2.68,3.48,4.83,0
1253,2021-10-19,2021,2022,8.3,8.1,8.5,-5.3,-5.6,-5,3,9.8,1170,33.1,1.11,0.951,127,2.4,3.67,5.46,0
1254,2021-10-20,2021,2022,6.8,6.6,7,-4.4,-4.7,-4,2.4,10,1200,34,1.12,0.953,56,3.4,4.31,6.25,0
1255,2021-10-21,2021,2022,6.9,6.6,7.2,-5.3,-5.8,-4.8,1.6,10,1200,34,1.12,0.957,86,2.18,2.76,4.9,0
1256,2021-10-22,2021,2022,7.7,7.6,7.8,-6.3,-6.4,-6.1,1.4,11,1330,37.7,1.18,0.952,84,2.27,3.54,4.24,0
1257,2021-10-23,2021,2022,5.4,5.3,5.5,-5.9,-6.1,-5.7,-0.5,10.8,1300,36.8,1.16,0.951,42,2.29,3.03,4.49,0
1258,2021-10-24,2021,2022,3.3,3.2,3.4,-5.4,-5.6,-5.2,-2.1,11.4,1400,39.6,1.2,0.945,34,2.81,3.44,5.13,0
1259,2021-10-25,2021,2022,3.1,2.9,3.3,-3.9,-4.2,-3.5,-0.8,12.7,1740,49.3,1.33,0.955,75,3.93,6.96,39.76,0
1260,2021-10-26,2021,2022,3.5,3.3,3.6,-3.3,-3.6,-3.1,0.1,12.4,1600,45.3,1.28,0.974,57,4.11,6.44,30.42,0
1261,2021-10-27,2021,2022,5.3,5.2,5.4,-2.6,-2.8,-2.5,2.7,12.1,1530,43.3,1.25,0.978,74,2.91,3.54,4.6,0
1262,2021-10-28,2021,2022,6.2,6,6.4,-3.7,-4,-3.4,2.5,12.1,1540,43.6,1.26,0.97,130,2.33,2.93,4.08,0
1263,2021-10-29,2021,2022,6.5,6.4,6.6,-5,-5.2,-4.8,1.5,11.8,1460,41.3,1.23,0.963,87,2.4,2.87,3.4,0
1264,2021-10-30,2021,2022,5.6,5.4,5.7,-4.9,-5.1,-4.7,0.7,11.5,1420,40.2,1.21,0.959,74,2.29,2.77,3.34,0
1265,2021-10-31,2021,2022,6.3,6.1,6.5,-5.1,-5.4,-4.9,1.1,11.7,1450,41.1,1.22,0.958,118,2.2,2.53,3.3,0
1266,2021-11-01,2021,2022,3.7,3.6,3.8,-3.7,-3.9,-3.5,0,11.5,1410,39.9,1.21,0.959,32,1.96,2.35,3.07,0
1267,2021-11-02,2021,2022,5.6,5.5,5.7,-3.5,-3.7,-3.3,2.1,11.7,1440,40.8,1.22,0.972,86,2.01,2.63,3.26,0
1268,2021-11-03,2021,2022,6.3,6.2,6.4,-4.5,-4.7,-4.3,1.8,11.6,1430,40.5,1.22,0.967,108,2.45,3.05,4.5,0
1269,2021-11-04,2021,2022,6,5.8,6.1,-3.5,-3.8,-3.2,2.5,12.1,1530,43.3,1.25,0.963,49,2.45,2.76,3.6,0
1270,2021-11-05,2021,2022,3.8,3.7,3.9,-2.8,-2.9,-2.7,1.1,12.7,1730,49,1.32,0.973,39,2.89,3.32,4.08,0
1271,2021-11-06,2021,2022,4.5,4.4,4.6,-1.6,-1.8,-1.5,2.8,12.6,1700,48.1,1.31,0.981,84,2.72,3.12,3.82,0
1272,2021-11-07,2021,2022,5.2,5.1,5.3,-1.7,-1.9,-1.5,3.5,12.5,1650,46.7,1.3,0.986,90,2.83,3.42,4.03,0
1273,2021-11-08,2021,2022,4.8,4.5,5.1,-2.6,-3,-2.1,2.2,12.4,1590,45,1.28,0.981,58,2.43,2.8,3.42,0
1274,2021-11-09,2021,2022,4,3.8,4.3,-5.2,-5.6,-4.7,-1.1,12.6,1690,47.9,1.31,0.961,82,2.35,2.75,3.31,0
1275,2021-11-10,2021,2022,4.3,4.2,4.5,-5.6,-5.9,-5.4,-1.3,12.7,1760,49.8,1.34,0.96,65,2.48,2.89,3.65,0
1276,2021-11-11,2021,2022,5.9,5.8,6.1,-5.5,-5.7,-5.3,0.4,12.7,1790,50.7,1.35,0.965,96,2.58,3.03,3.59,0
1277,2021-11-12,2021,2022,4.9,4.6,5.1,-5,-5.4,-4.7,-0.2,12.7,1840,52.1,1.36,0.963,58,2.56,2.93,4.2,0
1278,2021-11-13,2021,2022,5.1,5,5.3,-5.6,-5.8,-5.3,-0.5,12.7,1790,50.7,1.35,0.966,49,2.54,2.85,3.36,0
1279,2021-11-14,2021,2022,4.5,4.3,4.7,-5.5,-5.8,-5.2,-1,12.7,1750,49.6,1.33,0.964,52,2.42,2.7,3.3,0
1280,2021-11-15,2021,2022,4.8,4.6,5,-6.1,-6.4,-5.9,-1.4,12.6,1720,48.7,1.32,0.96,70,2.11,2.44,3.02,0
1281,2021-11-16,2021,2022,4.9,4.7,5,-5.2,-5.5,-5,-0.4,12.6,1710,48.4,1.32,0.96,125,2.11,2.39,3.03,0
1282,2021-11-17,2021,2022,5.5,5.4,5.6,-5,-5.1,-4.9,0.5,12.3,1590,45,1.28,0.958,102,1.82,2.1,2.48,0
1283,2021-11-18,2021,2022,4.9,4.7,5,-5.4,-5.6,-5.2,-0.6,11.9,1490,42.2,1.24,0.96,56,1.82,2.03,2.23,0
1284,2021-11-19,2021,2022,4.8,4.8,4.9,-4.6,-4.7,-4.5,0.2,11.8,1460,41.3,1.23,0.959,94,1.96,2.13,2.48,0
1285,2021-11-20,2021,2022,4.4,4.3,4.6,-3.5,-3.8,-3.3,0.9,11.7,1450,41.1,1.22,0.964,125,2.09,2.32,2.56,0
1286,2021-11-21,2021,2022,4.4,4.2,4.6,-3.5,-3.7,-3.2,1,11.5,1420,40.2,1.21,0.969,119,2.13,2.32,2.93,0
1287,2021-11-22,2021,2022,4.3,4.1,4.5,-4.4,-4.7,-4.1,-0.1,11.4,1400,39.6,1.2,0.967,124,2.25,2.39,2.62,0
1288,2021-11-23,2021,2022,4.2,4,4.3,-4,-4.3,-3.8,0.1,11.4,1400,39.6,1.2,0.964,119,2.32,2.45,2.68,0
1289,2021-11-24,2021,2022,4.4,4.3,4.5,-3.1,-3.2,-2.9,1.3,11.3,1380,39.1,1.2,0.968,109,2.36,2.52,3.11,0
1290,2021-11-25,2021,2022,4.7,4.6,4.9,-3,-3.3,-2.8,1.7,11.2,1360,38.5,1.19,0.974,92,2.28,2.4,2.86,0
1291,2021-11-26,2021,2022,5.2,5.1,5.3,-3.6,-3.8,-3.5,1.6,11.2,1370,38.8,1.19,0.974,68,2.23,2.38,2.8,0
1292,2021-11-27,2021,2022,5.1,4.9,5.3,-4.1,-4.3,-3.8,1,11.2,1360,38.5,1.19,0.971,80,2.2,2.36,2.83,0
1293,2021-11-28,2021,2022,4.4,4.3,4.6,-3.7,-3.9,-3.5,0.7,11.1,1350,38.2,1.18,0.968,91,2.29,2.45,2.62,0
1294,2021-11-29,2021,2022,4.8,4.7,4.9,-3.6,-3.7,-3.4,1.2,11,1340,37.9,1.18,0.972,75,2.3,2.46,3.02,0
1295,2021-11-30,2021,2022,4.2,4,4.4,-3.1,-3.4,-2.8,1.1,11,1340,37.9,1.18,0.972,99,2.39,2.51,2.73,0
1296,2021-12-01,2021,2022,4.4,4.2,4.6,-3.5,-3.8,-3.2,0.9,11,1330,37.7,1.18,0.972,94,2.39,2.54,2.79,0
1297,2021-12-02,2021,2022,4,3.8,4.1,-3.6,-3.8,-3.3,0.4,10.6,1280,36.2,1.16,0.969,105,2.48,2.62,3.04,0
1298,2021-12-03,2021,2022,4,3.9,4.2,-3.7,-3.9,-3.5,0.3,10.6,1280,36.2,1.16,0.969,100,2.7,2.81,3.61,0
1299,2021-12-04,2021,2022,3.9,3.8,4,-3,-3.1,-2.9,0.9,10.6,1280,36.2,1.16,0.97,76,2.85,2.99,3.45,0
1300,2021-12-05,2021,2022,4,3.9,4.1,-2.9,-3.1,-2.7,1.1,10.5,1270,36,1.15,0.979,73,2.8,3.04,3.39,0
1301,2021-12-06,2021,2022,2.9,2.8,3,-3.4,-3.5,-3.3,-0.5,10.5,1270,36,1.15,0.973,18,2.92,3.02,3.22,0
1302,2021-12-07,2021,2022,3.8,3.6,4,-3.9,-4.2,-3.6,-0.1,10.7,1300,36.8,1.16,0.969,88,3.03,3.2,3.7,0
1303,2021-12-08,2021,2022,4.5,4.5,4.6,-4.4,-4.5,-4.3,0.2,10.6,1280,36.2,1.16,0.965,48,3.24,3.36,3.7,0
1304,2021-12-09,2021,2022,4,3.9,4.1,-3.5,-3.6,-3.4,0.5,10.6,1280,36.2,1.16,0.961,90,3.32,3.55,4.05,0
1305,2021-12-10,2021,2022,4.1,4,4.2,-3.2,-3.3,-3.1,0.9,10.7,1290,36.5,1.16,0.965,93,3.05,3.33,3.98,0
1306,2021-12-11,2021,2022,2.2,2.1,2.4,-4.4,-4.7,-4.2,-2.2,10.5,1270,36,1.15,0.953,18,3.1,3.25,3.73,0
1307,2021-12-12,2021,2022,3,2.9,3.1,-5.2,-5.4,-5.1,-2.2,11.2,1370,38.8,1.19,0.955,27,3.35,3.52,3.73,0
1308,2021-12-13,2021,2022,0.8,0.7,0.8,-5.3,-5.4,-5.3,-4.6,11.4,1400,39.6,1.2,0.951,21,3.43,4.38,4.76,0
1309,2021-12-14,2021,2022,3.3,3.2,3.4,-4.1,-4.2,-4,-0.8,11.3,1390,39.4,1.2,0.956,102,3.91,4.12,4.76,0
1310,2021-12-15,2021,2022,1.1,1,1.2,-4.6,-4.8,-4.5,-3.5,11.3,1380,39.1,1.2,0.958,41,4.04,4.27,4.46,0
1311,2021-12-16,2021,2022,3.7,3.6,3.8,-2.9,-3,-2.8,0.8,11.3,1380,39.1,1.2,0.967,98,4.32,4.54,5.08,0
1312,2021-12-17,2021,2022,3.6,3.5,3.6,-2.4,-2.5,-2.4,1.1,11.1,1350,38.2,1.18,0.98,48,4.47,4.72,5.16,0
1313,2021-12-18,2021,2022,3.8,3.8,3.9,-2.9,-3,-2.8,0.9,11,1340,37.9,1.18,0.978,39,4.72,4.85,5.28,0
1314,2021-12-19,2021,2022,3.5,3.5,3.6,-3.6,-3.7,-3.5,0,11,1340,37.9,1.18,0.971,50,4.8,4.98,5.2,0
1315,2021-12-20,2021,2022,3.8,3.7,3.9,-3.5,-3.6,-3.4,0.3,11.1,1350,38.2,1.18,0.97,74,4.89,5.03,5.25,0
1316,2021-12-21,2021,2022,2.6,2.4,2.7,-3,-3.2,-2.7,-0.4,11,1340,37.9,1.18,0.97,36,4.87,5.03,5.29,0
1317,2021-12-22,2021,2022,2.8,2.6,3,-4.3,-4.6,-3.9,-1.5,11.2,1370,38.8,1.19,0.967,33,4.9,5.06,6.31,0
1318,2021-12-23,2021,2022,2.9,2.9,3,-5.9,-6,-5.9,-3,12.7,1730,49,1.32,0.962,45,4.71,5.74,6.89,0
1319,2021-12-24,2021,2022,1.4,1.3,1.4,-5.8,-5.9,-5.7,-4.4,12.7,1740,49.3,1.33,0.957,45,4.72,5.46,6.02,0
1320,2021-12-25,2021,2022,3.4,3.3,3.5,-6.3,-6.4,-6.2,-2.9,12.6,1700,48.1,1.31,0.952,44,4.86,5.1,5.48,0
1321,2021-12-26,2021,2022,1.2,1.2,1.3,-5.9,-5.9,-5.8,-4.7,12.5,1630,46.2,1.29,0.948,16,5.01,5.43,5.81,0
1322,2021-12-27,2021,2022,3.4,3.3,3.5,-5.1,-5.4,-4.9,-1.8,12.2,1560,44.2,1.26,0.955,59,4.94,5.4,5.66,0
1323,2021-12-28,2021,2022,3.8,3.8,3.8,-5.6,-5.7,-5.5,-1.8,12.1,1520,43,1.25,0.956,86,5.04,5.39,6.24,0
1324,2021-12-29,2021,2022,3.1,3,3.2,-4.7,-4.9,-4.6,-1.6,11.9,1480,41.9,1.23,0.956,104,4.66,5.25,5.89,0
1325,2021-12-30,2021,2022,4,3.9,4,-4.3,-4.4,-4.2,-0.4,11.8,1460,41.3,1.23,0.966,79,3.96,4.43,4.93,0
1326,2021-12-31,2021,2022,3.6,3.6,3.7,-3.6,-3.7,-3.5,0,11.5,1410,39.9,1.21,0.965,80,4.14,4.48,4.93,0
1327,2022-01-01,2022,2022,3.1,3,3.2,-2.4,-2.6,-2.2,0.7,11.5,1420,40.2,1.21,0.972,107,4.18,4.35,4.82,0
1328,2022-01-02,2022,2022,3.2,3.1,3.4,-3.5,-3.8,-3.2,-0.2,11.4,1390,39.4,1.2,0.974,100,4.36,4.58,5.93,0
1329,2022-01-03,2022,2022,1.2,1.1,1.2,-4,-4.1,-3.9,-2.9,12.2,1540,43.6,1.26,0.969,71,4.46,4.64,5.99,0
1330,2022-01-04,2022,2022,2.1,2,2.1,-3.3,-3.4,-3.2,-1.2,12.4,2120,60,1.45,0.977,55,5.61,5.99,6.64,0
1331,2022-01-05,2022,2022,2.8,2.7,2.9,-3.1,-3.2,-3,-0.3,12.4,2190,62,1.47,0.983,81,5.5,6.58,8.76,0
1332,2022-01-06,2022,2022,3.5,3.4,3.6,-4.7,-4.9,-4.6,-1.2,12.3,2330,66,1.51,0.97,82,4.76,5.3,5.89,0
1333,2022-01-07,2022,2022,2.4,2.3,2.5,-4.2,-4.4,-4,-1.8,12.1,2690,76.2,1.62,0.967,84,4.73,6.54,8.13,0
1334,2022-01-08,2022,2022,2.3,2.2,2.4,-2.3,-2.5,-2.2,0,12.1,2650,75,1.6,0.975,108,4.61,5.13,7,0
1335,2022-01-09,2022,2022,2.4,2.3,2.5,-1.9,-2,-1.7,0.5,12.2,2430,68.8,1.54,0.983,111,4.65,5.02,5.5,0
1336,2022-01-10,2022,2022,2.9,2.8,3.1,-2,-2.3,-1.8,0.9,12.4,2220,62.9,1.48,0.987,98,4.42,4.62,5.06,0
1337,2022-01-11,2022,2022,3.5,3.5,3.6,-2.3,-2.5,-2.2,1.2,12.5,2090,59.2,1.44,0.986,83,4.27,4.45,4.62,0
1338,2022-01-12,2022,2022,3.8,3.6,3.9,-3,-3.3,-2.8,0.7,12.6,1920,54.4,1.39,0.979,101,3.93,4.25,4.61,0
1339,2022-01-13,2022,2022,3.9,3.8,3.9,-2.5,-2.6,-2.4,1.4,12.7,1860,52.7,1.37,0.977,80,3.88,4.06,4.26,0
1340,2022-01-14,2022,2022,3.7,3.5,3.8,-2.6,-2.8,-2.3,1.1,12.7,1860,52.7,1.37,0.982,116,3.76,3.94,4.19,0
1341,2022-01-15,2022,2022,3.6,3.5,3.8,-2.9,-3.1,-2.6,0.8,12.7,1840,52.1,1.36,0.979,116,3.79,3.97,4.4,0
1342,2022-01-16,2022,2022,3.6,3.4,3.7,-3.6,-3.8,-3.3,0,12.7,1840,52.1,1.36,0.976,115,3.96,4.25,4.63,0
1343,2022-01-17,2022,2022,3.8,3.7,3.9,-3.9,-4,-3.7,-0.1,12.7,1790,50.7,1.35,0.975,103,4.08,4.38,4.67,0
1344,2022-01-18,2022,2022,3.7,3.6,3.8,-3.4,-3.6,-3.2,0.3,12.7,1760,49.8,1.34,0.974,95,4.07,4.31,4.8,0
1345,2022-01-19,2022,2022,4.2,4.1,4.3,-2.7,-2.8,-2.5,1.5,12.7,1750,49.6,1.33,0.981,103,4.1,4.39,4.6,0
1346,2022-01-20,2022,2022,4.4,4.3,4.4,-2.7,-2.9,-2.6,1.6,12.7,1740,49.3,1.33,0.981,109,4.19,4.35,4.57,0
1347,2022-01-21,2022,2022,4.2,4,4.3,-2.7,-2.9,-2.5,1.5,12.7,1750,49.6,1.33,0.978,123,4.23,4.62,4.99,0
1348,2022-01-22,2022,2022,4.1,4,4.3,-3.3,-3.5,-3.1,0.8,12.7,1740,49.3,1.33,0.977,125,4.25,4.62,5.12,0
1349,2022-01-23,2022,2022,4.3,4.1,4.4,-3.5,-3.7,-3.2,0.8,12.6,1720,48.7,1.32,0.976,127,4.34,4.62,5,0
1350,2022-01-24,2022,2022,4.3,4.2,4.5,-3.9,-4.1,-3.6,0.5,12.6,1720,48.7,1.32,0.974,128,4.41,4.69,4.96,0
1351,2022-01-25,2022,2022,4.2,4.1,4.4,-3.8,-4,-3.6,0.4,12.6,1710,48.4,1.32,0.972,133,4.57,4.82,5.04,0
1352,2022-01-26,2022,2022,4.1,4,4.2,-3.5,-3.7,-3.4,0.5,12.6,1670,47.3,1.3,0.97,135,4.69,4.91,5.44,0
1353,2022-01-27,2022,2022,4.3,4.2,4.4,-3.2,-3.4,-3,1.1,12.6,1660,47,1.3,0.975,136,4.71,4.92,5.32,0
1354,2022-01-28,2022,2022,4.5,4.4,4.6,-3.1,-3.3,-2.9,1.4,12.5,1620,45.9,1.29,0.978,135,4.77,4.98,5.17,0
1355,2022-01-29,2022,2022,4.5,4.3,4.6,-3.4,-3.6,-3.1,1.1,12.4,1610,45.6,1.28,0.977,136,4.87,5.01,5.39,0
1356,2022-01-30,2022,2022,4.8,4.7,5,-3.4,-3.7,-3.2,1.4,12.4,1590,45,1.28,0.975,94,4.85,5.03,5.27,0
1357,2022-01-31,2022,2022,4.9,4.7,5.1,-3.3,-3.6,-3,1.6,12.4,1590,45,1.28,0.977,137,5,5.14,5.38,0
1358,2022-02-01,2022,2022,4.7,4.6,4.8,-3.1,-3.3,-3,1.6,12.3,1570,44.5,1.27,0.973,145,5.09,5.33,5.57,0
1359,2022-02-02,2022,2022,4.8,4.6,5,-3,-3.3,-2.6,1.9,12.2,1550,43.9,1.26,0.978,138,4.84,5.06,5.37,0
1360,2022-02-03,2022,2022,4.8,4.7,5,-2.8,-3.1,-2.6,2,12.1,1530,43.3,1.25,0.976,140,4.48,4.82,5.23,0
1361,2022-02-04,2022,2022,5.3,5.2,5.5,-2.5,-2.8,-2.3,2.8,12,1500,42.5,1.24,0.979,126,4.56,4.81,5.34,0
1362,2022-02-05,2022,2022,5.3,5.2,5.5,-2.8,-3.1,-2.6,2.5,11.9,1490,42.2,1.24,0.979,150,4.82,5.11,5.37,0
1363,2022-02-06,2022,2022,5.4,5.2,5.5,-3.2,-3.5,-2.9,2.2,11.8,1470,41.6,1.23,0.977,154,5.14,5.34,5.69,0
1364,2022-02-07,2022,2022,5.8,5.6,5.9,-2.8,-3,-2.6,3,11.9,1480,41.9,1.23,0.976,148,5.33,5.6,5.95,0
1365,2022-02-08,2022,2022,5.6,5.4,5.8,-2.8,-3.1,-2.5,2.8,11.9,1480,41.9,1.23,0.978,154,5.44,5.63,6.24,0
1366,2022-02-09,2022,2022,6,5.8,6.2,-3.3,-3.6,-3,2.7,11.9,1490,42.2,1.24,0.978,150,5.45,5.67,6.07,0
1367,2022-02-10,2022,2022,6.4,6.2,6.6,-4.2,-4.5,-3.9,2.3,12.1,1530,43.3,1.25,0.974,158,5.48,5.74,6.13,0
1368,2022-02-11,2022,2022,6.6,6.4,6.7,-4.5,-4.7,-4.2,2.1,12.4,1600,45.3,1.28,0.969,163,5.12,5.57,6.18,0
1369,2022-02-12,2022,2022,6.5,6.3,6.7,-4.4,-4.7,-4.1,2.1,12.6,1660,47,1.3,0.966,164,5.11,5.45,5.9,0
1370,2022-02-13,2022,2022,6.9,6.7,7.1,-4.8,-5,-4.5,2.1,12.6,1700,48.1,1.31,0.969,160,5.19,5.49,6.11,0
1371,2022-02-14,2022,2022,6.7,6.5,6.9,-5.7,-6,-5.5,1,12.7,1730,49,1.32,0.962,134,5.17,5.46,6.09,0
1372,2022-02-15,2022,2022,6.5,6.3,6.7,-4.5,-4.8,-4.2,2,12.7,1760,49.8,1.34,0.965,169,5.12,5.46,6.25,0
1373,2022-02-16,2022,2022,6.4,6.3,6.6,-4.1,-4.3,-3.8,2.4,12.6,1710,48.4,1.32,0.967,165,4.97,5.36,5.86,0
1374,2022-02-17,2022,2022,7,6.8,7.2,-4.1,-4.3,-3.8,3,12.6,1680,47.6,1.31,0.973,170,4.46,5.52,5.79,0
1375,2022-02-18,2022,2022,7.4,7.3,7.6,-4.8,-5,-4.6,2.6,12.5,1640,46.4,1.29,0.964,174,4.45,4.74,4.99,0
1376,2022-02-19,2022,2022,8,7.8,8.1,-5.5,-5.7,-5.3,2.4,12.5,1620,45.9,1.29,0.96,173,4.69,4.88,5.28,0
1377,2022-02-20,2022,2022,7,6.8,7.2,-5.6,-5.9,-5.3,1.3,12.5,1620,45.9,1.29,0.954,153,4.65,4.9,5.14,0
1378,2022-02-21,2022,2022,5.7,5.6,5.8,-5.5,-5.8,-5.3,0.2,12.4,1610,45.6,1.28,0.953,62,4.73,4.95,5.3,0
1379,2022-02-22,2022,2022,6.4,6.3,6.6,-5.1,-5.3,-4.8,1.4,12.4,1600,45.3,1.28,0.953,149,4.77,4.99,5.2,0
1380,2022-02-23,2022,2022,6.9,6.8,7.1,-4.8,-4.9,-4.6,2.2,12.3,1570,44.5,1.27,0.955,199,4.91,5.09,5.7,0
1381,2022-02-24,2022,2022,6.9,6.8,7,-4.2,-4.4,-4,2.7,12.2,1550,43.9,1.26,0.961,191,4.86,5.1,5.42,0
1382,2022-02-25,2022,2022,7.3,7.2,7.4,-4.6,-4.8,-4.4,2.7,12.2,1540,43.6,1.26,0.963,199,4.89,5.13,5.59,0
1383,2022-02-26,2022,2022,6.2,6,6.4,-3.6,-3.9,-3.3,2.6,12.1,1530,43.3,1.25,0.962,96,4.86,5.12,5.51,0
1384,2022-02-27,2022,2022,6.7,6.5,6.8,-4,-4.3,-3.7,2.7,12.1,1520,43,1.25,0.972,93,4.81,5.04,5.3,0
1385,2022-02-28,2022,2022,7.5,7.3,7.8,-5.1,-5.5,-4.7,2.4,12.2,1540,43.6,1.26,0.968,138,4.72,5.06,5.41,0
1386,2022-03-01,2022,2022,7.9,7.7,8.1,-5.4,-5.7,-5.1,2.5,12.3,1580,44.7,1.27,0.956,110,4.74,5.02,5.39,0
1387,2022-03-02,2022,2022,9.1,9,9.2,-6.3,-6.5,-6.2,2.7,12.6,1660,47,1.3,0.953,141,4.91,5.3,5.84,0
1388,2022-03-03,2022,2022,7.9,7.7,8,-6.9,-7.1,-6.7,1,12.7,1730,49,1.32,0.952,109,4.6,5.09,5.71,0
1389,2022-03-04,2022,2022,7.2,7,7.4,-5.6,-5.9,-5.3,1.6,12.7,1730,49,1.32,0.946,118,4.52,4.83,5.33,0
1390,2022-03-05,2022,2022,6.9,6.6,7.2,-5.5,-5.9,-5,1.5,12.6,1700,48.1,1.31,0.958,121,4.36,4.68,5.01,0
1391,2022-03-06,2022,2022,8,7.9,8.1,-4.9,-5.1,-4.8,3.1,12.6,1660,47,1.3,0.958,215,4.48,4.74,5.13,0
1392,2022-03-07,2022,2022,8.4,8.3,8.5,-4.9,-5,-4.7,3.6,12.6,1660,47,1.3,0.961,216,4.65,4.89,5.2,0
1393,2022-03-08,2022,2022,8.2,8,8.3,-5.5,-5.8,-5.3,2.6,12.5,1620,45.9,1.29,0.957,179,4.51,4.81,5.39,0
1394,2022-03-09,2022,2022,8.2,8,8.3,-6.1,-6.3,-5.9,2.1,12.5,1620,45.9,1.29,0.953,148,4.34,4.73,5.14,0
1395,2022-03-10,2022,2022,8.5,8.4,8.6,-5.9,-6.1,-5.7,2.6,12.4,1600,45.3,1.28,0.944,230,4.43,4.8,5.26,0
1396,2022-03-11,2022,2022,8.8,8.7,8.9,-6,-6.1,-5.8,2.8,12.3,1570,44.5,1.27,0.951,223,4.47,4.79,5.49,0
1397,2022-03-12,2022,2022,8,7.7,8.2,-7.1,-7.4,-6.7,0.9,12.2,1560,44.2,1.26,0.946,156,4.36,4.78,5.22,0
1398,2022-03-13,2022,2022,7.6,7.4,7.7,-5.2,-5.5,-5,2.3,12.5,1630,46.2,1.29,0.947,131,4.47,4.78,5.73,0
1399,2022-03-14,2022,2022,8.5,8.4,8.7,-6.1,-6.3,-5.9,2.4,12.4,1590,45,1.28,0.957,136,4.32,4.88,5.33,0
1400,2022-03-15,2022,2022,8.6,8.4,8.7,-5.9,-6.1,-5.7,2.7,12.7,1720,48.7,1.32,0.957,146,4.91,5.19,6.73,0
1401,2022-03-16,2022,2022,9.2,9,9.3,-5.9,-6.1,-5.7,3.3,12.7,1810,51.3,1.35,0.957,235,4.82,5.29,6.09,0
1402,2022-03-17,2022,2022,8.7,8.6,8.8,-6.7,-6.9,-6.6,1.9,12.7,1790,50.7,1.35,0.955,213,4.97,5.3,5.93,0
1403,2022-03-18,2022,2022,9.5,9.4,9.7,-7.3,-7.6,-7,2.2,12.7,1760,49.8,1.34,0.951,200,4.96,5.27,5.82,0
1404,2022-03-19,2022,2022,7.4,7.1,7.6,-6.4,-6.8,-6.1,0.9,12.7,1790,50.7,1.35,0.945,142,5.04,5.36,5.66,0
1405,2022-03-20,2022,2022,8.4,8.2,8.5,-5.2,-5.4,-5,3.2,12.7,1770,50.1,1.34,0.951,182,5.05,5.39,5.86,0
1406,2022-03-21,2022,2022,7.5,7.3,7.7,-5.3,-5.6,-5,2.2,12.7,1740,49.3,1.33,0.961,98,4.96,5.37,5.72,0
1407,2022-03-22,2022,2022,10,9.9,10.2,-7.3,-7.5,-7,2.8,12.7,1740,49.3,1.33,0.954,246,5.15,5.49,6.11,0
1408,2022-03-23,2022,2022,11,10.8,11.1,-8.4,-8.6,-8.2,2.5,12.7,1810,51.3,1.35,0.945,250,4.99,5.41,5.87,0
1409,2022-03-24,2022,2022,10.6,10.4,10.8,-8.9,-9.2,-8.7,1.7,12.6,1940,54.9,1.39,0.942,249,5.05,5.58,7.06,0
1410,2022-03-25,2022,2022,10.6,10.5,10.7,-9.5,-9.7,-9.3,1.1,12.5,1990,56.4,1.41,0.939,246,5.4,5.73,6.88,0
1411,2022-03-26,2022,2022,11,10.9,11.2,-10.5,-10.7,-10.2,0.6,12.6,1970,55.8,1.4,0.934,232,5.35,5.86,6.56,0
1412,2022-03-27,2022,2022,9.6,9.5,9.8,-10.8,-11,-10.6,-1.2,12.5,2020,57.2,1.42,0.928,193,5.2,5.55,6.84,0
1413,2022-03-28,2022,2022,9.3,9.1,9.5,-9.9,-10.2,-9.6,-0.6,12.5,2010,56.9,1.42,0.928,157,4.91,5.47,6.56,0
1414,2022-03-29,2022,2022,11.4,11.2,11.5,-9.7,-9.9,-9.5,1.6,12.5,2000,56.6,1.41,0.937,254,5.04,5.4,6.2,0
1415,2022-03-30,2022,2022,10.8,10.6,10.9,-8.9,-9.1,-8.7,1.9,12.6,1980,56.1,1.41,0.937,223,5.01,5.64,6.79,0
1416,2022-03-31,2022,2022,11.5,11.4,11.6,-8.9,-9.1,-8.7,2.6,12.6,1920,54.4,1.39,0.938,258,4.32,4.81,6.56,0
1417,2022-04-01,2022,2022,11.8,11.7,12,-9.2,-9.3,-9,2.7,12.7,1860,52.7,1.37,0.936,260,4.39,4.76,5.12,0
1418,2022-04-02,2022,2022,11.2,11,11.4,-9.2,-9.6,-8.9,1.9,12.5,2090,59.2,1.44,0.939,278,4.89,6.43,6.96,0
1419,2022-04-03,2022,2022,10.9,10.8,11.1,-9,-9.2,-8.7,2,12.5,2020,57.2,1.42,0.937,239,5.81,6.2,7.24,0
1420,2022-04-04,2022,2022,5.6,5.3,6,-7.8,-8.4,-7.3,-2.2,12.5,2080,58.9,1.44,0.939,78,6.04,6.26,6.55,0
1421,2022-04-05,2022,2022,11.3,11.1,11.4,-7.3,-7.6,-7.1,3.9,12.4,2110,59.7,1.45,0.95,280,5.87,6.15,6.83,0
1422,2022-04-06,2022,2022,12.1,11.9,12.2,-8.5,-8.7,-8.3,3.6,12.5,2020,57.2,1.42,0.948,280,5.62,6.06,6.68,0
1423,2022-04-07,2022,2022,13.3,13.1,13.5,-9.8,-10.1,-9.6,3.5,12.5,2000,56.6,1.41,0.939,279,5.79,6.02,6.38,0
1424,2022-04-08,2022,2022,13.3,13,13.6,-9.6,-10,-9.2,3.7,12.5,2050,58,1.43,0.936,283,5.95,6.25,6.71,0
1425,2022-04-09,2022,2022,13.3,13.1,13.6,-9.3,-9.7,-9,4,12.5,2070,58.6,1.44,0.938,293,5.63,6.25,7.16,0
1426,2022-04-10,2022,2022,9.6,9.3,10,-9.2,-9.8,-8.7,0.4,12.5,2040,57.8,1.43,0.936,120,5.55,5.84,6.25,0
1427,2022-04-11,2022,2022,7.4,7.1,7.7,-8.9,-9.4,-8.5,-1.5,12.5,2060,58.3,1.43,0.923,123,5.45,5.72,6,0
1428,2022-04-12,2022,2022,8.4,8.2,8.6,-7.6,-7.9,-7.3,0.8,12.5,2010,56.9,1.42,0.938,113,5.43,5.63,5.84,0
1429,2022-04-13,2022,2022,8.3,8,8.6,-9.2,-9.6,-8.8,-0.9,12.5,2030,57.5,1.42,0.941,95,5.45,5.69,6.27,0
1430,2022-04-14,2022,2022,11.2,11,11.5,-8.2,-8.5,-7.9,3,12.5,2050,58,1.43,0.938,213,4.88,5.42,5.86,0
1431,2022-04-15,2022,2022,11.4,11.2,11.6,-8.4,-8.7,-8.1,3,12.5,2020,57.2,1.42,0.944,208,5.44,5.67,6.01,0
1432,2022-04-16,2022,2022,-2.2,-2.6,-1.7,-7.3,-8,-6.6,-9.5,12,4070,115.2,1.95,0.938,222,5.63,24.48,75.89,1
1433,2022-04-17,2022,2022,4,3.9,4.2,-8.3,-8.5,-8.1,-4.3,12,4600,130.3,2.06,0.959,250,11.43,14.92,26,0
1434,2022-04-18,2022,2022,3.3,3.1,3.6,-9.7,-10.1,-9.3,-6.4,12,4610,130.5,2.06,0.953,107,11.02,12.16,13.9,0
1435,2022-04-19,2022,2022,4.5,4.4,4.7,-8.5,-8.7,-8.3,-4,12,4250,120.3,1.99,0.954,97,9.25,10.19,12.42,0
1436,2022-04-20,2022,2022,3.2,3.1,3.3,-9,-9.1,-8.8,-5.8,12,3710,105.1,1.87,0.955,73,9.27,9.68,10.65,0
1437,2022-04-21,2022,2022,5.9,5.7,6.1,-8.2,-8.5,-7.9,-2.3,12,3440,97.4,1.8,0.952,199,7.86,8.65,12.14,0
1438,2022-04-22,2022,2022,7.2,6.9,7.5,-6.3,-6.7,-5.9,0.8,12,2950,83.5,1.68,0.953,266,7.02,7.48,8.22,0
1439,2022-04-23,2022,2022,8.8,8.7,9,-6.4,-6.6,-6.2,2.4,12.2,2490,70.5,1.56,0.96,301,6.26,6.83,7.28,0
1440,2022-04-24,2022,2022,9.7,9.5,9.8,-7.5,-7.8,-7.2,2.1,12.3,2290,64.8,1.5,0.951,309,5.69,5.97,6.8,0
1441,2022-04-25,2022,2022,9.6,9.4,9.7,-7.4,-7.6,-7.2,2.2,12.3,2290,64.8,1.5,0.946,234,5.3,5.55,6.21,0
1442,2022-04-26,2022,2022,11.1,10.9,11.2,-8.3,-8.5,-8,2.8,12.3,2310,65.4,1.51,0.947,317,5.46,5.64,6.03,0
1443,2022-04-27,2022,2022,11.3,11.2,11.4,-8.8,-9,-8.7,2.5,12.3,2320,65.7,1.51,0.945,302,5.47,5.77,6.05,0
1444,2022-04-28,2022,2022,8.1,7.9,8.3,-7.5,-7.8,-7.2,0.6,12.3,2270,64.3,1.5,0.94,207,5.54,5.81,6.55,0
1445,2022-04-29,2022,2022,10.5,10.4,10.7,-8.8,-9,-8.6,1.7,12.4,2210,62.6,1.48,0.946,225,5.91,6.1,6.46,0
1446,2022-04-30,2022,2022,9.6,9.3,9.8,-8.9,-9.4,-8.5,0.6,12.4,2220,62.9,1.48,0.94,215,6.14,6.34,6.68,0
1447,2022-05-01,2022,2022,11.8,11.6,12,-10.6,-10.9,-10.4,1.1,12.2,2410,68.2,1.54,0.938,328,6.13,6.47,7.07,0
1448,2022-05-02,2022,2022,8.9,8.7,9.1,-8.1,-8.4,-7.8,0.8,12.2,2410,68.2,1.54,0.93,233,6,6.32,6.88,0
1449,2022-05-03,2022,2022,12.4,12.2,12.6,-10.5,-10.8,-10.2,1.9,12.3,2240,63.4,1.49,0.939,328,5.69,6.05,6.6,0
1450,2022-05-04,2022,2022,13.7,13.4,13.9,-12.7,-13.1,-12.4,0.9,12.4,2140,60.6,1.46,0.923,327,5.57,5.81,6.19,0
1451,2022-05-05,2022,2022,6.4,5.7,7.1,-9.8,-10.8,-8.7,-3.4,12.3,2260,64,1.49,0.915,92,5.64,5.88,6.27,0
1452,2022-05-06,2022,2022,4.9,4.7,5,-8.9,-9.2,-8.6,-4,12,2770,78.4,1.64,0.935,82,5.93,6.94,9.28,0
1453,2022-05-07,2022,2022,5.5,5.3,5.7,-7.7,-8,-7.5,-2.2,12,3030,85.8,1.7,0.942,199,6.79,7.57,8.92,0
1454,2022-05-08,2022,2022,4.3,4,4.6,-7.8,-8.2,-7.3,-3.5,12,2860,81,1.66,0.945,158,5.39,5.92,7.23,0
1455,2022-05-09,2022,2022,7,6.9,7.1,-7.4,-7.6,-7.3,-0.5,12.1,2620,74.2,1.6,0.948,221,5.12,5.45,5.97,0
1456,2022-05-10,2022,2022,9.4,9.3,9.6,-7.8,-8.1,-7.6,1.6,12.2,2480,70.2,1.56,0.949,296,4.93,5.3,6,0
1457,2022-05-11,2022,2022,10.4,10.2,10.5,-9.1,-9.2,-8.9,1.3,12.3,2360,66.8,1.52,0.947,305,4.98,5.27,5.69,0
1458,2022-05-12,2022,2022,9.2,8.9,9.4,-7.8,-8.1,-7.5,1.4,12.3,2290,64.8,1.5,0.939,182,4.87,5.15,5.85,0
1459,2022-05-13,2022,2022,9.5,9.3,9.6,-8.4,-8.6,-8.1,1.1,12.4,2230,63.1,1.49,0.946,159,4.7,5.02,5.73,0
1460,2022-05-14,2022,2022,12.9,12.7,13.1,-11.7,-12,-11.4,1.2,12.3,2250,63.7,1.49,0.931,253,4.43,4.86,5.71,0
1461,2022-05-15,2022,2022,14.1,13.8,14.4,-12.5,-13,-12.1,1.6,12.3,2360,66.8,1.52,0.918,320,4.48,4.93,5.81,0
1462,2022-05-16,2022,2022,13.9,13.6,14.2,-11.3,-11.7,-10.9,2.6,12.2,2490,70.5,1.56,0.921,322,4.14,4.82,5.65,0
1463,2022-05-17,2022,2022,15,14.7,15.3,-11.4,-11.9,-10.9,3.6,12.2,2460,69.7,1.55,0.928,352,4.42,4.7,5.82,0
1464,2022-05-18,2022,2022,14.7,14.4,14.9,-10.9,-11.3,-10.5,3.7,12.2,2400,68,1.53,0.93,257,4.19,4.69,5.57,0
1465,2022-05-19,2022,2022,15.9,15.5,16.3,-11,-11.6,-10.5,4.8,12.2,2420,68.5,1.54,0.929,360,4.07,4.58,5.88,0
1466,2022-05-20,2022,2022,15.8,15.5,16,-11.6,-12.1,-11.2,4.1,12.2,2400,68,1.53,0.933,366,3.83,4.33,5.9,0
1467,2022-05-21,2022,2022,16.1,15.8,16.5,-11.8,-12.2,-11.3,4.4,12.3,2310,65.4,1.51,0.929,354,3.99,4.32,5.16,0
1468,2022-05-22,2022,2022,17.3,16.9,17.6,-11.8,-12.3,-11.3,5.5,12.3,2240,63.4,1.49,0.928,334,3.8,4.27,4.98,0
1469,2022-05-23,2022,2022,18.8,18.4,19.2,-13.1,-13.7,-12.5,5.8,12.4,2200,62.3,1.48,0.927,357,3.48,4.11,4.62,0
1470,2022-05-24,2022,2022,20,19.5,20.5,-14.4,-15.1,-13.7,5.6,12.4,2220,62.9,1.48,0.918,347,3.77,4.03,4.74,0
1471,2022-05-25,2022,2022,21.2,20.7,21.7,-16,-16.7,-15.3,5.2,12.3,2240,63.4,1.49,0.911,354,3.87,4.3,5.14,0
1472,2022-05-26,2022,2022,16.1,15.6,16.7,-12.4,-13.1,-11.6,3.8,12.3,2290,64.8,1.5,0.905,243,3.62,4.19,5.3,0
1473,2022-05-27,2022,2022,14.7,14.2,15.1,-9.9,-10.5,-9.3,4.7,12.3,2300,65.1,1.51,0.921,231,3.95,4.19,4.97,0
1474,2022-05-28,2022,2022,10.8,10.6,11,-9.8,-10.1,-9.5,1,12.3,2260,64,1.49,0.926,95,4.11,4.37,4.78,0
1475,2022-05-29,2022,2022,16.6,16.3,17,-10.7,-11.2,-10.2,5.9,12.3,2290,64.8,1.5,0.936,295,3.89,4.12,5.54,0
1476,2022-05-30,2022,2022,19.3,18.9,19.7,-12.7,-13.2,-12.1,6.6,12.4,2200,62.3,1.48,0.932,371,3.82,4.17,4.54,0
1477,2022-05-31,2022,2022,20.6,20.1,21,-14,-14.7,-13.4,6.5,12.4,2110,59.7,1.45,0.921,366,3.84,4.12,4.82,0
1478,2022-06-01,2022,2022,22.3,21.8,22.9,-15.6,-16.4,-14.9,6.7,12.5,2020,57.2,1.42,0.91,329,3.78,4.23,4.89,0
1479,2022-06-02,2022,2022,22.6,22.2,23.1,-17.3,-17.9,-16.6,5.3,12.6,1900,53.8,1.38,0.899,328,3.78,4.08,4.72,0
1480,2022-06-03,2022,2022,15.4,15,15.8,-15.1,-15.7,-14.5,0.3,12.7,1860,52.7,1.37,0.889,176,3.92,4.22,4.65,0
1481,2022-06-04,2022,2022,9.6,9.4,9.8,-12.3,-12.6,-12,-2.7,12.6,1910,54.1,1.39,0.907,94,3.69,4.2,4.93,0
1482,2022-06-05,2022,2022,17,16.6,17.4,-13.7,-14.4,-13.1,3.2,12.3,2250,63.7,1.49,0.919,297,3.85,4.13,4.57,0
1483,2022-06-06,2022,2022,19.1,18.7,19.4,-15,-15.5,-14.5,4.1,12.3,2320,65.7,1.51,0.916,353,3.49,3.88,4.8,0
1484,2022-06-07,2022,2022,17.2,16.9,17.4,-14,-14.3,-13.7,3.2,12.5,2080,58.9,1.44,0.911,255,2.67,3.03,4.27,0
1485,2022-06-08,2022,2022,20.6,20.1,21.1,-15,-15.8,-14.3,5.5,12.6,1980,56.1,1.41,0.913,320,2.8,3.08,3.64,0
1486,2022-06-09,2022,2022,20.9,20.4,21.5,-16.2,-17,-15.4,4.7,12.6,1920,54.4,1.39,0.903,320,2.64,3.17,3.92,0
1487,2022-06-10,2022,2022,22.3,21.7,23,-18.2,-19.1,-17.2,4.2,12.6,1870,53,1.37,0.893,312,2.94,3.26,3.56,0
1488,2022-06-11,2022,2022,19.6,18.6,20.6,-17.6,-19.1,-16.2,2,12.7,1860,52.7,1.37,0.887,278,2.83,3.23,4.16,0
1489,2022-06-12,2022,2022,14.5,13.7,15.2,-13.4,-14.5,-12.4,1,12.6,1910,54.1,1.39,0.885,131,2.85,3.18,3.75,0
1490,2022-06-13,2022,2022,16.7,16.3,17.2,-11.1,-11.7,-10.4,5.7,12.6,1940,54.9,1.39,0.913,317,2.1,2.53,3.95,0
1491,2022-06-14,2022,2022,18.9,18.4,19.4,-12.9,-13.6,-12.2,6,12.7,1830,51.8,1.36,0.923,375,2.42,2.64,3.05,0
1492,2022-06-15,2022,2022,19.5,19,20.1,-14.6,-15.4,-13.8,4.9,12.7,1750,49.6,1.33,0.91,360,2.45,2.78,3.17,0
1493,2022-06-16,2022,2022,15.7,15.4,16,-13.6,-13.9,-13.2,2.1,12.6,1670,47.3,1.3,0.899,229,2.41,2.66,3.25,0
1494,2022-06-17,2022,2022,14.7,14.2,15.2,-11.2,-11.8,-10.5,3.5,12.5,1650,46.7,1.3,0.907,210,2.56,2.85,3.43,0
1495,2022-06-18,2022,2022,18.1,17.7,18.5,-11.7,-12.2,-11.1,6.5,12.6,1660,47,1.3,0.916,278,2.84,3.02,3.37,0
1496,2022-06-19,2022,2022,18.2,17.7,18.6,-12.4,-13,-11.8,5.8,12.5,1640,46.4,1.29,0.906,335,1.98,2.98,3.56,0
1497,2022-06-20,2022,2022,19.9,19.4,20.5,-13.1,-13.8,-12.3,6.9,12.4,1590,45,1.28,0.915,350,2.31,2.58,3.38,0
1498,2022-06-21,2022,2022,19.4,18.4,20.5,-16.7,-18.2,-15.2,2.7,12.2,1560,44.2,1.26,0.886,372,1.88,2.07,3.61,0
1499,2022-06-22,2022,2022,22.3,21.5,23,-17.9,-19,-16.9,4.3,12,1510,42.8,1.25,0.883,370,1.62,2.11,2.66,0
1500,2022-06-23,2022,2022,22.2,21.3,23,-18.3,-19.6,-17.1,3.8,11.9,1490,42.2,1.24,0.87,373,1.52,1.96,2.34,0
1501,2022-06-24,2022,2022,22.2,21.4,23.1,-17.7,-18.9,-16.5,4.5,11.9,1480,41.9,1.23,0.864,372,1.6,1.84,2.32,0
1502,2022-06-25,2022,2022,22.2,21.4,23,-18.5,-19.7,-17.4,3.7,11.7,1450,41.1,1.22,0.868,368,1.79,2.05,2.58,0
1503,2022-06-26,2022,2022,22.8,21.8,23.7,-19.8,-21.1,-18.4,3,11.6,1430,40.5,1.22,0.851,370,1.27,1.67,2.99,0
1504,2022-06-27,2022,2022,21.7,20.8,22.5,-18.6,-19.9,-17.4,3.1,11.4,1400,39.6,1.2,0.842,374,1.21,1.49,2.16,0
1505,2022-06-28,2022,2022,20.6,19.8,21.4,-17.1,-18.2,-16,3.5,11.2,1370,38.8,1.19,0.857,375,1.6,1.86,2.65,0
1506,2022-06-29,2022,2022,20.8,20.1,21.5,-17.2,-18.2,-16.2,3.5,11.2,1360,38.5,1.19,0.867,374,1.71,1.97,2.63,0
1507,2022-06-30,2022,2022,20.6,19.9,21.4,-17.7,-18.8,-16.7,2.9,11,1340,37.9,1.18,0.862,369,1.77,2.02,2.5,0
1508,2022-07-01,2022,2022,20.4,19.6,21.1,-17.9,-19,-16.9,2.4,10.7,1300,36.8,1.16,0.856,364,0.94,1.16,2.15,0
1509,2022-07-02,2022,2022,18.8,18.2,19.5,-16.3,-17.2,-15.4,2.5,10.1,1210,34.3,1.13,0.843,332,0.85,1.14,2.22,0
1510,2022-07-03,2022,2022,16.4,15.9,16.9,-15,-15.7,-14.4,1.3,10.1,1210,34.3,1.13,0.848,290,0.92,1.13,2.05,0
1511,2022-07-04,2022,2022,14.4,14.2,14.6,-13.8,-14.1,-13.5,0.5,10.2,1230,34.8,1.14,0.865,150,0.85,1.14,1.57,0
1512,2022-07-05,2022,2022,12.9,12.4,13.4,-13.1,-13.8,-12.4,-0.2,10.4,1250,35.4,1.14,0.873,162,0.81,0.99,1.4,0
1513,2022-07-06,2022,2022,18.3,18,18.6,-15.6,-16,-15.1,2.8,10.2,1230,34.8,1.14,0.869,346,0.75,0.96,1.45,0
1514,2022-07-07,2022,2022,18.7,18.1,19.3,-16.2,-17.1,-15.3,2.5,10.2,1220,34.5,1.13,0.853,356,0.65,0.89,1.39,0
1515,2022-07-08,2022,2022,19,18.3,19.6,-17,-17.9,-16.1,2,10.1,1210,34.3,1.13,0.856,358,0.82,0.99,1.3,0
1516,2022-07-09,2022,2022,18.1,17.5,18.7,-16.5,-17.4,-15.7,1.6,9.8,1170,33.1,1.11,0.849,355,0.62,0.88,1.5,0
1517,2022-07-10,2022,2022,18.4,17.8,19,-17.1,-18,-16.2,1.3,9.7,1160,32.8,1.11,0.849,362,0.58,0.87,1.53,0
1518,2022-07-11,2022,2022,18.6,18.1,19.2,-18.4,-19.2,-17.6,0.2,9.5,1140,32.3,1.1,0.837,358,0.61,0.85,1.36,0
1519,2022-07-12,2022,2022,17.9,17.3,18.4,-17.8,-18.6,-17,0.1,9.4,1120,31.7,1.09,0.821,341,0.71,0.95,1.29,0
1520,2022-07-13,2022,2022,17.4,16.8,18.1,-17.5,-18.5,-16.6,-0.1,9.3,1110,31.4,1.08,0.824,353,0.82,1.11,1.47,0
1521,2022-07-14,2022,2022,17.2,16.6,17.8,-16.8,-17.7,-16,0.3,9.2,1100,31.1,1.08,0.831,352,0.96,1.18,1.76,0
1522,2022-07-15,2022,2022,17.1,16.5,17.7,-16.8,-17.6,-16,0.3,9.1,1090,30.9,1.08,0.833,356,1.14,1.33,1.97,0
1523,2022-07-16,2022,2022,16.8,16.2,17.4,-16.9,-17.8,-16.1,-0.1,9,1080,30.6,1.07,0.833,358,1.14,1.43,1.97,0
1524,2022-07-17,2022,2022,16.3,15.8,16.9,-16.9,-17.7,-16.1,-0.6,9,1080,30.6,1.07,0.832,360,1.06,1.4,2.2,0
1525,2022-07-18,2022,2022,16.3,15.8,16.9,-16.9,-17.7,-16.1,-0.6,9,1080,30.6,1.07,0.831,364,1.06,1.32,1.93,0
1526,2022-07-19,2022,2022,15.7,15.1,16.3,-16.2,-17,-15.3,-0.5,8.9,1070,30.3,1.07,0.827,366,0.67,1.01,1.86,0
1527,2022-07-20,2022,2022,15.2,14.6,15.7,-15.5,-16.3,-14.8,-0.4,8.8,1060,30,1.06,0.834,361,0.75,1.07,1.67,0
1528,2022-07-21,2022,2022,14.8,14.2,15.4,-14.4,-15.2,-13.6,0.4,8.8,1060,30,1.06,0.835,358,0.91,1.11,1.57,0
1529,2022-07-22,2022,2022,14.1,13.6,14.6,-14,-14.8,-13.3,0.1,8.7,1050,29.7,1.06,0.854,359,1.01,1.28,1.58,0
1530,2022-07-23,2022,2022,14,13.5,14.5,-14.4,-15.1,-13.7,-0.4,8.8,1060,30,1.06,0.856,358,1.04,1.21,1.94,0
1531,2022-07-24,2022,2022,14.5,14,15,-15.5,-16.3,-14.8,-1.1,8.9,1070,30.3,1.07,0.851,356,1.29,1.53,2.08,0
1532,2022-07-25,2022,2022,14.3,13.9,14.8,-15.7,-16.3,-15.1,-1.3,8.8,1060,30,1.06,0.839,337,1.18,1.4,1.7,0
1533,2022-07-26,2022,2022,13.4,13.1,13.8,-14.9,-15.4,-14.4,-1.5,8.7,1040,29.4,1.05,0.834,325,1.45,1.68,2.43,0
1534,2022-07-27,2022,2022,13.5,13.1,13.8,-15.4,-15.9,-14.9,-1.9,8.7,1040,29.4,1.05,0.841,300,1.54,1.82,2.73,0
1535,2022-07-28,2022,2022,13.6,13.2,14,-16.5,-17.1,-16,-3,8.7,1040,29.4,1.05,0.832,336,1.42,1.86,2.67,0
1536,2022-07-29,2022,2022,13,12.6,13.4,-16.2,-16.8,-15.7,-3.2,8.7,1040,29.4,1.05,0.822,325,1.28,1.61,2.37,0
1537,2022-07-30,2022,2022,8.8,8.3,9.4,-14.7,-15.5,-13.9,-5.9,8.6,1030,29.2,1.05,0.815,270,1.55,1.84,2.7,0
1538,2022-07-31,2022,2022,6.2,5.8,6.5,-11.2,-11.7,-10.7,-5,8.7,1050,29.7,1.06,0.841,216,1.53,1.89,2.56,0
1539,2022-08-01,2022,2022,5.8,5.2,6.3,-13.8,-14.6,-13.1,-8.1,8.7,1050,29.7,1.06,0.816,153,1.69,2.2,292.07,0
1540,2022-08-02,2022,2022,5.3,5.1,5.5,-11.2,-11.4,-10.9,-5.8,8.8,1060,30,1.06,0.856,262,4.96,6.56,97.65,0
1541,2022-08-03,2022,2022,11.4,4.1,18.8,-75.2,-85.8,-64.5,-63.7,10.1,1210,34.3,1.13,-0.008,320,5.11,264.5,1521.23,1
1542,2022-08-04,2022,2022,0.1,-0.5,0.7,-7.8,-8.7,-6.9,-7.7,8.8,1060,30,1.06,-0.01,315,84.78,223.73,960.59,0
1543,2022-08-05,2022,2022,0.2,0.2,0.3,-6.9,-7,-6.8,-6.7,8.6,1030,29.2,1.05,0.892,267,53.34,64.1,85.66,0
1544,2022-08-06,2022,2022,0.4,0.3,0.4,-6.1,-6.2,-6,-5.7,8.6,1030,29.2,1.05,0.916,314,45.12,51.31,63.52,0
1545,2022-08-07,2022,2022,1.1,1,1.2,-6.4,-6.5,-6.3,-5.3,8.5,1020,28.9,1.04,0.919,322,36.36,42.06,49.72,0
1546,2022-08-08,2022,2022,1.5,1.4,1.5,-6.2,-6.3,-6,-4.7,8.4,1010,28.6,1.04,0.918,326,30.79,33.93,43.18,0
1547,2022-08-09,2022,2022,1.7,1.6,1.8,-5.7,-5.9,-5.6,-4,8.4,1010,28.6,1.04,0.92,328,28.85,31.78,34.37,0
1548,2022-08-10,2022,2022,2.1,2,2.3,-5.1,-5.3,-4.9,-3,8.4,1010,28.6,1.04,0.926,328,25.79,31.14,38.02,0
1549,2022-08-11,2022,2022,2.5,2.4,2.6,-5,-5.1,-4.9,-2.5,8.3,1000,28.3,1.04,0.934,323,23.7,29.07,36.34,0
1550,2022-08-12,2022,2022,3,2.8,3.1,-5.1,-5.3,-4.8,-2.1,8.4,1010,28.6,1.04,0.93,325,20.4,27.62,40.43,0
1551,2022-08-13,2022,2022,3.4,3.2,3.5,-5,-5.2,-4.8,-1.6,8.3,1000,28.3,1.04,0.937,327,19.19,25.91,29.35,0
1552,2022-08-14,2022,2022,3.8,3.7,4,-5.4,-5.7,-5.2,-1.6,8.4,1010,28.6,1.04,0.934,319,19.14,24.69,29.32,0
1553,2022-08-15,2022,2022,4.1,3.9,4.3,-5.6,-5.9,-5.3,-1.5,8.3,1000,28.3,1.04,0.932,316,18.17,23.72,36.81,0
1554,2022-08-16,2022,2022,4.5,4.4,4.7,-6.2,-6.4,-5.9,-1.6,8.4,1010,28.6,1.04,0.931,313,17.41,22.57,27.28,0
1555,2022-08-17,2022,2022,4,3.7,4.3,-6.1,-6.5,-5.7,-2.1,8.3,999,28.3,1.03,0.928,240,15.67,22.34,27.03,0
1556,2022-08-18,2022,2022,3.6,3.4,3.9,-5.4,-5.8,-5.1,-1.8,8.2,995,28.2,1.03,0.93,230,15.29,21.27,25.21,0
1557,2022-08-19,2022,2022,4,3.9,4.2,-5.6,-5.8,-5.4,-1.6,8,971,27.5,1.02,0.933,298,13.86,19.88,25.63,0
1558,2022-08-20,2022,2022,4.1,3.9,4.3,-5.8,-6.1,-5.5,-1.7,8.1,976,27.6,1.02,0.926,313,14.72,19.61,23.83,0
1559,2022-08-21,2022,2022,4.1,3.9,4.3,-5.1,-5.4,-4.9,-1.1,7.9,955,27,1.01,0.928,308,13.24,18.36,23.51,0
1560,2022-08-22,2022,2022,4.5,4.3,4.7,-5.6,-5.8,-5.4,-1.1,7.8,945,26.8,1.01,0.932,304,14.47,18.1,21.81,0
1561,2022-08-23,2022,2022,4.2,4,4.4,-6,-6.3,-5.8,-1.9,7.8,948,26.8,1.01,0.926,300,14.76,18.94,21.82,0
1562,2022-08-24,2022,2022,4.4,4.2,4.6,-6.1,-6.4,-5.8,-1.7,7.9,957,27.1,1.01,0.922,297,14.66,18.87,23.22,0
1563,2022-08-25,2022,2022,4.7,4.5,5,-5.7,-6,-5.4,-1,7.9,963,27.3,1.02,0.922,292,11.35,17.01,21.48,0
1564,2022-08-26,2022,2022,4.6,4.4,4.8,-5.6,-5.9,-5.3,-1,8.1,983,27.8,1.03,0.933,290,13.22,16.95,20.65,0
1565,2022-08-27,2022,2022,4.6,4.4,4.8,-5.7,-6,-5.4,-1.2,8.1,981,27.8,1.03,0.931,279,12.17,16.36,21.13,0
1566,2022-08-28,2022,2022,4.6,4.4,4.9,-6.2,-6.6,-5.9,-1.6,8.3,1000,28.3,1.04,0.913,282,12.58,16.05,20.07,0
1567,2022-08-29,2022,2022,5,4.8,5.2,-5.9,-6.2,-5.6,-0.9,8.3,1000,28.3,1.04,0.926,284,11.62,15.33,21.63,0
1568,2022-08-30,2022,2022,5,4.8,5.2,-5.7,-6,-5.4,-0.7,8.3,997,28.2,1.03,0.928,280,10.71,14.12,17.22,0
1569,2022-08-31,2022,2022,5.3,5,5.5,-5.8,-6.1,-5.5,-0.5,8.2,989,28,1.03,0.93,283,9.88,13.38,17.31,0
1570,2022-09-01,2022,2022,5.4,5.2,5.6,-6,-6.3,-5.8,-0.6,8.4,1010,28.6,1.04,0.93,287,9.78,12.73,18.01,0
1571,2022-09-02,2022,2022,4.5,4.3,4.7,-6.4,-6.6,-6.1,-1.9,9.2,1100,31.1,1.08,0.93,280,12.56,16.01,22.91,0
1572,2022-09-03,2022,2022,5,4.8,5.2,-5.9,-6.2,-5.6,-0.9,8.9,1070,30.3,1.07,0.934,263,11.81,16.5,22.79,0
1573,2022-09-04,2022,2022,4.7,4.6,4.9,-5.8,-6,-5.5,-1,9,1080,30.6,1.07,0.938,266,11.1,15.75,22.87,0
1574,2022-09-05,2022,2022,5.1,4.9,5.2,-6.3,-6.5,-6,-1.2,9,1080,30.6,1.07,0.935,268,10.32,15.17,19.12,0
1575,2022-09-06,2022,2022,5.2,5,5.4,-6.4,-6.6,-6.1,-1.2,8.9,1070,30.3,1.07,0.933,265,11.7,15.16,21.62,0
1576,2022-09-07,2022,2022,4.9,4.7,5,-6,-6.2,-5.7,-1.1,8.8,1060,30,1.06,0.933,243,11.04,14.67,21.8,0
1577,2022-09-08,2022,2022,5.4,5.2,5.6,-6.7,-7,-6.4,-1.3,9,1080,30.6,1.07,0.929,275,11.1,15.13,23.09,0
1578,2022-09-09,2022,2022,5.2,5,5.3,-6.8,-7,-6.5,-1.6,9.1,1080,30.6,1.07,0.926,266,11.65,15.24,22.85,0
1579,2022-09-10,2022,2022,-1.1,-1.3,-1,-10.3,-10.5,-10.1,-11.4,12.6,1880,53.2,1.38,0.914,226,14.71,131.8,216.85,0
1580,2022-09-11,2022,2022,0,-0.1,0.1,-6.7,-6.8,-6.5,-6.7,12.7,1730,49,1.32,0.936,98,41.87,53.09,94.19,0
1581,2022-09-12,2022,2022,1.7,1.7,1.8,-7.2,-7.3,-7.1,-5.5,12.4,1620,45.9,1.29,0.946,255,31.36,35.12,44.44,0
1582,2022-09-13,2022,2022,1.9,1.8,2,-6.4,-6.5,-6.3,-4.5,11.9,1490,42.2,1.24,0.943,259,24.08,27.56,37.68,0
1583,2022-09-14,2022,2022,2.3,2.2,2.4,-5.8,-6,-5.7,-3.5,11.3,1380,39.1,1.2,0.947,240,17.4,21.92,28.57,0
1584,2022-09-15,2022,2022,2.9,2.7,3,-5.5,-5.7,-5.3,-2.6,10.5,1260,35.7,1.15,0.946,249,14.37,17.71,27.5,0
1585,2022-09-16,2022,2022,3,2.9,3.1,-5.1,-5.2,-4.9,-2,9.6,1150,32.6,1.1,0.945,250,11.29,14.31,20.66,0
1586,2022-09-17,2022,2022,2.5,2.4,2.6,-5,-5.1,-4.8,-2.5,9,1080,30.6,1.07,0.942,141,8.77,12.07,17.93,0
1587,2022-09-18,2022,2022,2.2,2.1,2.3,-5.2,-5.4,-5.1,-3.1,9.3,1110,31.4,1.08,0.941,108,10.51,12.44,118.3,0
1588,2022-09-19,2022,2022,2.3,2.2,2.4,-4.7,-4.8,-4.5,-2.3,9.2,1100,31.1,1.08,0.944,204,11.38,15.85,72.44,0
1589,2022-09-20,2022,2022,2.5,2.4,2.5,-4.4,-4.5,-4.3,-1.9,9.3,1110,31.4,1.08,0.948,159,11.48,12.92,17.52,0
1590,2022-09-21,2022,2022,2.9,2.8,2.9,-4.1,-4.3,-4,-1.3,9.3,1110,31.4,1.08,0.95,180,9.7,11.74,13.44,0
1591,2022-09-22,2022,2022,2.9,2.8,3,-4.1,-4.3,-4,-1.2,9.4,1130,32,1.09,0.954,235,10.79,12.75,18.9,0
1592,2022-09-23,2022,2022,3.4,3.3,3.5,-4.6,-4.7,-4.4,-1.2,9.4,1120,31.7,1.09,0.951,243,9.64,11.73,15.15,0
1593,2022-09-24,2022,2022,3.7,3.6,3.9,-4.6,-4.8,-4.5,-0.9,9.3,1110,31.4,1.08,0.95,240,8.65,10.87,13.11,0
1594,2022-09-25,2022,2022,4,3.9,4.1,-5,-5.2,-4.8,-1,9.3,1110,31.4,1.08,0.949,231,8.21,10.69,17.85,0
1595,2022-09-26,2022,2022,4.1,4,4.2,-5.4,-5.5,-5.2,-1.2,9.3,1110,31.4,1.08,0.945,231,7.45,10.89,15.53,0
1596,2022-09-27,2022,2022,3.9,3.8,4,-5.3,-5.5,-5.2,-1.4,9.4,1120,31.7,1.09,0.944,224,7.9,10.58,13.64,0
1597,2022-09-28,2022,2022,3.5,3.4,3.6,-4.4,-4.6,-4.3,-0.9,9.2,1100,31.1,1.08,0.941,142,7.46,9.91,14.31,0
1598,2022-09-29,2022,2022,4,3.9,4.1,-4.2,-4.4,-4,-0.2,9.3,1110,31.4,1.08,0.952,223,8.34,10.58,15.01,0
1599,2022-09-30,2022,2022,4.2,4,4.3,-4.9,-5.1,-4.7,-0.7,9.4,1120,31.7,1.09,0.95,225,8,10.77,13.94,0
1600,2022-10-01,2022,2023,4.2,4.1,4.3,-5.2,-5.3,-5,-1,9.4,1120,31.7,1.09,0.948,221,8.28,10.93,16.08,0
1601,2022-10-02,2022,2023,4.3,4.2,4.5,-5.2,-5.4,-5,-0.8,9.4,1130,32,1.09,0.946,218,7.72,10.41,15.37,0
1602,2022-10-03,2022,2023,4.4,4.2,4.5,-4.9,-5.1,-4.7,-0.5,9.4,1120,31.7,1.09,0.948,215,8.11,10.9,14.01,0
1603,2022-10-04,2022,2023,4.5,4.4,4.7,-4.9,-5.1,-4.7,-0.4,9.4,1120,31.7,1.09,0.95,210,7.19,9.97,12.67,0
1604,2022-10-05,2022,2023,4.7,4.6,4.9,-5.1,-5.3,-4.9,-0.4,9.4,1130,32,1.09,0.95,210,7.02,9.75,14.16,0
1605,2022-10-06,2022,2023,4.7,4.6,4.9,-5,-5.2,-4.8,-0.2,9.4,1130,32,1.09,0.95,207,7.17,9.79,14.49,0
1606,2022-10-07,2022,2023,4.9,4.7,5,-4.9,-5.1,-4.7,0,9.4,1130,32,1.09,0.947,206,6.93,9.24,14.99,0
1607,2022-10-08,2022,2023,4.8,4.7,5,-4.9,-5.1,-4.7,-0.1,9.4,1120,31.7,1.09,0.95,202,7,9.16,13.01,0
1608,2022-10-09,2022,2023,4.8,4.7,5,-5,-5.2,-4.8,-0.2,9.4,1120,31.7,1.09,0.949,198,6.88,9.12,11.59,0
1609,2022-10-10,2022,2023,5,4.8,5.1,-5.2,-5.4,-5,-0.2,9.4,1120,31.7,1.09,0.948,200,6.5,9.09,14.17,0
1610,2022-10-11,2022,2023,4.9,4.7,5,-5.1,-5.3,-4.8,-0.2,9.4,1120,31.7,1.09,0.947,195,6.42,8.85,12.29,0
1611,2022-10-12,2022,2023,5,4.8,5.1,-4.9,-5.1,-4.6,0.1,9.4,1130,32,1.09,0.949,194,6.82,8.72,13.24,0
1612,2022-10-13,2022,2023,5.2,5,5.3,-5,-5.2,-4.8,0.2,9.4,1130,32,1.09,0.951,194,5.22,7.81,10.26,0
1613,2022-10-14,2022,2023,5.2,5.1,5.4,-5,-5.3,-4.8,0.2,9.4,1130,32,1.09,0.951,193,5.52,7.37,10.36,0
1614,2022-10-15,2022,2023,5.3,5.1,5.4,-4.8,-5.1,-4.6,0.5,9.6,1150,32.6,1.1,0.951,189,5.87,7.71,10.06,0
1615,2022-10-16,2022,2023,5.3,5.1,5.4,-4.2,-4.4,-4,1.1,9.6,1150,32.6,1.1,0.955,185,5.42,7.11,11.8,0
1616,2022-10-17,2022,2023,5.4,5.3,5.6,-3.5,-3.7,-3.2,1.9,9.5,1140,32.3,1.1,0.964,178,4.97,7.06,10.98,0
1617,2022-10-18,2022,2023,5.3,5.2,5.5,-2.6,-2.8,-2.3,2.8,9.5,1140,32.3,1.1,0.969,179,4.8,6.37,9.44,0
1618,2022-10-19,2022,2023,5.4,5.3,5.6,-2.5,-2.8,-2.3,2.9,9.4,1130,32,1.09,0.976,178,4.61,6.32,9.47,0
1619,2022-10-20,2022,2023,5.6,5.5,5.7,-2.6,-2.8,-2.4,3,9.5,1140,32.3,1.1,0.978,170,4.77,6.18,10,0
1620,2022-10-21,2022,2023,5.3,5.2,5.4,-2.8,-2.9,-2.6,2.6,9.6,1150,32.6,1.1,0.976,125,4.67,6.05,8.74,0
1621,2022-10-22,2022,2023,4.4,4.3,4.5,-1.7,-1.8,-1.6,2.7,9.7,1160,32.8,1.11,0.973,112,4.2,5.86,10,0
1622,2022-10-23,2022,2023,5,4.8,5.2,-0.3,-0.6,0,4.7,9.7,1160,32.8,1.11,0.985,165,4.54,5.28,7.43,0
1623,2022-10-24,2022,2023,4.3,4.2,4.4,0.4,0.3,0.5,4.7,9.8,1180,33.4,1.12,0.998,72,4.68,5.49,7.39,0
1624,2022-10-25,2022,2023,5.2,5.2,5.3,0.2,0,0.3,5.4,9.8,1170,33.1,1.11,1.007,150,4.25,5.46,8.67,2
1625,2022-10-26,2022,2023,5.4,5.3,5.5,0.6,0.5,0.7,6,9.7,1160,32.8,1.11,1.005,126,3.76,4.98,8.21,2
1626,2022-10-27,2022,2023,4.9,4.8,5,0.8,0.6,1,5.7,9.7,1160,32.8,1.11,1.007,163,3.1,4.58,6.37,2
1627,2022-10-28,2022,2023,5.1,5.1,5.2,1.7,1.6,1.8,6.8,9.8,1170,33.1,1.11,1.012,140,3.63,4.49,7.01,2
1628,2022-10-29,2022,2023,5,4.9,5.2,2.1,1.9,2.3,7.1,9.7,1160,32.8,1.11,1.023,144,3.51,4.61,5.88,2
1629,2022-10-30,2022,2023,5.2,5.1,5.3,2,1.9,2.2,7.3,9.8,1170,33.1,1.11,1.026,150,3.11,4.38,6.14,2
1630,2022-10-31,2022,2023,5.4,5.3,5.5,1.1,0.9,1.3,6.5,9.7,1160,32.8,1.11,1.021,137,2.92,3.91,7.36,2
1631,2022-11-01,2022,2023,3.4,3.2,3.7,2,1.6,2.3,5.4,9.9,1180,33.4,1.12,1.013,78,3.13,3.86,5.8,2
1632,2022-11-02,2022,2023,2.7,2.5,2.8,4.6,4.3,4.8,7.2,9.8,1180,33.4,1.12,1.026,73,3.94,8.89,12.99,2
1633,2022-11-03,2022,2023,3.7,3.7,3.8,5,4.8,5.1,8.7,9.8,1170,33.1,1.11,1.053,103,4.89,6.22,8.54,2
1634,2022-11-04,2022,2023,3.8,3.8,3.9,4.1,3.9,4.2,7.9,9.9,1190,33.7,1.12,1.049,86,4.95,5.79,7.16,2
1635,2022-11-05,2022,2023,3.7,3.6,3.8,3.4,3.1,3.6,7,10.2,1230,34.8,1.14,1.035,82,5.23,6.15,7.16,2
1636,2022-11-06,2022,2023,2.5,2.4,2.6,3,2.7,3.2,5.5,10.4,1250,35.4,1.14,1.024,32,5.21,6.37,10.88,2
1637,2022-11-07,2022,2023,1.6,1.5,1.8,2.2,2,2.5,3.9,10.7,1290,36.5,1.16,1.023,51,6.46,7.82,55.41,2
1638,2022-11-08,2022,2023,1.8,1.7,1.9,2.2,2,2.3,4,10.3,1240,35.1,1.14,1.02,49,7.96,10.9,99.17,2
1639,2022-11-09,2022,2023,2.2,2.2,2.3,3.9,3.8,3.9,6.1,10.2,1230,34.8,1.14,1.022,102,6.34,7.77,10.38,2
1640,2022-11-10,2022,2023,2.4,2.3,2.5,3.9,3.8,4,6.3,10.1,1210,34.3,1.13,1.037,99,5.74,7,8.85,2
1641,2022-11-11,2022,2023,2.5,2.4,2.6,2.9,2.7,3.1,5.4,10.1,1210,34.3,1.13,1.032,74,5.4,6.63,9.13,2
1642,2022-11-12,2022,2023,2.4,2.3,2.4,2.7,2.6,2.9,5.1,10.1,1210,34.3,1.13,1.029,103,5.49,6.41,8.58,2
1643,2022-11-13,2022,2023,2.4,2.3,2.5,3,2.8,3.1,5.4,10,1200,34,1.12,1.026,130,5.12,5.98,8.11,2
1644,2022-11-14,2022,2023,2.4,2.3,2.5,2.5,2.3,2.7,4.9,10,1200,34,1.12,1.025,133,4.99,5.84,7.3,2
1645,2022-11-15,2022,2023,2.3,2.2,2.4,2.8,2.7,3,5.1,10,1200,34,1.12,1.024,133,4.79,5.56,8.44,2
1646,2022-11-16,2022,2023,2.4,2.2,2.5,2.6,2.4,2.8,5,9.9,1190,33.7,1.12,1.027,133,4.57,5.49,6.92,2
1647,2022-11-17,2022,2023,2.6,2.5,2.7,1.7,1.4,1.9,4.3,10,1200,34,1.12,1.021,99,4.79,5.45,7.15,2
1648,2022-11-18,2022,2023,2.2,2,2.3,1.7,1.5,1.9,3.8,10,1200,34,1.12,1.017,130,4.58,5.42,7.78,2
1649,2022-11-19,2022,2023,2.2,2.1,2.2,1.6,1.4,1.7,3.7,10,1200,34,1.12,1.015,128,4.11,5,6.73,2
1650,2022-11-20,2022,2023,2.2,2.1,2.3,1.1,1,1.3,3.3,10,1200,34,1.12,1.014,113,4.17,4.66,5.75,2
1651,2022-11-21,2022,2023,2.2,2.1,2.3,0.8,0.6,0.9,3,9.9,1190,33.7,1.12,1.01,87,4.02,4.58,6.29,2
1652,2022-11-22,2022,2023,2.3,2.3,2.4,0.2,0.1,0.3,2.5,9.9,1190,33.7,1.12,1.007,67,3.86,4.42,7.38,2
1653,2022-11-23,2022,2023,2.1,2,2.3,0.3,0.1,0.5,2.4,10,1200,34,1.12,1.003,98,3.61,4.29,5.93,2
1654,2022-11-24,2022,2023,2.1,2,2.3,0.1,-0.1,0.3,2.3,10.1,1210,34.3,1.13,1.002,117,3.46,4.27,5.58,2
1655,2022-11-25,2022,2023,2.5,2.4,2.6,-0.6,-0.7,-0.4,1.9,10.1,1210,34.3,1.13,0.999,69,3.44,4.19,6.2,0
1656,2022-11-26,2022,2023,2.1,2,2.2,-0.8,-1.1,-0.6,1.2,10.1,1210,34.3,1.13,0.99,114,3.46,4.2,5.57,0
1657,2022-11-27,2022,2023,2.4,2.2,2.5,-1.8,-2,-1.5,0.6,10.1,1210,34.3,1.13,0.988,63,3.22,3.9,5.55,0
1658,2022-11-28,2022,2023,1.9,1.9,2,-2.3,-2.4,-2.2,-0.4,10.2,1220,34.5,1.13,0.976,53,3.24,3.82,4.77,0
1659,2022-11-29,2022,2023,2.3,2.3,2.4,-2.3,-2.4,-2.2,0,10.2,1220,34.5,1.13,0.976,82,3.29,3.78,4.93,0
1660,2022-11-30,2022,2023,1.6,1.4,1.7,-3.7,-3.9,-3.5,-2.2,10.2,1230,34.8,1.14,0.962,22,3.44,4.05,5.34,0
1661,2022-12-01,2022,2023,1.4,1.4,1.5,-2.8,-2.9,-2.7,-1.3,10.8,1310,37.1,1.17,0.96,69,4.38,4.77,5.61,0
1662,2022-12-02,2022,2023,1.9,1.8,2,-2,-2.1,-1.9,-0.1,10.1,1210,34.3,1.13,0.973,90,4.38,4.93,5.4,0
1663,2022-12-03,2022,2023,2,1.9,2.1,-2.6,-2.7,-2.5,-0.6,9.9,1190,33.7,1.12,0.976,88,4.09,4.51,5.29,0
1664,2022-12-04,2022,2023,2,2,2.1,-3.1,-3.2,-3.1,-1.1,10.1,1210,34.3,1.13,0.973,60,3.88,4.27,5.04,0
1665,2022-12-05,2022,2023,2.1,2,2.2,-2.9,-3,-2.8,-0.8,10.2,1230,34.8,1.14,0.974,59,3.9,4.31,5.16,0
1666,2022-12-06,2022,2023,2,1.9,2.1,-2,-2.1,-1.9,0,10.1,1210,34.3,1.13,0.975,96,4.07,4.43,6,0
1667,2022-12-07,2022,2023,1.8,1.8,1.9,-1.6,-1.7,-1.5,0.2,10,1200,34,1.12,0.978,53,4,4.44,5.55,0
1668,2022-12-08,2022,2023,0.9,0.8,0.9,-1.9,-1.9,-1.8,-1,10.1,1210,34.3,1.13,0.981,14,3.97,4.36,6.06,0
1669,2022-12-09,2022,2023,1.8,1.7,2,-3.4,-3.6,-3.2,-1.6,10.2,1230,34.8,1.14,0.97,38,4.07,4.6,6.86,0
1670,2022-12-10,2022,2023,1.5,1.4,1.5,-4.7,-4.8,-4.6,-3.3,10.7,1300,36.8,1.16,0.96,30,4.3,4.63,5.35,0
1671,2022-12-11,2022,2023,1.9,1.9,2,-3.5,-3.6,-3.4,-1.6,10.7,1290,36.5,1.16,0.959,81,4.57,5.41,7.35,0
1672,2022-12-12,2022,2023,2,2,2,-2.5,-2.6,-2.4,-0.5,10.4,1250,35.4,1.14,0.97,64,4.32,5.07,7.06,0
1673,2022-12-13,2022,2023,1.7,1.6,1.7,-1.6,-1.7,-1.5,0.1,10.3,1240,35.1,1.14,0.976,88,4.36,4.74,6.3,0
1674,2022-12-14,2022,2023,1.8,1.8,1.9,-1.5,-1.6,-1.4,0.3,10.2,1230,34.8,1.14,0.981,80,4.26,4.7,7.49,0
1675,2022-12-15,2022,2023,1.8,1.7,1.8,-1,-1.1,-0.9,0.8,10.2,1220,34.5,1.13,0.983,105,3.93,4.46,6.17,0
1676,2022-12-16,2022,2023,1.6,1.5,1.6,-0.7,-0.9,-0.6,0.8,10.1,1210,34.3,1.13,0.99,103,4.11,4.61,6.34,0
1677,2022-12-17,2022,2023,1.6,1.5,1.8,-1.2,-1.3,-1,0.5,10.1,1210,34.3,1.13,0.988,103,4.3,4.6,6.35,0
1678,2022-12-18,2022,2023,1.7,1.6,1.8,-1.1,-1.2,-0.9,0.6,10.1,1210,34.3,1.13,0.986,89,4.3,4.69,5.85,0
1679,2022-12-19,2022,2023,1.8,1.7,1.9,-0.7,-0.9,-0.6,1.1,10.1,1210,34.3,1.13,0.99,73,4.24,4.75,7.37,0
1680,2022-12-20,2022,2023,1.4,1.3,1.4,-0.7,-0.8,-0.6,0.7,10.1,1210,34.3,1.13,0.994,19,4.37,4.7,5.85,0
1681,2022-12-21,2022,2023,1.9,1.9,2,-1.1,-1.2,-1,0.9,10.2,1230,34.8,1.14,0.998,56,4.43,4.99,6.94,0
1682,2022-12-22,2022,2023,1.5,1.4,1.5,-1.4,-1.5,-1.4,0,10.4,1250,35.4,1.14,0.99,28,4.6,5.16,6.94,0
1683,2022-12-23,2022,2023,1.8,1.7,1.9,-0.9,-1.1,-0.8,0.8,10.7,1290,36.5,1.16,0.988,33,4.74,5.22,6.75,0
1684,2022-12-24,2022,2023,1.5,1.5,1.6,-0.1,-0.2,0,1.4,11.3,1380,39.1,1.2,0.995,33,4.83,5.55,7.17,0
1685,2022-12-25,2022,2023,1.1,1,1.1,-0.6,-0.7,-0.5,0.5,12.5,1650,46.7,1.3,0.995,40,7.31,8.6,11.9,0
1686,2022-12-26,2022,2023,1.5,1.4,1.7,-3.8,-4,-3.6,-2.2,12.7,1760,49.8,1.34,0.97,22,6.26,7.93,40.24,0
1687,2022-12-27,2022,2023,-0.5,-1.3,0.3,-7.5,-8.7,-6.2,-8,12.1,5710,161.7,2.27,0.922,33,40.91,417.46,1337.42,0
1688,2022-12-28,2022,2023,0.1,0,0.1,-2.6,-2.6,-2.5,-2.5,12,4230,119.8,1.98,0.979,76,29.02,55.93,128.59,0
1689,2022-12-29,2022,2023,0.2,0.2,0.3,-3.3,-3.4,-3.2,-3.1,12,2960,83.8,1.69,0.978,28,15.92,23.26,30.56,0
1690,2022-12-30,2022,2023,0.4,0.3,0.5,-5.4,-5.6,-5.2,-5,12,4840,137.1,2.1,0.976,11,16.48,27.08,96.17,0
1691,2022-12-31,2022,2023,-0.4,-0.7,-0.2,-4,-4.4,-3.6,-4.4,12.3,8650,244.9,2.73,0.97,59,47.36,97.63,155.2,0
1692,2023-01-01,2023,2023,0.3,0.2,0.3,-1.6,-1.7,-1.5,-1.3,12.1,5730,162.3,2.27,0.987,104,18.59,28.88,48.75,0
1693,2023-01-02,2023,2023,-0.2,-0.2,-0.2,-2.6,-2.6,-2.5,-2.8,12,4070,115.2,1.95,0.984,24,13.68,17.59,25.47,0
1694,2023-01-03,2023,2023,0.2,0.2,0.3,-2.3,-2.4,-2.3,-2.1,12,3310,93.7,1.77,0.986,26,11.17,13.01,16.63,0
1695,2023-01-04,2023,2023,0.5,0.4,0.6,-4.9,-5,-4.7,-4.4,12,2860,81,1.66,0.972,38,9.49,11.2,13.8,0
1696,2023-01-05,2023,2023,-0.5,-0.7,-0.3,-2.5,-2.7,-2.2,-3,12,3000,85,1.7,0.97,49,8.97,15.58,85.99,0
1697,2023-01-06,2023,2023,0.2,0.1,0.3,-1.1,-1.2,-1,-0.9,12,3340,94.6,1.78,0.988,68,13.3,20.02,39.57,0
1698,2023-01-07,2023,2023,0.3,0.3,0.3,-3.2,-3.3,-3.1,-2.9,12,2940,83.3,1.68,0.979,36,10.74,11.88,14.19,0
1699,2023-01-08,2023,2023,0.1,0.1,0.2,-2.6,-2.7,-2.5,-2.4,12,3120,88.3,1.73,0.978,47,10.63,14.83,82.78,0
1700,2023-01-09,2023,2023,0,-0.2,0.1,-3.8,-4,-3.6,-3.8,12,3480,98.5,1.81,0.975,67,12.54,15.13,301.23,0
1701,2023-01-10,2023,2023,-0.6,-0.7,-0.5,-3.3,-3.5,-3.2,-4,12,4080,115.5,1.95,0.976,44,19.43,31.5,155.13,0
1702,2023-01-11,2023,2023,0,-0.1,0,-2.1,-2.2,-2,-2.1,12,3360,95.1,1.79,0.983,15,13.6,15.44,21.18,0
1703,2023-01-12,2023,2023,0.3,0.2,0.3,-2.7,-2.8,-2.6,-2.4,12,3280,92.9,1.77,0.985,58,11.53,14.1,19.73,0
1704,2023-01-13,2023,2023,0.1,0.1,0.1,-2.9,-2.9,-2.8,-2.7,12,3450,97.7,1.81,0.982,30,10.53,11.27,15.87,0
1705,2023-01-14,2023,2023,-0.3,-0.3,-0.2,-4.9,-5,-4.8,-5.2,12,4650,131.7,2.07,0.973,26,14.34,21.51,36.62,0
1706,2023-01-15,2023,2023,0,-0.1,0,-4.2,-4.3,-4.1,-4.2,12,5040,142.7,2.14,0.974,60,17.78,25.04,43.21,0
1707,2023-01-16,2023,2023,-0.2,-0.2,-0.1,-2.7,-2.8,-2.6,-2.9,12,3970,112.4,1.93,0.973,86,12.14,14.18,17.6,0
1708,2023-01-17,2023,2023,0.2,0.2,0.2,-1.5,-1.6,-1.4,-1.3,12,3340,94.6,1.78,0.983,60,10.64,12.2,14.16,0
1709,2023-01-18,2023,2023,-0.1,-0.2,0.1,-1.6,-1.8,-1.5,-1.7,12,2930,83,1.68,0.984,23,9.22,10.2,11.29,0
1710,2023-01-19,2023,2023,0.2,0.2,0.3,-0.1,-0.2,0,0.2,12.1,2700,76.5,1.62,0.99,107,8.97,9.76,10.94,0
1711,2023-01-20,2023,2023,0.2,0.1,0.2,0.2,0.2,0.3,0.4,12.2,2510,71.1,1.57,0.996,122,8.51,9.43,10.87,0
1712,2023-01-21,2023,2023,0.4,0.3,0.5,0,-0.1,0.1,0.4,12.3,2360,66.8,1.52,0.997,101,8.05,8.66,9.98,0
1713,2023-01-22,2023,2023,0.3,0.3,0.4,0,-0.1,0.1,0.4,12.3,2250,63.7,1.49,0.995,118,7.74,8.44,9.48,0
1714,2023-01-23,2023,2023,0.2,0.1,0.3,0.2,0.1,0.3,0.4,12.4,2170,61.4,1.47,0.995,125,7.61,8.69,10.22,0
1715,2023-01-24,2023,2023,0.3,0.2,0.4,0.7,0.5,0.8,1,12.5,2100,59.5,1.45,0.998,127,8.21,8.83,9.51,0
1716,2023-01-25,2023,2023,0.3,0.2,0.4,0.9,0.8,1.1,1.2,12.5,2030,57.5,1.42,1.001,129,8.13,8.69,9.63,2
1717,2023-01-26,2023,2023,0.5,0.3,0.6,0.5,0.3,0.7,1,12.5,2000,56.6,1.41,1,133,7.72,8.43,9.17,0
1718,2023-01-27,2023,2023,0.4,0.3,0.6,-0.8,-1,-0.5,-0.3,12.6,1960,55.5,1.4,0.99,119,7.42,7.97,8.5,0
1719,2023-01-28,2023,2023,0.5,0.4,0.7,-1.9,-2.1,-1.7,-1.4,12.6,1950,55.2,1.4,0.982,133,7.32,7.91,8.47,0
1720,2023-01-29,2023,2023,0.2,0.1,0.3,-1.3,-1.4,-1.1,-1.1,12.6,1920,54.4,1.39,0.983,143,7.22,7.75,8.21,0
1721,2023-01-30,2023,2023,0.4,0.3,0.4,-0.1,-0.2,0,0.3,12.6,1870,53,1.37,0.986,142,7.12,7.78,9.74,0
1722,2023-01-31,2023,2023,0.6,0.5,0.7,-0.9,-1.1,-0.7,-0.3,12.7,1830,51.8,1.36,0.993,111,6.69,7.33,9.53,0
1723,2023-02-01,2023,2023,0.5,0.4,0.6,-1.2,-1.3,-1,-0.6,12.7,1820,51.5,1.36,0.989,130,6.41,6.94,8.86,0
1724,2023-02-02,2023,2023,0.8,0.7,1,-2.2,-2.4,-1.9,-1.4,12.7,1800,51,1.35,0.986,90,6.41,6.82,7.6,0
1725,2023-02-03,2023,2023,0.3,0.3,0.4,-1.4,-1.5,-1.4,-1.1,12.7,1790,50.7,1.35,0.985,43,6.2,6.73,9.08,0
1726,2023-02-04,2023,2023,0.7,0.6,0.9,-2.8,-3.1,-2.6,-2.1,12.7,1770,50.1,1.34,0.978,82,6.16,6.62,7.62,0
1727,2023-02-05,2023,2023,0.2,0.1,0.3,-1,-1.1,-0.8,-0.8,12.7,1840,52.1,1.36,0.978,72,6.25,6.76,7.49,0
1728,2023-02-06,2023,2023,0.8,0.8,0.9,0.2,0.1,0.3,1,12.7,1810,51.3,1.35,0.994,123,6.11,6.71,8.57,0
1729,2023-02-07,2023,2023,0.7,0.6,0.8,0,-0.2,0.1,0.7,12.7,1770,50.1,1.34,0.996,119,5.67,6.21,7.13,0
1730,2023-02-08,2023,2023,0.8,0.7,0.8,-0.2,-0.3,0,0.6,12.7,1740,49.3,1.33,0.994,143,5.41,5.8,6.51,0
1731,2023-02-09,2023,2023,0.9,0.8,1.1,-1.1,-1.3,-0.9,-0.2,12.7,1740,49.3,1.33,0.988,158,5.57,6.08,7.39,0
1732,2023-02-10,2023,2023,0.9,0.8,1,-2.1,-2.3,-1.9,-1.2,12.7,1720,48.7,1.32,0.985,109,6.08,6.44,8.18,0
1733,2023-02-11,2023,2023,0.7,0.6,0.8,-1.8,-2,-1.7,-1.1,12.7,1740,49.3,1.33,0.983,156,6.25,6.6,7.23,0
1734,2023-02-12,2023,2023,0.9,0.8,1,-1.8,-2,-1.6,-0.9,12.6,1710,48.4,1.32,0.982,163,6.27,6.71,8.54,0
1735,2023-02-13,2023,2023,1,0.9,1.1,-2.2,-2.4,-2.1,-1.3,12.6,1700,48.1,1.31,0.981,123,5.76,6.58,8.22,0
1736,2023-02-14,2023,2023,0.7,0.6,0.8,-1.6,-1.7,-1.4,-0.9,12.6,1690,47.9,1.31,0.976,101,5.72,6.16,8.21,0
1737,2023-02-15,2023,2023,1.1,1,1.2,-1.1,-1.2,-0.9,0,12.4,1600,45.3,1.28,0.988,178,5.54,6.06,6.55,0
1738,2023-02-16,2023,2023,1.2,1.1,1.3,-1.8,-2,-1.6,-0.7,12.2,1550,43.9,1.26,0.987,88,5.58,5.97,6.64,0
1739,2023-02-17,2023,2023,1.1,1,1.2,-1.7,-1.8,-1.5,-0.6,12.1,1540,43.6,1.26,0.985,172,5.51,5.92,6.71,0
1740,2023-02-18,2023,2023,1.2,1.1,1.3,-1.8,-2,-1.7,-0.6,12.1,1520,43,1.25,0.982,132,5.37,5.78,7.76,0
1741,2023-02-19,2023,2023,1.3,1.2,1.4,-1.5,-1.6,-1.3,-0.2,12,1510,42.8,1.25,0.984,169,5.38,5.66,7.46,0
1742,2023-02-20,2023,2023,1.8,1.7,2,-2.3,-2.5,-2,-0.5,11.9,1490,42.2,1.24,0.985,151,5.34,5.68,6.38,0
1743,2023-02-21,2023,2023,1.5,1.4,1.6,-3,-3.2,-2.9,-1.5,11.9,1490,42.2,1.24,0.973,109,4.59,5.44,6.29,0
1744,2023-02-22,2023,2023,1.5,1.4,1.5,-2.9,-3,-2.7,-1.4,12,1500,42.5,1.24,0.97,116,5.1,5.51,6.02,0
1745,2023-02-23,2023,2023,1.7,1.6,1.8,-3.8,-4.1,-3.6,-2.1,12,1510,42.8,1.25,0.971,107,5.22,5.52,6.76,0
1746,2023-02-24,2023,2023,1.5,1.5,1.6,-2.4,-2.5,-2.4,-0.9,12.1,1520,43,1.25,0.971,142,5,5.54,6.25,0
1747,2023-02-25,2023,2023,1.9,1.8,2.1,-2.7,-3,-2.5,-0.8,12,1510,42.8,1.25,0.977,193,5.03,5.37,6.61,0
1748,2023-02-26,2023,2023,2,1.9,2.1,-2.8,-2.9,-2.6,-0.8,11.8,1470,41.6,1.23,0.977,98,5.06,5.49,6.51,0
1749,2023-02-27,2023,2023,1.4,1.3,1.5,-3.7,-3.8,-3.6,-2.3,11.9,1480,41.9,1.23,0.964,32,5.08,5.46,7.35,0
1750,2023-02-28,2023,2023,1.3,1.2,1.3,-3.2,-3.3,-3.1,-1.9,12.1,1520,43,1.25,0.962,79,4.99,5.36,6.18,0
1751,2023-03-01,2023,2023,1.9,1.9,2,-1.1,-1.2,-1,0.8,11.9,1480,41.9,1.23,0.978,185,4.9,5.19,5.87,0
1752,2023-03-02,2023,2023,2.5,2.4,2.6,-1.7,-1.9,-1.5,0.8,12,1510,42.8,1.25,0.988,105,5.06,5.3,5.93,0
1753,2023-03-03,2023,2023,3,2.8,3.2,-2.6,-2.9,-2.3,0.5,12,1510,42.8,1.25,0.979,169,4.61,5.07,5.72,0
1754,2023-03-04,2023,2023,2.4,2.2,2.5,-4.5,-4.7,-4.2,-2.1,12.2,1540,43.6,1.26,0.961,84,4.59,4.93,5.53,0
1755,2023-03-05,2023,2023,2.5,2.4,2.6,-3.5,-3.7,-3.3,-0.9,12.2,1560,44.2,1.26,0.957,126,4.44,4.88,5.61,0
1756,2023-03-06,2023,2023,2.9,2.8,3,-2.7,-2.9,-2.5,0.2,12.1,1530,43.3,1.25,0.975,159,4.39,4.77,5.27,0
1757,2023-03-07,2023,2023,2.8,2.6,3,-2.8,-3.1,-2.5,0,12.1,1530,43.3,1.25,0.976,101,4.28,4.64,5.04,0
1758,2023-03-08,2023,2023,3.3,3.2,3.4,-2.8,-3,-2.6,0.5,12.2,1550,43.9,1.26,0.964,139,4.21,4.53,6,0
1759,2023-03-09,2023,2023,3,2.8,3.2,-4.8,-5.1,-4.4,-1.8,12.3,1580,44.7,1.27,0.958,55,4.38,4.72,5.67,0
1760,2023-03-10,2023,2023,2.7,2.6,2.8,-3.6,-3.7,-3.5,-0.9,12.6,1890,53.5,1.38,0.958,136,5.46,6.97,7.85,0
1761,2023-03-11,2023,2023,2.8,2.8,2.9,-3.1,-3.2,-3,-0.3,12.6,1950,55.2,1.4,0.976,175,7.19,8.24,11.32,0
1762,2023-03-12,2023,2023,3.1,3,3.2,-4,-4.1,-3.8,-0.9,12.6,1960,55.5,1.4,0.977,95,5.7,6.44,8,0
1763,2023-03-13,2023,2023,0.9,0.7,1,-2.7,-2.9,-2.4,-1.8,12.1,2690,76.2,1.62,0.975,34,5.74,7.33,18.05,0
1764,2023-03-14,2023,2023,-0.7,-0.7,-0.7,-3.3,-3.4,-3.2,-4,12,4730,133.9,2.08,0.975,41,15.57,23,72.13,0
1765,2023-03-15,2023,2023,-0.3,-0.5,-0.2,-2.7,-3,-2.5,-3.1,12.1,6020,170.5,2.32,0.977,231,44.95,84.16,143.37,0
1766,2023-03-16,2023,2023,0.6,0.5,0.7,-2.7,-2.9,-2.5,-2.1,12,4960,140.5,2.13,0.983,238,22.37,27.43,58.81,0
1767,2023-03-17,2023,2023,1.1,0.9,1.2,-2.4,-2.6,-2.2,-1.3,12,4370,123.7,2.01,0.984,198,19.8,22.49,25.26,0
1768,2023-03-18,2023,2023,1.6,1.5,1.7,-3.4,-3.5,-3.3,-1.8,12,4020,113.8,1.94,0.983,160,17.29,20.6,23.08,0
1769,2023-03-19,2023,2023,1.3,1.1,1.4,-4.4,-4.6,-4.1,-3.1,12,3830,108.5,1.89,0.976,85,15.07,16.8,19.14,0
1770,2023-03-20,2023,2023,2,2,2.1,-3.9,-4,-3.9,-1.9,12,4030,114.1,1.94,0.974,231,13.92,15.11,16.51,0
1771,2023-03-21,2023,2023,1.3,1.3,1.3,-4.7,-4.8,-4.7,-3.4,12,3830,108.5,1.89,0.97,178,13.41,14.45,17.14,0
1772,2023-03-22,2023,2023,1.5,1.4,1.6,-2.9,-3.1,-2.7,-1.4,12,3490,98.8,1.82,0.97,179,10.3,11.95,14.28,0
1773,2023-03-23,2023,2023,1.3,1.2,1.4,-0.5,-0.6,-0.3,0.8,12,3200,90.6,1.75,0.982,97,8.98,10.53,12.53,0
1774,2023-03-24,2023,2023,1.7,1.6,1.7,0.1,0.1,0.2,1.8,12,2970,84.1,1.69,0.991,111,8.25,9.45,10.45,0
1775,2023-03-25,2023,2023,1.7,1.6,1.7,-0.1,-0.2,0,1.6,12,2810,79.6,1.65,0.993,157,8.39,9.01,9.73,0
1776,2023-03-26,2023,2023,2.3,2.2,2.3,-0.5,-0.6,-0.5,1.7,12.1,2700,76.5,1.62,0.992,258,7.81,8.58,9.27,0
1777,2023-03-27,2023,2023,1.7,1.5,1.8,-2.1,-2.4,-1.8,-0.4,12.1,2590,73.3,1.59,0.983,77,7.54,8.11,10.18,0
1778,2023-03-28,2023,2023,1.4,1.3,1.5,-3.6,-3.8,-3.5,-2.2,12.1,2670,75.6,1.61,0.971,105,6.78,7.62,8.29,0
1779,2023-03-29,2023,2023,1.5,1.5,1.5,-2.5,-2.6,-2.4,-1,12.1,2590,73.3,1.59,0.974,184,6.65,7.31,7.93,0
1780,2023-03-30,2023,2023,1.5,1.5,1.6,-1.8,-2,-1.7,-0.3,12.2,2520,71.4,1.57,0.981,164,6.28,6.83,7.69,0
1781,2023-03-31,2023,2023,2,1.9,2.1,-1.5,-1.7,-1.4,0.5,12.2,2460,69.7,1.55,0.984,165,5.87,6.62,8.16,0
1782,2023-04-01,2023,2023,1.9,1.8,2,-1.1,-1.2,-1,0.7,12.2,2510,71.1,1.57,0.985,99,5.76,6.15,7.13,0
1783,2023-04-02,2023,2023,1.5,1.4,1.5,-0.9,-1,-0.8,0.6,12,2860,81,1.66,0.986,96,7.11,7.92,9.27,0
1784,2023-04-03,2023,2023,1.4,1.3,1.5,-0.2,-0.3,-0.1,1.2,12,2810,79.6,1.65,0.985,166,6.35,7.13,7.85,0
1785,2023-04-04,2023,2023,1.7,1.6,1.7,-0.1,-0.2,0,1.6,12,2720,77,1.62,0.99,148,5.73,6.3,7.31,0
1786,2023-04-05,2023,2023,2.5,2.4,2.5,-1,-1.1,-0.8,1.5,12.1,2660,75.3,1.61,0.99,200,5.39,5.96,7.34,0
1787,2023-04-06,2023,2023,1.7,1.7,1.8,-1.8,-1.9,-1.7,-0.1,12.1,2630,74.5,1.6,0.986,115,5.65,6.23,6.75,0
1788,2023-04-07,2023,2023,2.6,2.5,2.7,-1.8,-1.9,-1.6,0.8,12,2840,80.4,1.66,0.982,118,5.61,6.09,6.85,0
1789,2023-04-08,2023,2023,2.6,2.5,2.7,-0.7,-0.9,-0.5,1.9,12,3010,85.2,1.7,0.985,187,5.56,6.29,7.01,0
1790,2023-04-09,2023,2023,3.2,3.2,3.3,-0.9,-1,-0.8,2.3,12,3080,87.2,1.72,0.988,165,5.73,6.29,7.15,0
1791,2023-04-10,2023,2023,3.4,3.3,3.5,-1.7,-1.9,-1.5,1.7,12,3570,101.1,1.84,0.986,249,6.58,7.3,12.68,0
1792,2023-04-11,2023,2023,1.3,1.2,1.4,0.1,0,0.2,1.4,12.1,5160,146.1,2.17,0.986,267,12,15.84,25.86,0
1793,2023-04-12,2023,2023,1.4,1.2,1.6,-0.2,-0.5,0.1,1.2,12.1,5140,145.5,2.16,0.989,263,11.54,13.99,21.08,0
1794,2023-04-13,2023,2023,2.5,2.4,2.6,-2.1,-2.3,-2,0.3,12,4480,126.9,2.03,0.985,270,8.81,10.35,13.03,0
1795,2023-04-14,2023,2023,2.5,2.5,2.6,-1.6,-1.7,-1.5,0.9,12,4000,113.3,1.93,0.983,296,7.19,7.93,10.12,0
1796,2023-04-15,2023,2023,3.2,3.1,3.2,-1.5,-1.5,-1.4,1.7,12,3750,106.2,1.88,0.986,296,6.35,7.03,9.35,0
1797,2023-04-16,2023,2023,2.5,2.5,2.6,-0.6,-0.8,-0.5,1.9,12,3710,105.1,1.87,0.984,136,5.57,6.2,10.38,0
1798,2023-04-17,2023,2023,2.1,1.9,2.3,-1.7,-2,-1.4,0.5,12,3720,105.3,1.87,0.985,106,5.49,5.87,9.47,0
1799,2023-04-18,2023,2023,2.9,2.8,3.1,-1.8,-2,-1.5,1.1,12,3630,102.8,1.85,0.98,215,4.47,5.61,8.72,0
1800,2023-04-19,2023,2023,2.3,2.1,2.4,0.3,0.1,0.6,2.6,12,3490,98.8,1.82,0.981,196,3.96,4.93,6.96,0
1801,2023-04-20,2023,2023,0.4,-0.7,1.5,-5.9,-7.6,-4.3,-5.5,12.2,7460,211.2,2.56,0.935,144,5.03,93.8,281.66,0
1802,2023-04-21,2023,2023,0.7,0.6,0.9,-2.5,-2.6,-2.3,-1.7,12.3,7860,222.6,2.62,0.988,227,37.83,53.2,94.32,0
1803,2023-04-22,2023,2023,0.8,0.6,1.1,-5,-5.3,-4.6,-4.2,12.3,8150,230.8,2.66,0.98,278,31.56,40.68,57.25,0
1804,2023-04-23,2023,2023,0,-0.2,0.1,-3.2,-3.4,-2.9,-3.2,12.3,8020,227.1,2.64,0.976,309,17.52,34.33,47.31,0
1805,2023-04-24,2023,2023,0.8,0.7,0.8,-1.5,-1.6,-1.3,-0.7,12.2,7480,211.8,2.56,0.982,319,16.74,20.37,23.98,0
1806,2023-04-25,2023,2023,1.4,1.3,1.6,-2,-2.2,-1.7,-0.5,12.2,6810,192.8,2.45,0.988,316,19.36,21.42,26.64,0
1807,2023-04-26,2023,2023,1.8,1.7,1.9,-2.1,-2.2,-1.9,-0.2,12.2,6740,190.9,2.44,0.986,316,14.59,19.09,26.53,0
1808,2023-04-27,2023,2023,1.6,1.5,1.8,-1.9,-2.2,-1.6,-0.3,12.2,7240,205,2.52,0.988,321,15.69,17.96,26.93,0
1809,2023-04-28,2023,2023,0.9,0.7,1.1,-1.2,-1.4,-0.9,-0.3,12.3,8050,228,2.65,0.987,319,20.15,22.24,33.35,0
1810,2023-04-29,2023,2023,1.6,1.5,1.8,-1.9,-2.1,-1.7,-0.3,12.4,8820,249.8,2.76,0.99,320,21.17,25.14,32.83,0
1811,2023-04-30,2023,2023,1.7,1.6,1.8,-3,-3.1,-2.8,-1.3,12.4,9230,261.4,2.81,0.987,302,19.61,23.38,28.88,0
1812,2023-05-01,2023,2023,0.6,0.5,0.7,-3.8,-4,-3.7,-3.2,12.3,8680,245.8,2.74,0.983,97,17.02,19.02,27.1,0
1813,2023-05-02,2023,2023,0.5,0.3,0.7,-3.5,-3.7,-3.2,-2.9,12.3,7740,219.2,2.6,0.981,157,10.3,15.79,20.14,0
1814,2023-05-03,2023,2023,1.6,1.6,1.7,-4.4,-4.5,-4.3,-2.7,12.2,7060,199.9,2.49,0.982,251,11.61,13.51,18.54,0
1815,2023-05-04,2023,2023,0.8,0.7,0.8,-3.5,-3.6,-3.4,-2.7,12.2,6570,186,2.41,0.98,76,10.09,11.4,15.14,0
1816,2023-05-05,2023,2023,1,1,1,-2.5,-2.5,-2.5,-1.5,12.1,6290,178.1,2.37,0.985,138,9.73,10.77,11.83,0
1817,2023-05-06,2023,2023,1.5,1.4,1.5,-2.2,-2.3,-2.1,-0.7,12.1,6180,175,2.35,0.987,225,9.23,10.25,11.75,0
1818,2023-05-07,2023,2023,1.5,1.4,1.6,-2.7,-2.8,-2.5,-1.1,12.1,5950,168.5,2.31,0.987,145,8.94,9.74,11.85,0
1819,2023-05-08,2023,2023,0.5,0.5,0.6,-1.5,-1.7,-1.4,-1,12.1,5890,166.8,2.3,0.985,242,9.21,11.84,65.35,0
1820,2023-05-09,2023,2023,2.3,2.1,2.4,-3,-3.2,-2.8,-0.7,12.1,5730,162.3,2.27,0.988,325,9.13,9.97,11.59,0
1821,2023-05-10,2023,2023,2.1,2,2.2,-2.5,-2.6,-2.3,-0.4,12.1,5600,158.6,2.25,0.984,257,9.32,9.8,11.56,0
1822,2023-05-11,2023,2023,2.8,2.7,2.9,-2.6,-2.8,-2.4,0.2,12.1,5620,159.1,2.25,0.986,336,9.92,10.59,12.65,0
1823,2023-05-12,2023,2023,2.9,2.7,3,-2.1,-2.3,-1.8,0.8,12.1,5830,165.1,2.29,0.986,338,10.59,11.61,13.53,0
1824,2023-05-13,2023,2023,2.9,2.7,3.1,-2.5,-2.8,-2.3,0.3,12.1,6420,181.8,2.39,0.986,348,11.55,12.88,18.96,0
1825,2023-05-14,2023,2023,2,1.9,2.1,-2.6,-2.7,-2.5,-0.6,12.2,7160,202.7,2.51,0.982,332,12.16,14.97,18.28,0
1826,2023-05-15,2023,2023,1.5,1.3,1.6,-1.1,-1.4,-0.9,0.3,12.3,7710,218.3,2.6,0.985,283,13.37,15.82,20.56,0
1827,2023-05-16,2023,2023,2.4,2.3,2.5,-1.6,-1.7,-1.5,0.8,12.3,8050,228,2.65,0.99,343,13.48,17.05,26.99,0
1828,2023-05-17,2023,2023,1.9,1.8,2,-2.3,-2.4,-2.1,-0.4,12.3,8070,228.5,2.65,0.989,343,12.83,16.35,20.33,0
1829,2023-05-18,2023,2023,1.9,1.8,2,-2.3,-2.5,-2.2,-0.4,12.3,8040,227.7,2.64,0.985,346,13.51,16.89,22.16,0
1830,2023-05-19,2023,2023,1.7,1.6,1.8,-1.4,-1.5,-1.2,0.3,12.3,8130,230.2,2.66,0.987,345,14.33,17.45,25.28,0
1831,2023-05-20,2023,2023,2,1.9,2.1,-1.8,-2,-1.6,0.2,12.3,8190,231.9,2.67,0.989,346,15.07,18.42,29.1,0
1832,2023-05-21,2023,2023,1.5,1.3,1.6,-0.9,-1.1,-0.7,0.5,12.3,8030,227.4,2.64,0.987,351,15.09,18.14,29.84,0
1833,2023-05-22,2023,2023,2.3,2.2,2.4,-2.1,-2.2,-1.9,0.2,12.2,7550,213.8,2.57,0.988,313,13.91,15.95,19.39,0
1834,2023-05-23,2023,2023,2.2,2.2,2.3,-3.4,-3.5,-3.3,-1.1,12.2,6750,191.1,2.44,0.983,359,12.28,13.34,15.5,0
1835,2023-05-24,2023,2023,2.7,2.6,2.7,-4.3,-4.4,-4.2,-1.6,12.1,6150,174.1,2.34,0.98,352,10.89,11.95,13.76,0
1836,2023-05-25,2023,2023,2.6,2.4,2.7,-4.9,-5.1,-4.8,-2.4,12.1,5780,163.7,2.28,0.977,338,10.6,11.21,12.46,0
1837,2023-05-26,2023,2023,2.4,2.3,2.6,-4.1,-4.3,-3.9,-1.6,12.1,5630,159.4,2.25,0.976,291,10.06,10.63,11.76,0
1838,2023-05-27,2023,2023,2.2,2,2.4,-3.5,-3.8,-3.2,-1.3,12.1,5540,156.9,2.24,0.978,256,9.73,10.32,11.37,0
1839,2023-05-28,2023,2023,3.3,3.3,3.4,-4.4,-4.5,-4.3,-1,12.1,5600,158.6,2.25,0.98,341,9.94,10.91,12.91,0
1840,2023-05-29,2023,2023,3,2.8,3.1,-4.5,-4.7,-4.3,-1.6,12.1,5460,154.6,2.22,0.977,312,9.67,10.49,12.43,0
1841,2023-05-30,2023,2023,2.9,2.7,3.1,-4.4,-4.6,-4.2,-1.5,12.1,5380,152.3,2.21,0.975,330,9.62,10.98,85.16,0
1842,2023-05-31,2023,2023,3.6,3.5,3.8,-4.5,-4.7,-4.3,-0.9,12.1,5220,147.8,2.18,0.975,368,8.32,9.71,10.78,0
1843,2023-06-01,2023,2023,3.5,3.4,3.6,-4,-4.2,-3.9,-0.5,12,4870,137.9,2.11,0.975,363,8.12,9.33,12.21,0
1844,2023-06-02,2023,2023,4.2,4.1,4.2,-4.2,-4.3,-4.1,0,12,4510,127.7,2.04,0.977,363,7.73,8.81,12.44,0
1845,2023-06-03,2023,2023,4.4,4.3,4.5,-4.7,-4.9,-4.6,-0.3,12,4230,119.8,1.98,0.976,338,7.61,8.37,12.92,0
1846,2023-06-04,2023,2023,5.2,5.1,5.3,-5.4,-5.6,-5.2,-0.2,12,4100,116.1,1.95,0.972,325,6.92,7.98,11.17,0
1847,2023-06-05,2023,2023,4.7,4.5,4.8,-5.4,-5.7,-5.2,-0.8,12,4060,115,1.94,0.969,274,6.78,7.7,9.21,0
1848,2023-06-06,2023,2023,5.3,5,5.5,-6.6,-7,-6.2,-1.3,12,4040,114.4,1.94,0.968,274,6.12,7.21,8.96,0
1849,2023-06-07,2023,2023,4.2,3.9,4.6,-5.3,-5.8,-4.8,-1.1,12,4270,120.9,1.99,0.969,250,7.1,7.83,9.16,0
1850,2023-06-08,2023,2023,2.1,1.3,3,-4.8,-6,-3.6,-2.7,12,3970,112.4,1.93,0.972,233,6.3,8.12,178.54,0
1851,2023-06-09,2023,2023,-0.1,-0.7,0.4,-3.9,-4.7,-3.1,-4,12,3900,110.4,1.91,0.895,352,11.76,167.09,2448.64,0
1852,2023-06-10,2023,2023,0.9,0.8,0.9,-4.6,-4.7,-4.5,-3.7,12,3660,103.6,1.86,0.973,305,24.72,37.94,81.93,0
1853,2023-06-11,2023,2023,0.9,0.7,1.2,-4.8,-5.1,-4.5,-3.8,12,3450,97.7,1.81,0.952,323,21.31,30.09,926.7,0
1854,2023-06-12,2023,2023,1.8,1.8,1.9,-4.3,-4.4,-4.3,-2.5,12,3280,92.9,1.77,0.971,340,15.8,19.78,29.34,0
1855,2023-06-13,2023,2023,2,1.9,2.1,-3.7,-3.9,-3.6,-1.8,12,3120,88.3,1.73,0.971,332,14.52,15.99,21.49,0
1856,2023-06-14,2023,2023,2.3,2.2,2.4,-3.3,-3.5,-3.2,-1.1,12,2910,82.4,1.67,0.973,343,12.68,14.76,17.55,0
1857,2023-06-15,2023,2023,2.5,2.5,2.6,-2.9,-3,-2.9,-0.4,12.1,2660,75.3,1.61,0.974,368,10.82,12.6,15.14,0
1858,2023-06-16,2023,2023,3.1,3.1,3.2,-3.6,-3.7,-3.5,-0.4,12.2,2410,68.2,1.54,0.975,365,9.85,10.92,12.22,0
1859,2023-06-17,2023,2023,3.2,3.2,3.3,-4.2,-4.3,-4.1,-0.9,12.3,2240,63.4,1.49,0.969,316,8.87,9.61,10.98,0
1860,2023-06-18,2023,2023,3.5,3.4,3.5,-4,-4.1,-4,-0.6,12.4,2170,61.4,1.47,0.967,370,7.29,8.37,12.2,0
1861,2023-06-19,2023,2023,1.7,1.6,1.8,-1.3,-1.5,-1.2,0.4,12.4,2110,59.7,1.45,0.966,197,7.27,7.85,10.44,0
1862,2023-06-20,2023,2023,3.6,3.6,3.7,-2.2,-2.3,-2.1,1.4,12.5,2090,59.2,1.44,0.981,334,6.95,7.47,10.22,0
1863,2023-06-21,2023,2023,4.6,4.5,4.7,-3.8,-4,-3.7,0.8,12.5,2010,56.9,1.42,0.97,370,6.38,6.92,8.57,0
1864,2023-06-22,2023,2023,5,4.8,5.1,-5.1,-5.3,-4.9,-0.1,12.6,1940,54.9,1.39,0.965,325,5.89,6.52,8.24,0
1865,2023-06-23,2023,2023,4.9,4.7,5.1,-4.3,-4.7,-4,0.6,12.6,1900,53.8,1.38,0.963,303,5.53,6.34,8.89,0
1866,2023-06-24,2023,2023,5.6,5.5,5.8,-4.5,-4.7,-4.2,1.2,12.6,1910,54.1,1.39,0.97,287,5.52,6.23,7.52,0
1867,2023-06-25,2023,2023,3.1,2.5,3.8,-5,-5.9,-4.1,-1.9,12.6,1920,54.4,1.39,0.966,290,6.41,19.58,301.03,0
1868,2023-06-26,2023,2023,5.2,5.1,5.3,-5.3,-5.5,-5.2,-0.1,12.6,1880,53.2,1.38,0.964,360,8.78,12.39,38.48,0
1869,2023-06-27,2023,2023,5.9,5.8,6.1,-5.5,-5.7,-5.4,0.4,12.7,1800,51,1.35,0.96,359,6.77,7.62,9.76,0
1870,2023-06-28,2023,2023,6.5,6.3,6.6,-5.8,-6,-5.6,0.7,12.7,1760,49.8,1.34,0.958,368,5.59,6.39,8.29,0
1871,2023-06-29,2023,2023,7.2,7,7.3,-6.2,-6.4,-6,1,12.6,1720,48.7,1.32,0.957,366,4.09,5.01,6.94,0
1872,2023-06-30,2023,2023,7.7,7.5,7.8,-6.7,-7,-6.5,0.9,12.6,1670,47.3,1.3,0.953,365,4.07,4.84,8.12,0
1873,2023-07-01,2023,2023,8.2,8,8.4,-7.2,-7.5,-6.9,1,12.4,1620,45.9,1.29,0.95,367,4.14,4.71,5.54,0
1874,2023-07-02,2023,2023,8.2,8.1,8.4,-7.6,-7.9,-7.3,0.6,12,1510,42.8,1.25,0.943,373,3.88,4.4,7.2,0
1875,2023-07-03,2023,2023,8.3,8.1,8.5,-7.5,-7.8,-7.2,0.8,11.9,1480,41.9,1.23,0.941,372,3.49,4.07,4.7,0
1876,2023-07-04,2023,2023,8.2,8,8.4,-7.5,-7.8,-7.2,0.8,11.6,1430,40.5,1.22,0.94,369,2.92,3.7,6.14,0
1877,2023-07-05,2023,2023,8.4,8.2,8.6,-7.7,-8,-7.4,0.7,11.5,1410,39.9,1.21,0.939,358,2.93,3.53,6.03,0
1878,2023-07-06,2023,2023,8.4,8.2,8.6,-7.7,-8,-7.4,0.7,11.3,1380,39.1,1.2,0.933,356,2.73,3.28,5.19,0
1879,2023-07-07,2023,2023,8.4,8.1,8.6,-7.7,-8,-7.3,0.7,11.2,1370,38.8,1.19,0.934,368,3,3.3,5.06,0
1880,2023-07-08,2023,2023,8.2,8,8.4,-7.5,-7.8,-7.1,0.8,11,1340,37.9,1.18,0.931,367,2.51,2.82,4.13,0
1881,2023-07-09,2023,2023,8.1,7.9,8.4,-7.1,-7.5,-6.8,1,10.9,1320,37.4,1.17,0.933,366,2.21,2.68,4.23,0
1882,2023-07-10,2023,2023,8.5,8.3,8.8,-7.2,-7.5,-6.8,1.4,10.8,1310,37.1,1.17,0.935,368,2.1,2.39,3.35,0
1883,2023-07-11,2023,2023,8.8,8.6,9.1,-7.3,-7.7,-7,1.5,10.7,1300,36.8,1.16,0.932,365,1.83,2.24,3.57,0
1884,2023-07-12,2023,2023,9.3,9,9.6,-7.9,-8.3,-7.5,1.4,10.7,1290,36.5,1.16,0.933,353,2.19,2.62,3.09,0
1885,2023-07-13,2023,2023,10.1,9.7,10.5,-8,-8.6,-7.5,2,10.5,1270,36,1.15,0.926,355,2.53,3.08,4.33,0
1886,2023-07-14,2023,2023,10.9,10.6,11.3,-8.6,-9.1,-8.1,2.3,10.4,1250,35.4,1.14,0.926,357,2.57,3.27,5.11,0
1887,2023-07-15,2023,2023,10.6,10.2,10.9,-9,-9.5,-8.6,1.5,10.3,1240,35.1,1.14,0.92,358,2.59,3.18,6.15,0
1888,2023-07-16,2023,2023,10.5,10.2,10.8,-9,-9.5,-8.6,1.5,10.2,1230,34.8,1.14,0.914,348,2.92,3.37,5.69,0
1889,2023-07-17,2023,2023,10.2,9.9,10.5,-8.6,-9,-8.2,1.6,10.1,1210,34.3,1.13,0.914,364,2.77,3.43,6.23,0
1890,2023-07-18,2023,2023,10.2,9.9,10.5,-8.8,-9.1,-8.4,1.4,10,1200,34,1.12,0.916,355,3.02,3.64,7.25,0
1891,2023-07-19,2023,2023,10.4,10.2,10.7,-8.7,-9.1,-8.3,1.7,10,1200,34,1.12,0.914,351,3.22,3.79,7.32,0
1892,2023-07-20,2023,2023,9.6,9.4,9.9,-8,-8.4,-7.7,1.6,10,1200,34,1.12,0.915,348,2.67,3.09,4.16,0
1893,2023-07-21,2023,2023,9.6,9.4,9.8,-8.2,-8.5,-7.8,1.4,10,1200,34,1.12,0.919,354,2.28,2.69,3.37,0
1894,2023-07-22,2023,2023,9.9,9.7,10.2,-8.7,-9.1,-8.4,1.2,9.9,1190,33.7,1.12,0.917,350,2.28,2.68,3.83,0
1895,2023-07-23,2023,2023,9.7,9.4,10,-8.2,-8.6,-7.8,1.5,9.8,1180,33.4,1.12,0.91,338,2.4,2.69,3.91,0
1896,2023-07-24,2023,2023,9.4,9.1,9.8,-7.7,-8.2,-7.3,1.7,9.8,1170,33.1,1.11,0.913,349,2.36,2.78,3.79,0
1897,2023-07-25,2023,2023,10,9.8,10.3,-8.1,-8.5,-7.8,1.9,9.7,1160,32.8,1.11,0.923,342,3.02,3.28,3.57,0
1898,2023-07-26,2023,2023,10.5,10.2,10.7,-8.8,-9.2,-8.4,1.6,9.7,1160,32.8,1.11,0.916,341,3.08,3.33,5.09,0
1899,2023-07-27,2023,2023,10.4,10.1,10.7,-8.7,-9.1,-8.2,1.8,9.8,1170,33.1,1.11,0.91,347,3.04,3.35,4.2,0
1900,2023-07-28,2023,2023,10.4,10.1,10.7,-8.4,-8.8,-8,2,9.7,1160,32.8,1.11,0.912,346,2.38,2.88,3.66,0
1901,2023-07-29,2023,2023,10.5,10.2,10.8,-8.4,-8.8,-8,2.1,9.5,1140,32.3,1.1,0.913,342,2.41,2.84,3.5,0
1902,2023-07-30,2023,2023,10.7,10.5,11,-8.7,-9.1,-8.4,2,9.4,1130,32,1.09,0.911,340,1.89,2.23,2.85,0
1903,2023-07-31,2023,2023,11.2,10.9,11.4,-9.2,-9.6,-8.8,2,9.5,1140,32.3,1.1,0.908,339,2,2.3,3.65,0
1904,2023-08-01,2023,2023,11.3,11,11.6,-9.4,-9.8,-9,1.9,9.5,1140,32.3,1.1,0.904,335,1.59,1.95,2.67,0
1905,2023-08-02,2023,2023,11.3,11,11.6,-9.3,-9.7,-8.8,2,9.4,1120,31.7,1.09,0.901,328,1.41,1.84,2.72,0
1906,2023-08-03,2023,2023,10.5,10.2,10.7,-8.6,-9,-8.2,1.9,9.3,1110,31.4,1.08,0.901,289,1.3,1.72,2.63,0
1907,2023-08-04,2023,2023,11.2,11,11.5,-8.8,-9.2,-8.5,2.4,9.2,1100,31.1,1.08,0.902,315,1.18,1.53,2.86,0
1908,2023-08-05,2023,2023,10.3,10.1,10.6,-8.4,-8.8,-8.1,1.9,9.1,1090,30.9,1.08,0.901,282,1.27,1.44,2.48,0
1909,2023-08-06,2023,2023,11.4,11.1,11.6,-8.8,-9.2,-8.4,2.5,9.2,1100,31.1,1.08,0.903,325,0.96,1.4,2.01,0
1910,2023-08-07,2023,2023,11.3,11.1,11.5,-9.1,-9.4,-8.8,2.2,9.2,1100,31.1,1.08,0.901,312,0.85,1.19,2.74,0
1911,2023-08-08,2023,2023,11.7,11.4,11.9,-9.9,-10.3,-9.5,1.7,9.2,1100,31.1,1.08,0.896,318,0.73,1.02,1.53,0
1912,2023-08-09,2023,2023,11.5,11.2,11.8,-10.1,-10.6,-9.7,1.4,9.1,1090,30.9,1.08,0.89,321,0.59,0.93,1.27,0
1913,2023-08-10,2023,2023,11.6,11.2,11.9,-9.8,-10.2,-9.3,1.8,9,1080,30.6,1.07,0.889,322,0.87,1.11,1.77,0
1914,2023-08-11,2023,2023,11.9,11.6,12.2,-10.2,-10.6,-9.8,1.7,9,1080,30.6,1.07,0.892,320,1.55,1.76,2.02,0
1915,2023-08-12,2023,2023,12.3,12,12.6,-10.4,-10.8,-9.9,1.9,9,1080,30.6,1.07,0.888,319,1.55,1.85,2.33,0
1916,2023-08-13,2023,2023,12.4,12.1,12.7,-10.5,-10.9,-10.1,1.9,9,1080,30.6,1.07,0.885,316,1.36,1.81,2.19,0
1917,2023-08-14,2023,2023,13.2,12.9,13.6,-12,-12.5,-11.5,1.2,9.4,1130,32,1.09,0.881,313,1.42,1.82,2.22,0
1918,2023-08-15,2023,2023,13.5,13.1,13.8,-12.9,-13.5,-12.4,0.5,9,1080,30.6,1.07,0.874,276,1.46,1.74,2.13,0
1919,2023-08-16,2023,2023,9.5,9.1,10,-11.6,-12.2,-10.9,-2,8.7,1040,29.4,1.05,0.868,228,1.5,1.72,1.96,0
1920,2023-08-17,2023,2023,9.2,8.9,9.5,-10.6,-11,-10.2,-1.4,8.6,1030,29.2,1.05,0.876,193,1.5,1.67,1.86,0
1921,2023-08-18,2023,2023,9.7,9.4,9.9,-10.4,-10.7,-10,-0.7,8.9,1070,30.3,1.07,0.881,229,1.55,1.8,2.21,0
1922,2023-08-19,2023,2023,9.6,9.4,9.9,-10.9,-11.2,-10.6,-1.2,9,1080,30.6,1.07,0.889,230,1.66,1.83,2.09,0
1923,2023-08-20,2023,2023,-10.1,-11.9,-8.3,-9.2,-11.8,-6.5,-19.2,9.6,1150,32.6,1.1,0.462,222,1.88,852.99,1874.99,1
1924,2023-08-21,2023,2023,0.6,0.4,0.9,-8.7,-9,-8.3,-8.1,9.4,1120,31.7,1.09,0.868,168,79.36,299.63,1293.58,1
1925,2023-08-22,2023,2023,0.6,-2.8,3.9,-21.2,-26.2,-16.3,-20.6,10.9,1330,37.7,1.18,0.465,170,246.5,967.64,1709.36,1
1926,2023-08-23,2023,2023,NA,NA,NA,NA,NA,NA,NA,9.4,1120,31.7,1.09,0.904,282,110.8,177.68,793.59,0
1927,2023-08-24,2023,2023,NA,NA,NA,NA,NA,NA,NA,9.2,1100,31.1,1.08,0.945,246,32.25,42.21,170.58,0
1928,2023-08-25,2023,2023,1.2,1.2,1.2,-4.6,-4.6,-4.6,-3.4,9.1,1090,30.9,1.08,0.942,282,25.81,29.42,39.98,0
1929,2023-08-26,2023,2023,1.1,1.1,1.2,-4,-4.1,-4,-2.9,9,1080,30.6,1.07,0.946,286,20.34,23.76,29.29,0
1930,2023-08-27,2023,2023,1.4,1.3,1.4,-4,-4.1,-3.9,-2.6,9,1080,30.6,1.07,0.95,263,17.73,19.94,24.7,0
1931,2023-08-28,2023,2023,1.4,1.4,1.5,-4,-4.1,-4,-2.6,8.9,1070,30.3,1.07,0.952,276,16.15,19.23,23.51,0
1932,2023-08-29,2023,2023,1.9,1.9,1.9,-3.9,-4,-3.9,-2,8.9,1070,30.3,1.07,0.951,282,17.94,19.67,29.1,0
1933,2023-08-30,2023,2023,2.6,2.5,2.6,-4,-4,-3.9,-1.4,8.8,1060,30,1.06,0.951,274,24.74,27.66,46.92,0
1934,2023-08-31,2023,2023,2,1.9,2.1,-4.1,-4.2,-4,-2.1,8.9,1070,30.3,1.07,0.949,174,25.47,28.18,33.74,0
1935,2023-09-01,2023,2023,1.1,1,1.2,-3.9,-4,-3.8,-2.8,9,1080,30.6,1.07,0.95,88,24.42,27.31,31.37,0
1936,2023-09-02,2023,2023,1.3,1.2,1.3,-3.6,-3.7,-3.6,-2.4,10.2,1220,34.5,1.13,0.956,226,28.3,38.08,50.02,0
1937,2023-09-03,2023,2023,1.3,1.2,1.4,-3.5,-3.6,-3.4,-2.2,10.1,1210,34.3,1.13,0.961,179,29.31,32.45,39.56,0
1938,2023-09-04,2023,2023,1.8,1.7,1.9,-3.9,-4,-3.8,-2.1,10,1200,34,1.12,0.958,263,25.96,28.32,33.81,0
1939,2023-09-05,2023,2023,2.2,2.1,2.2,-4.6,-4.7,-4.5,-2.4,10,1200,34,1.12,0.953,280,23.82,25.95,34.56,0
1940,2023-09-06,2023,2023,2.7,2.6,2.7,-4.7,-4.8,-4.7,-2.1,9.9,1190,33.7,1.12,0.951,274,19.89,24.08,31.8,0
1941,2023-09-07,2023,2023,3.3,3.2,3.4,-4.9,-5,-4.8,-1.6,9.8,1180,33.4,1.12,0.95,270,18.87,22.8,37.1,0
1942,2023-09-08,2023,2023,4.2,4.1,4.3,-4.7,-4.8,-4.6,-0.5,9.7,1160,32.8,1.11,0.948,251,18.2,21.69,26.47,0
1943,2023-09-09,2023,2023,3.9,3.8,3.9,-4.7,-4.8,-4.6,-0.8,9.7,1160,32.8,1.11,0.951,271,15.44,19.49,24.44,0
1944,2023-09-10,2023,2023,3.3,3.3,3.4,-4.5,-4.6,-4.4,-1.2,9.9,1180,33.4,1.12,0.949,265,15.56,17.06,28.94,0
1945,2023-09-11,2023,2023,3.2,3.2,3.3,-4.5,-4.6,-4.5,-1.3,9.9,1180,33.4,1.12,0.952,258,12.64,15.78,26.38,0
1946,2023-09-12,2023,2023,4.7,4.7,4.8,-5.2,-5.3,-5.1,-0.4,9.8,1180,33.4,1.12,0.951,256,9.81,13.62,52.28,0
1947,2023-09-13,2023,2023,5.5,5.4,5.7,-5.4,-5.6,-5.2,0.1,9.7,1160,32.8,1.11,0.947,259,9.78,13.2,19.45,0
1948,2023-09-14,2023,2023,4.5,4.4,4.6,-4.6,-4.8,-4.5,-0.1,9.7,1160,32.8,1.11,0.945,263,10.34,11.52,14.3,0
1949,2023-09-15,2023,2023,4.3,4.2,4.4,-4.6,-4.7,-4.5,-0.3,9.7,1160,32.8,1.11,0.953,247,9.35,11.64,14.68,0
1950,2023-09-16,2023,2023,4.3,4.2,4.4,-4.4,-4.5,-4.4,-0.1,9.6,1150,32.6,1.1,0.952,224,8.54,11.05,23.38,0
1951,2023-09-17,2023,2023,4.8,4.7,4.9,-4.9,-5,-4.8,-0.1,9.7,1160,32.8,1.11,0.952,210,8.58,11.4,15.79,0
1952,2023-09-18,2023,2023,5,4.9,5,-5,-5.1,-4.9,0,9.8,1170,33.1,1.11,0.949,197,8.78,11.72,15.95,0
1953,2023-09-19,2023,2023,5.2,5.1,5.3,-4.7,-4.9,-4.6,0.5,9.7,1160,32.8,1.11,0.947,247,9.08,11.38,16.79,0
1954,2023-09-20,2023,2023,5.5,5.4,5.6,-4.7,-4.9,-4.5,0.8,9.6,1150,32.6,1.1,0.95,248,9.02,10.83,13.48,0
1955,2023-09-21,2023,2023,5.9,5.8,6.1,-4.8,-5,-4.7,1.1,9.6,1150,32.6,1.1,0.951,242,9.3,11.13,18.02,0
1956,2023-09-22,2023,2023,6.7,6.6,6.8,-5.3,-5.4,-5.2,1.4,9.7,1160,32.8,1.11,0.95,225,9.12,11.03,15.37,0
1957,2023-09-23,2023,2023,5.4,5.3,5.5,-4.9,-5.1,-4.8,0.5,9.7,1160,32.8,1.11,0.948,194,8.41,10.17,15.22,0
1958,2023-09-24,2023,2023,3.9,3.8,4.1,-4.6,-4.8,-4.4,-0.7,9.9,1180,33.4,1.12,0.955,125,8.26,10.28,12.8,0
1959,2023-09-25,2023,2023,2.4,2.3,2.6,-4,-4.2,-3.7,-1.5,10.2,1220,34.5,1.13,0.952,59,9.14,11.58,16.45,0
1960,2023-09-26,2023,2023,0.7,0.5,0.8,-2.5,-2.8,-2.3,-1.9,10.5,1270,36,1.15,0.962,153,13.29,18.7,133.89,0
1961,2023-09-27,2023,2023,3.6,3.6,3.7,-3.8,-3.9,-3.6,-0.1,10.2,1230,34.8,1.14,0.964,215,9.6,11.68,20.59,0
1962,2023-09-28,2023,2023,4.3,4.2,4.4,-4.2,-4.4,-4.1,0,10.1,1210,34.3,1.13,0.96,224,7.14,10.13,15.95,0
1963,2023-09-29,2023,2023,4,3.8,4.1,-4.8,-5,-4.6,-0.8,10.2,1220,34.5,1.13,0.957,129,7.58,9.75,13.02,0
1964,2023-09-30,2023,2023,4,3.9,4.1,-4.1,-4.3,-3.9,-0.1,10.2,1230,34.8,1.14,0.955,164,6.75,9.06,12.27,0
1965,2023-10-01,2023,2024,4.3,4.3,4.4,-3.9,-4.1,-3.8,0.4,10.4,1250,35.4,1.14,0.959,225,6.28,9.08,13.41,0
1966,2023-10-02,2023,2024,4.4,4.3,4.5,-4.2,-4.3,-4,0.2,10.7,1290,36.5,1.16,0.961,162,7.07,9.53,14.2,0
1967,2023-10-03,2023,2024,4.9,4.7,5,-4.6,-4.8,-4.4,0.3,10.5,1270,36,1.15,0.961,201,4.97,8.2,14.6,0
1968,2023-10-04,2023,2024,5.4,5.2,5.5,-4.7,-4.9,-4.5,0.6,10.5,1260,35.7,1.15,0.959,214,5.07,7.55,10.26,0
1969,2023-10-05,2023,2024,5.8,5.7,5.9,-5.2,-5.4,-5,0.6,10.4,1250,35.4,1.14,0.956,212,4.79,7.23,10.09,0
1970,2023-10-06,2023,2024,6.1,6,6.3,-5.7,-5.9,-5.5,0.4,10.3,1240,35.1,1.14,0.95,209,4.24,6.7,10.65,0
1971,2023-10-07,2023,2024,6.6,6.4,6.7,-6.1,-6.3,-5.9,0.4,10.5,1260,35.7,1.15,0.947,204,4.6,7.06,10.17,0
1972,2023-10-08,2023,2024,6.4,6.2,6.5,-6.6,-6.8,-6.4,-0.2,10.6,1280,36.2,1.16,0.943,206,4.18,6.7,9.5,0
1973,2023-10-09,2023,2024,4.3,4.2,4.5,-5.9,-6.2,-5.7,-1.6,10.7,1290,36.5,1.16,0.942,65,3.91,6.41,10.34,0
1974,2023-10-10,2023,2024,3.5,3.3,3.6,-5.4,-5.6,-5.2,-1.9,10.8,1310,37.1,1.17,0.949,79,4.36,7.17,10.02,0
1975,2023-10-11,2023,2024,4.1,4,4.2,-4.7,-4.9,-4.6,-0.6,10.9,1320,37.4,1.17,0.951,104,4.43,6.8,9.89,0
1976,2023-10-12,2023,2024,5,4.9,5.1,-5.4,-5.5,-5.2,-0.4,10.8,1310,37.1,1.17,0.954,196,4.14,6.02,9.73,0
1977,2023-10-13,2023,2024,3.5,3.4,3.6,-4.8,-5,-4.5,-1.3,10.7,1300,36.8,1.16,0.952,75,3.61,5.68,8.65,0
1978,2023-10-14,2023,2024,4.3,4.1,4.4,-4.4,-4.7,-4.1,-0.1,10.7,1300,36.8,1.16,0.961,146,3.77,5.99,8.31,0
1979,2023-10-15,2023,2024,5.3,5.2,5.4,-5.1,-5.2,-4.9,0.3,10.8,1310,37.1,1.17,0.958,154,3.92,6.16,10.65,0
1980,2023-10-16,2023,2024,3.5,3.3,3.6,-3.5,-3.7,-3.2,0,10.9,1320,37.4,1.17,0.955,60,4.45,6.57,8.92,0
1981,2023-10-17,2023,2024,4.6,4.5,4.7,-4.1,-4.3,-3.9,0.5,11,1330,37.7,1.18,0.966,172,4.87,6.99,9.17,0
1982,2023-10-18,2023,2024,4.9,4.7,5,-4.3,-4.5,-4.1,0.6,10.9,1320,37.4,1.17,0.964,180,4.65,6.86,9.84,0
1983,2023-10-19,2023,2024,5,4.9,5.1,-4.3,-4.6,-4.1,0.6,10.7,1300,36.8,1.16,0.963,180,4.31,6.28,9.57,0
1984,2023-10-20,2023,2024,5,4.9,5.2,-4.8,-5,-4.6,0.2,10.7,1290,36.5,1.16,0.958,157,4.06,5.93,8.96,0
1985,2023-10-21,2023,2024,5.2,5.1,5.3,-4.9,-5,-4.8,0.3,10.7,1290,36.5,1.16,0.957,141,3.86,5.77,8.65,0
1986,2023-10-22,2023,2024,4.6,4.4,4.7,-4.7,-4.9,-4.5,-0.1,10.8,1310,37.1,1.17,0.955,69,3.59,5.65,8.4,0
1987,2023-10-23,2023,2024,4.8,4.7,4.9,-4,-4.2,-3.9,0.8,10.7,1300,36.8,1.16,0.96,165,3.67,5.45,8.65,0
1988,2023-10-24,2023,2024,3.9,3.7,4,-3.8,-4,-3.6,0.1,10.5,1270,36,1.15,0.962,80,3.03,4.75,7.5,0
1989,2023-10-25,2023,2024,3.7,3.6,3.9,-3.3,-3.5,-3.1,0.4,10.5,1270,36,1.15,0.964,89,3.06,4.56,6.26,0
1990,2023-10-26,2023,2024,4.5,4.4,4.6,-2.9,-3,-2.7,1.7,10.5,1270,36,1.15,0.97,163,3.08,4.47,6.86,0
1991,2023-10-27,2023,2024,4.3,4.2,4.5,-2.8,-3,-2.6,1.6,10.5,1260,35.7,1.15,0.971,169,2.95,4.16,6.17,0
1992,2023-10-28,2023,2024,4.2,4.1,4.4,-2.2,-2.3,-2,2.1,10.5,1260,35.7,1.15,0.974,169,2.75,4.15,6.26,0
1993,2023-10-29,2023,2024,4.3,4.2,4.4,-2,-2.2,-1.8,2.3,10.7,1290,36.5,1.16,0.98,165,2.81,4.08,6.52,0
1994,2023-10-30,2023,2024,4.3,4.2,4.4,-2.4,-2.6,-2.2,1.9,10.6,1280,36.2,1.16,0.981,164,2.9,4.1,6.28,0
1995,2023-10-31,2023,2024,4.6,4.5,4.7,-2.5,-2.6,-2.3,2.1,10.6,1280,36.2,1.16,0.979,147,2.56,3.6,4.96,0
1996,2023-11-01,2023,2024,4.9,4.8,5,-2.8,-3,-2.6,2.1,10.5,1260,35.7,1.15,0.978,112,2.12,3.45,5.33,0
1997,2023-11-02,2023,2024,2.2,2.1,2.2,-2.6,-2.6,-2.5,-0.4,10.5,1260,35.7,1.15,0.975,35,2.49,3.84,6,0
1998,2023-11-03,2023,2024,4.8,4.7,4.9,-3.3,-3.4,-3.2,1.5,10.5,1260,35.7,1.15,0.974,98,3.1,4.53,5.68,0
1999,2023-11-04,2023,2024,4.1,4,4.2,-4.1,-4.3,-3.9,0,10.5,1260,35.7,1.15,0.967,74,3.09,4.5,5.74,0
2000,2023-11-05,2023,2024,3.8,3.8,3.9,-4.4,-4.5,-4.3,-0.6,10.8,1300,36.8,1.16,0.963,67,3.12,4.73,7.51,0
2001,2023-11-06,2023,2024,2.2,1.9,2.5,-4.2,-4.8,-3.7,-2.1,11.8,1460,41.3,1.23,0.958,78,4.88,6.71,234.41,0
2002,2023-11-07,2023,2024,0.9,0.8,1,-1.4,-1.6,-1.2,-0.5,11.4,1400,39.6,1.2,0.97,81,10.24,24.05,195.98,0
2003,2023-11-08,2023,2024,2.6,2.5,2.6,-1.4,-1.6,-1.3,1.1,11,1340,37.9,1.18,0.984,139,5.63,7.23,11.51,0
2004,2023-11-09,2023,2024,2.8,2.8,2.9,-2,-2.1,-1.9,0.8,10.9,1320,37.4,1.17,0.983,85,4.37,5.68,9.6,0
2005,2023-11-10,2023,2024,2.8,2.7,2.9,-2.4,-2.6,-2.3,0.4,10.7,1300,36.8,1.16,0.981,70,3.89,5.16,6.79,0
2006,2023-11-11,2023,2024,2.7,2.6,2.8,-2.5,-2.7,-2.4,0.2,10.7,1290,36.5,1.16,0.977,128,3.39,4.82,6.87,0
2007,2023-11-12,2023,2024,2.9,2.8,3,-3,-3.2,-2.9,-0.2,10.7,1300,36.8,1.16,0.972,105,3.06,4.67,6.9,0
2008,2023-11-13,2023,2024,3,3,3.1,-3.3,-3.4,-3.3,-0.3,11,1330,37.7,1.18,0.972,78,3.88,4.95,6.58,0
2009,2023-11-14,2023,2024,1.8,1.7,1.9,-2.9,-3,-2.7,-1.1,10.9,1320,37.4,1.17,0.972,30,4.6,6.04,8.07,0
2010,2023-11-15,2023,2024,2.5,2.5,2.6,-3.4,-3.5,-3.3,-0.9,10.9,1320,37.4,1.17,0.97,92,4.36,6.03,7.97,0
2011,2023-11-16,2023,2024,2.7,2.7,2.8,-2.8,-2.9,-2.8,-0.1,10.7,1300,36.8,1.16,0.969,72,4.15,5.92,7.43,0
2012,2023-11-17,2023,2024,2.6,2.6,2.7,-3,-3.2,-2.9,-0.4,10.6,1280,36.2,1.16,0.971,111,4.13,5.6,7.04,0
2013,2023-11-18,2023,2024,1.8,1.6,1.9,-3.3,-3.6,-3.1,-1.6,10.8,1310,37.1,1.17,0.97,42,4.27,5.79,7.91,0
2014,2023-11-19,2023,2024,-0.1,-0.2,0,-0.4,-0.5,-0.3,-0.5,11.6,1440,40.8,1.22,0.972,96,8.66,214.77,779.34,0
2015,2023-11-20,2023,2024,1.4,1.3,1.4,-0.5,-0.6,-0.4,0.9,11,1340,37.9,1.18,0.992,121,12.21,16.32,75.09,0
2016,2023-11-21,2023,2024,1.8,1.7,1.9,-0.9,-1,-0.7,0.9,11,1340,37.9,1.18,0.991,118,8.58,10.43,14.15,0
2017,2023-11-22,2023,2024,2.1,2,2.2,-1.5,-1.7,-1.3,0.6,11,1330,37.7,1.18,0.988,69,7.49,9.32,13.08,0
2018,2023-11-23,2023,2024,1.7,1.6,1.8,-1.9,-2.1,-1.8,-0.2,11.1,1350,38.2,1.18,0.981,120,7.1,8.79,11.32,0
2019,2023-11-24,2023,2024,1.7,1.6,1.8,-1.6,-1.7,-1.5,0.1,11,1340,37.9,1.18,0.98,121,6.9,8.17,10.41,0
2020,2023-11-25,2023,2024,1.8,1.7,1.8,-1.4,-1.5,-1.2,0.4,11,1340,37.9,1.18,0.983,122,6.39,7.61,9.36,0
2021,2023-11-26,2023,2024,1.7,1.6,1.8,-1.5,-1.6,-1.3,0.3,11,1340,37.9,1.18,0.986,120,6.47,7.24,8.7,0
2022,2023-11-27,2023,2024,1.7,1.5,1.8,-1.4,-1.6,-1.2,0.2,11,1330,37.7,1.18,0.984,118,6.17,7.05,8.47,0
2023,2023-11-28,2023,2024,1.8,1.6,1.9,-1.8,-2,-1.6,0,10.9,1320,37.4,1.17,0.986,111,5.94,6.69,7.87,0
2024,2023-11-29,2023,2024,2,1.9,2.1,-2.3,-2.4,-2.1,-0.3,10.9,1320,37.4,1.17,0.983,90,5.52,6.61,7.83,0
2025,2023-11-30,2023,2024,1.5,1.4,1.6,-2.1,-2.2,-2,-0.6,10.9,1320,37.4,1.17,0.981,36,5.2,6.53,7.84,0
2026,2023-12-01,2023,2024,1.3,1.2,1.4,-1.3,-1.4,-1.1,0,11.1,1350,38.2,1.18,0.986,37,5.38,6.43,7.83,0
2027,2023-12-02,2023,2024,0.9,0.9,1,-1.3,-1.4,-1.2,-0.4,11,1340,37.9,1.18,0.989,22,5.36,7.65,12.11,0
2028,2023-12-03,2023,2024,0.1,0.1,0.2,-0.7,-0.8,-0.7,-0.6,12.7,1740,49.3,1.33,0.989,30,14.31,24.35,140.69,0
2029,2023-12-04,2023,2024,1.1,1,1.1,-0.8,-0.9,-0.7,0.2,12.6,1680,47.6,1.31,0.995,24,8.49,11.25,18.83,0
2030,2023-12-05,2023,2024,1.4,1.3,1.5,-1.3,-1.4,-1.1,0.2,12.6,1660,47,1.3,0.99,66,7.55,9.6,13.84,0
2031,2023-12-06,2023,2024,0.5,0.5,0.5,-1.8,-1.9,-1.8,-1.3,12.5,1650,46.7,1.3,0.984,16,6.09,8.15,13.25,0
2032,2023-12-07,2023,2024,0.1,0,0.1,-0.7,-0.8,-0.6,-0.6,12.7,1830,51.8,1.36,0.985,33,11.4,47.08,335.32,0
2033,2023-12-08,2023,2024,1.1,1,1.1,0.3,0.3,0.4,1.4,12.6,1720,48.7,1.32,0.993,65,10.24,14.24,45.78,0
2034,2023-12-09,2023,2024,1.3,1.2,1.3,0.7,0.7,0.8,2,12.3,1580,44.7,1.27,0.998,75,7.33,9.26,12.67,0
2035,2023-12-10,2023,2024,1.5,1.4,1.6,0.2,0.1,0.3,1.7,12,1510,42.8,1.25,1,62,5.39,7.51,10,2
2036,2023-12-11,2023,2024,1.3,1.2,1.4,-0.9,-1,-0.7,0.5,11.9,1480,41.9,1.23,0.992,96,4.06,5.68,8.71,0
2037,2023-12-12,2023,2024,1,0.9,1.1,-0.8,-0.9,-0.7,0.2,11.8,1460,41.3,1.23,0.991,104,3.88,5.3,8.32,0
2038,2023-12-13,2023,2024,1.4,1.3,1.4,-0.6,-0.7,-0.5,0.8,11.7,1440,40.8,1.22,0.991,94,3.47,4.81,7.48,0
2039,2023-12-14,2023,2024,1.6,1.5,1.6,-0.5,-0.7,-0.4,1,11.5,1420,40.2,1.21,0.993,67,3.52,4.88,7.67,0
2040,2023-12-15,2023,2024,1.4,1.4,1.5,-0.4,-0.5,-0.3,1,11.4,1400,39.6,1.2,0.993,86,4.29,5.45,6.72,0
2041,2023-12-16,2023,2024,1.2,1.1,1.3,-0.5,-0.6,-0.4,0.7,11.3,1390,39.4,1.2,0.993,101,4.34,5.45,7.35,0
2042,2023-12-17,2023,2024,1.2,1.1,1.3,-1.2,-1.4,-1,0,11.3,1380,39.1,1.2,0.993,24,3.84,5.56,6.56,0
2043,2023-12-18,2023,2024,1.5,1.4,1.6,-2.8,-3,-2.7,-1.4,11.5,1410,39.9,1.21,0.978,44,4.93,5.77,7.29,0
2044,2023-12-19,2023,2024,1,0.9,1.1,-2.9,-3,-2.8,-1.9,12.1,1520,43,1.25,0.976,20,5.15,6.95,9.54,0
2045,2023-12-20,2023,2024,0.6,0.5,0.6,-1.7,-1.8,-1.6,-1.2,12.7,1800,51,1.35,0.979,73,6.37,12.1,25.65,0
2046,2023-12-21,2023,2024,0.7,0.6,0.7,-1.1,-1.2,-1.1,-0.5,12.6,1950,55.2,1.4,0.988,82,13.9,20.09,26.35,0
2047,2023-12-22,2023,2024,0.9,0.9,1,-0.6,-0.7,-0.5,0.3,12.7,1820,51.5,1.36,0.989,54,8.38,10.96,15.93,0
2048,2023-12-23,2023,2024,1,1,1.1,0.1,0,0.1,1.1,12.6,1700,48.1,1.31,0.991,98,6.55,8.12,9.97,0
2049,2023-12-24,2023,2024,1.3,1.3,1.4,-0.1,-0.2,0,1.2,12.5,1620,45.9,1.29,0.995,47,5.61,6.66,8.4,0
2050,2023-12-25,2023,2024,1.2,1.1,1.2,-0.4,-0.5,-0.4,0.7,12.3,1580,44.7,1.27,0.998,30,5.73,6.5,8.59,0
2051,2023-12-26,2023,2024,1.7,1.6,1.8,-1.5,-1.7,-1.4,0.2,12.2,1560,44.2,1.26,0.987,60,5.44,6.45,9.23,0
2052,2023-12-27,2023,2024,0.8,0.7,0.9,-1.6,-1.8,-1.5,-0.8,12.3,1580,44.7,1.27,0.981,16,5.38,6.8,17.55,0
2053,2023-12-28,2023,2024,0.9,0.9,1,-1,-1.1,-0.9,-0.1,12.4,1610,45.6,1.28,0.989,36,10.2,17.11,616.51,0
2054,2023-12-29,2023,2024,0.8,0.8,0.9,-2.4,-2.5,-2.3,-1.5,12.5,1630,46.2,1.29,0.985,31,8.32,10.17,13.31,0
2055,2023-12-30,2023,2024,1.1,1,1.1,-1.4,-1.5,-1.3,-0.3,12.6,1900,53.8,1.38,0.985,53,8.86,12.5,36.76,0
2056,2023-12-31,2023,2024,NA,NA,NA,NA,NA,NA,NA,12.5,2080,58.9,1.44,0.989,73,13.67,22.43,33.03,0