date,GPP.daily,GPP.daily.lower,GPP.daily.upper,ER.daily,ER.daily.lower,ER.daily.upper,K600.daily,K600.daily.lower,K600.daily.upper,warnings,errors
2018-05-16,NA,NA,NA,NA,NA,NA,12.0110256335271,NA,NA,,data don't start when expected; NAs in DO.obs; NAs in DO.sat; NAs in temp.water
2018-05-17,NA,NA,NA,NA,NA,NA,12.010981555800837,NA,NA,,NAs in DO.obs; NAs in DO.sat; NAs in temp.water
2018-05-18,4.419100721780456,4.262087665078123,4.576113778482789,-7.0761392751078365,-7.303351560512588,-6.848926989703085,12.00674063708744,NA,NA,,
2018-05-19,4.465451413505506,4.360370153323418,4.570532673687595,-7.47952922158451,-7.631669457796909,-7.327388985372111,12.001603066203414,NA,NA,,
2018-05-20,4.077762676974068,3.9245153171210756,4.23101003682706,-6.785117621444879,-7.006108582994048,-6.56412665989571,11.996577106615156,NA,NA,,
2018-05-21,4.5622118756186,4.4127139555945405,4.71170979564266,-7.1418687240595995,-7.358103350772698,-6.925634097346501,11.98620640359863,NA,NA,,
2018-05-22,4.9625740355798955,4.7892278893469324,5.135920181812859,-7.659989062518024,-7.910899951384002,-7.409078173652046,11.971549042820222,NA,NA,,
2018-05-23,4.232646158612487,3.949584458377448,4.5157078588475255,-7.053684952862721,-7.458009284408297,-6.649360621317145,11.955930318526386,NA,NA,,
2018-05-24,4.454119294756972,4.331772071966085,4.57646651754786,-6.784267492390401,-6.959993890488543,-6.608541094292259,11.98028104075588,NA,NA,,
2018-05-25,1.4839891967149577,1.352349440362206,1.6156289530677093,-4.980903937815053,-5.168412646425977,-4.793395229204129,12.026552018409777,NA,NA,,
2018-05-26,3.8083205982937405,3.661847718390932,3.954793478196549,-5.0707748189059,-5.280927984525766,-4.860621653286033,12.05353563695007,NA,NA,,
2018-05-27,4.839130359692697,4.740584033126738,4.937676686258656,-5.767204524545477,-5.909351472265457,-5.625057576825497,12.152229085818524,NA,NA,,
2018-05-28,5.76710347405857,5.6668097932904775,5.867397154826662,-6.990677062872024,-7.1355253096375435,-6.845828816106504,12.317606156422945,NA,NA,,
2018-05-29,6.313293581423458,6.182133960171774,6.444453202675141,-7.69038999318924,-7.878929091833724,-7.501850894544756,12.473627855238522,NA,NA,,
2018-05-30,5.950394144808453,5.817472830136508,6.083315459480398,-7.771247599899472,-7.961968896295651,-7.5805263035032935,12.554802263343095,NA,NA,,
2018-05-31,4.440505429530342,3.972803133713191,4.908207725347492,-5.264588604863942,-5.937833025561311,-4.591344184166573,12.590263776289566,NA,NA,,
2018-06-01,6.219572801588608,6.101756311188687,6.337389291988529,-5.205905515169812,-5.376335727808194,-5.03547530253143,12.608826600477594,NA,NA,,
2018-06-02,7.425329277938883,7.27204137820291,7.5786171776748565,-6.748275146559773,-6.970506228249634,-6.526044064869912,12.678626832130634,NA,NA,,
2018-06-03,7.7339217853180235,7.608830450361363,7.8590131202746845,-7.5304547973105285,-7.710634161287717,-7.35027543333334,12.625283533302778,NA,NA,,
2018-06-04,7.670986196172016,7.516901817530278,7.825070574813753,-7.3724949310375365,-7.5938325403462335,-7.1511573217288396,12.481512872935435,NA,NA,,
2018-06-05,7.875077891574358,7.687688526457357,8.062467256691358,-7.305292436340307,-7.574305113827144,-7.036279758853469,12.419499644917545,NA,NA,,
2018-06-06,7.93131511851452,7.7901305262753775,8.072499710753663,-7.745770813076132,-7.948626340059186,-7.542915286093078,12.274345811769528,NA,NA,,
2018-06-07,7.730540312485432,7.543079707517772,7.918000917453091,-7.303607220121309,-7.571633992170623,-7.035580448071995,12.111629278387392,NA,NA,,
2018-06-08,6.914911912867108,6.7441610926283015,7.085662733105915,-6.847254298681907,-7.090935748135097,-6.603572849228717,12.645700384252827,NA,NA,,
2018-06-09,4.3248200963370556,4.073360152409342,4.576280040264769,-4.058263985830325,-4.413311237817381,-3.7032167338432695,12.354754597734235,NA,NA,,
2018-06-10,6.375438480057888,6.259721696227882,6.491155263887893,-5.495896863157097,-5.661722983913043,-5.330070742401151,12.425866887106004,NA,NA,,
2018-06-11,7.441119753499456,7.342132886403486,7.540106620595426,-6.291408859008098,-6.4335060442791026,-6.149311673737094,12.547246822737069,NA,NA,,
2018-06-12,8.528798384369653,8.379838151507732,8.677758617231573,-7.742822259335729,-7.956995290806923,-7.528649227864536,12.661474758435919,NA,NA,,
2018-06-13,9.167884963326001,8.964254185621764,9.371515741030239,-8.028546019834394,-8.320787983329081,-7.736304056339708,12.637855663643672,NA,NA,,
2018-06-14,9.389802205138313,9.161314428728904,9.618289981547722,-7.995987022210259,-8.32327054422098,-7.668703500199538,12.506283984431175,NA,NA,,
2018-06-15,9.155690483131705,8.979324193762988,9.332056772500422,-8.1879077834258691,-8.440011604912595,-7.935803961939143,12.196531605291954,NA,NA,,
2018-06-16,9.104116294401122,8.907321478669902,9.300911110132342,-8.175033199452262,-8.456672868733431,-7.893393530171092,12.447522123188008,NA,NA,,
2018-06-17,8.431010539690806,8.206863622398446,8.655157456983167,-7.238618006683952,-7.558103907780679,-6.919132105587225,11.961463174608923,NA,NA,,
2018-06-18,9.316203425396829,9.115590800656584,9.516816050137074,-7.388892860713124,-7.675779969572173,-7.102005751854075,11.59958409948142,NA,NA,,
2018-06-19,9.800896598589846,9.529986071404386,10.071807125775306,-8.501119099986878,-8.891164078230181,-8.111074121743576,12.104510089085858,NA,NA,,
2018-06-20,10.512308629933516,10.290168337505074,10.734448922361958,-9.259033625870122,-9.575870206472148,-8.942197045268097,11.961463174608923,NA,NA,,
2018-06-21,10.071709221385461,9.813553661633238,10.329864781137685,-8.830876370083294,-9.199999362553605,-8.461753377612983,11.59958409948142,NA,NA,,
2018-06-22,10.565239347103432,10.316448804672055,10.81402988953481,-9.69341822733457,-10.049748114881202,-9.337088339787938,12.10183082029445,NA,NA,,
2018-06-23,10.441156426234251,10.191192310668853,10.691120541799648,-10.03854698322214,-10.396079261550039,-9.681014704894242,11.6995508247037,NA,NA,,
2018-06-24,9.84385556702155,9.633412589914307,10.054298544128791,-10.367930826139514,-10.668330511053533,-10.067531141225494,10.881204110144711,NA,NA,,
2018-06-25,9.277744844242443,9.016250129650963,9.539239558833923,-9.770858507880074,-10.142089067154478,-9.399627948605671,10.468754408387051,NA,NA,,
2018-06-26,9.691595543505539,9.4197120044569,9.963479082554178,-10.380905361654012,-10.769579550674235,-9.992231172633788,10.960064814529309,NA,NA,,
2018-06-27,9.772259080777465,9.459514645379855,10.085003516175075,-10.675067033076894,-11.1215285749256,-10.228605491228189,11.526944912940904,NA,NA,,
2018-06-28,8.96278510019844,8.674599927500282,9.250970272896598,-9.640027178160427,-10.050303757571616,-9.229750598749238,10.741448495884233,NA,NA,,
2018-06-29,8.634111454025511,8.301346944580146,8.966875963470876,-7.501207048878863,-7.973990262379064,-7.0284238353786614,10.16160006136726,NA,NA,,
2018-06-30,8.39488023110486,8.13780318938658,8.651957272823141,-7.273314466686423,-7.638842870722135,-6.907786062650711,10.007226230347102,NA,NA,,
2018-07-01,8.212364998701494,7.943977148682748,8.48075284872024,-7.40035322486734,-7.781572615842183,-7.0191338338924965,9.926970474293379,NA,NA,,
2018-07-02,7.795377405883587,7.543334228033413,8.047420583733762,-6.969276457137221,-7.325206075292056,-6.613346838982387,9.681695034800619,NA,NA,,
2018-07-03,7.11612140919425,6.933411480115315,7.298831338273184,-6.780094430793523,-7.039009093719957,-6.521179767867088,8.924965017851177,NA,NA,,
2018-07-04,6.972302576154743,6.749284693125065,7.19532045918442,-6.551281052291093,-6.866277573177052,-6.236284531405134,9.018600341932293,NA,NA,,
2018-07-05,7.121157114056869,6.877359090198219,7.364955137915519,-6.677073606429971,-7.020974952993463,-6.33317225986648,9.599022050843978,NA,NA,,
2018-07-06,6.595394704554804,6.387700136854054,6.803089272255553,-5.737555191475566,-6.0296448792572805,-5.445465503693851,8.744213848139717,NA,NA,,
2018-07-07,6.613198273154525,6.409577104224407,6.816819442084643,-6.011464255226255,-6.2983018305702325,-5.724626679882278,8.656478988673422,NA,NA,,
2018-07-08,6.877408854135334,6.642841417533332,7.111976290737336,-6.41676634415294,-6.747790123877777,-6.085742564428103,8.83403299586274,NA,NA,,
2018-07-09,6.7750932118883345,6.559543717099602,6.990642706677067,-6.415390376016443,-6.71945670161919,-6.111324050413696,8.744213848139717,NA,NA,,
2018-07-10,7.055311458191784,6.842763934805269,7.267858981578298,-6.759790072245283,-7.060566119275442,-6.459014025215125,8.653648974153564,NA,NA,,
2018-07-11,7.653018882767795,7.449285862892979,7.856751902642611,-7.686162881498212,-7.9750512170949435,-7.39727454590148,8.5679653547934,NA,NA,,
2018-07-12,8.432510381871815,8.174049829126494,8.690970934617136,-8.962967879012783,-9.330409539532585,-8.595526218492981,9.008668988275577,NA,NA,,
2018-07-13,7.1134031093723085,6.921378808154053,7.305427410590564,-8.392666017764025,-8.66521264551601,-8.12011939001204,8.652689813455384,NA,NA,,
2018-07-14,9.16836148985857,9.00442371289297,9.33229926682417,-8.732156037381811,-8.96457110116397,-8.499740973599652,8.477757504854967,NA,NA,,
2018-07-15,9.171738298905632,8.840227814105287,9.503248783705978,-8.93473920056412,-9.406461494197886,-8.463016906930354,9.104420148692848,NA,NA,,
2018-07-16,7.170824132363422,6.598391651208978,7.743256613517866,-2.1422280033482295,-2.959822218261614,-1.324633788434845,9.5254740868751,NA,NA,,
2018-07-17,10.734383110180103,10.262079920272615,11.20668630008759,-8.290182856164156,-8.963063901618916,-7.617301810709396,9.5254740868751,NA,NA,,
2018-07-18,12.04223187733508,11.76740258666355,12.31706116800661,-9.910756590680608,-10.303236384058685,-9.51827679730253,9.519209197339126,NA,NA,,
2018-07-19,12.165369262993242,11.99966717557261,12.331071350413874,-9.672326142624495,-9.90813127254719,-9.436521012701801,8.919327639533307,NA,NA,,
2018-07-20,12.030221778501263,11.832021479290875,12.22842207771165,-9.4077714733946909,-9.689173658061325,-9.126369288728057,8.47120771014844,NA,NA,,
2018-07-21,12.494682861116202,12.333211729115046,12.656153993117357,-9.369353796395758,-9.598389720024224,-9.140317872767293,8.47216687084662,NA,NA,,
2018-07-22,13.046078387881606,12.897270496674087,13.194886279089124,-9.731464508645043,-9.943816314100262,-9.519112703189824,8.561360724003988,NA,NA,,
2018-07-23,13.660730488057983,13.451182927389343,13.870278048726622,-10.495937069623599,-10.795097395863781,-10.196776743383417,8.381229063281449,NA,NA,,
2018-07-24,14.196497016680226,14.00229522408771,14.390698809272742,-11.137604048018819,-11.414084178780948,-10.86112391725669,8.658327191773253,NA,NA,,
2018-07-25,14.9471797313452,14.684546254171034,15.209813208519366,-11.53980062207472,-11.91528422097845,-11.164317023170991,9.00771781104421,NA,NA,,
2018-07-26,15.12197388205838,14.97835015471934,15.265597609397421,-11.905783141557642,-12.110763673205199,-11.700802609910085,8.56328713717371,NA,NA,,
2018-07-27,14.985584386542929,14.81714115674668,15.154027616339176,-11.61647248796866,-11.855938675496379,-11.37700630044094,8.561360724003988,NA,NA,,
2018-07-28,15.035920187274145,14.795504091272562,15.276336283275729,-11.952773158870237,-12.295601281770717,-11.609945035969757,8.37678676770415,NA,NA,,
2018-07-29,14.507840719028295,14.311534955499043,14.704146482557546,-11.54346935380119,-11.823821185971097,-11.263117521631282,8.23630911192993,NA,NA,,
2018-07-30,15.608355327961329,15.386632606028718,15.83007804989394,-13.099144445285555,-13.417252400056743,-12.781036490514367,9.00579139787449,NA,NA,,
2018-07-31,12.91853665462814,12.475986351753553,13.361086957502726,-11.75568172112449,-12.387631852608045,-11.123731589640936,8.386772406912824,NA,NA,,
2018-08-01,14.648711942997409,14.47068417566972,14.826739710325096,-12.319495958199044,-12.574825065806888,-12.0641668505912,9.190289399860362,NA,NA,,
2018-08-02,15.548040118182106,15.352354158446015,15.743726077918197,-12.981738206342504,-13.263670538797829,-12.699805873887179,9.51640248338041,NA,NA,,
2018-08-03,15.36487500297058,15.088146205657111,15.641603800284049,-12.198075003756054,-12.594241451267258,-11.80190855624485,8.661038751698321,NA,NA,,
2018-08-04,13.765501099617413,13.310837156506143,14.220165042728684,-12.338420499334582,-12.992368857485912,-11.684472141183251,9.275338784651828,NA,NA,,
2018-08-05,15.764805026892352,15.567518806932616,15.962091246852088,-12.827451237773028,-13.112508563702443,-12.542393911843613,9.517345785451514,NA,NA,,
2018-08-06,15.90114032272701,15.63023469308415,16.17204595236987,-12.83541272381806,-13.226558381006072,-12.444267066630047,8.74230351021017,NA,NA,,
2018-08-07,14.638558398848282,14.376075200596745,14.90104159709982,-13.479840980673925,-13.858627483836887,-13.101054477510964,8.47216687084662,NA,NA,,
2018-08-08,14.267747376057333,14.09490314686304,14.440591605251626,-12.970236431396309,-13.2193393118399,-12.721133550952718,8.561360724003988,NA,NA,,
2018-08-09,14.646130130669492,14.386211062417456,14.90604919892153,-11.625994643610033,-12.000563363569734,-11.251425923650332,8.37639225939099,NA,NA,,
2018-08-10,14.493731090881464,14.147903285441174,14.839558896321755,-10.748966487441418,-11.245192164936308,-10.252740809946529,8.190069219175955,NA,NA,,
2018-08-11,14.200915224277862,13.852427515191208,14.549402933364517,-10.396620861298683,-10.897983007902885,-9.89525871469448,8.1709848690724165,NA,NA,,
2018-08-12,14.471057096046357,14.284649926927198,14.657464265165515,-10.034115176251808,-10.302677480608489,-9.765552871895126,8.142147269249621,NA,NA,,
2018-08-13,14.311964100203122,14.121425685646985,14.502502514759259,-9.888023554934685,-10.162656472606166,-9.613390637263205,8.085248553749807,NA,NA,,
2018-08-14,13.849244303343266,13.68820909132478,14.010279515361752,-9.431012920379844,-9.663241516721282,-9.198784324038407,8.070502048980702,NA,NA,,
2018-08-15,14.308325536689647,14.176685779366654,14.43996529401264,-9.368239023986622,-9.558650828450704,-9.17782721952254,8.468379997245446,NA,NA,,
2018-08-16,13.971311626010195,13.789182868015246,14.153440384005144,-8.437053276280974,-8.699861657709828,-8.17424489485212,8.198257088785185,NA,NA,,
2018-08-17,13.913231240479394,13.56100677003958,14.265455710919209,-8.345151024088269,-8.854887152483787,-7.83541489569275,8.060040377679705,NA,NA,,
2018-08-18,14.738484273305573,14.53629746087388,14.940671085737266,-8.524680278789244,-8.818192364177692,-8.231168193400796,8.375996404406948,NA,NA,,
2018-08-19,13.3288676296561,12.751427139716816,13.906308119595385,-8.519143245139702,-9.355653038670587,-7.682633451608818,8.151169297864818,NA,NA,,
2018-08-20,13.803364041925228,13.497857841136728,14.108870242713728,-8.226241627304514,-8.66969380603036,-7.782789448578669,8.055294246633755,NA,NA,,
2018-08-21,13.668914384370002,13.472686955470065,13.865141813269938,-8.34496320797476,-8.631899435665764,-8.058026980283758,8.83403299586274,NA,NA,,
2018-08-22,12.9083902148879,12.766071403657548,13.050709026118252,-7.461330633798762,-7.66941964720632,-7.253241620391204,8.739080279640696,NA,NA,,
2018-08-23,12.53031208475613,12.361313617908944,12.699310551603315,-9.86586580422447,-10.111418767525215,-9.620312840923724,8.160882707396105,NA,NA,,
2018-08-24,12.637924711447138,12.438719126186037,12.837130296708239,-10.118362426670545,-10.40787472014251,-9.82885013319858,8.123261264385194,NA,NA,,
2018-08-25,4.8463556810646935,4.542579497049437,5.15013186507995,-10.448040051013074,-10.900210153464979,-9.995869948561168,12.625961841195547,NA,NA,,
2018-08-26,9.447005185559807,9.265604212043314,9.628406159076299,-10.027784660282526,-10.297775197971328,-9.757794122593724,12.678312033850954,NA,NA,,
2018-08-27,10.290986616261595,10.15977768392026,10.42219554860293,-11.12832783223541,-11.324720552754545,-10.931935111716275,12.653956993796513,NA,NA,,
2018-08-28,10.819290217343863,10.679157303337597,10.959423131350128,-10.717226266646136,-10.927357070851366,-10.507095462440907,12.17804680263597,NA,NA,,
2018-08-29,10.681452850909473,10.28191210967112,11.080993592147825,-10.181564896867888,-10.77878167003178,-9.584348123703997,10.657922418915081,NA,NA,,
2018-08-30,7.976816044823925,7.741378967484063,8.212253122163789,-8.166482301210504,-8.512889242195532,-7.8200753602254744,8.74515715021082,NA,NA,,
2018-08-31,7.5967348755368524,7.41558489903006,7.777884852043645,-8.048139372011347,-8.314859687246049,-7.781419056776646,8.74515715021082,NA,NA,,
2018-09-01,7.751056346331011,7.6137375020923965,7.888375190569626,-8.23323936601933,-8.435830684903811,-8.030648047134848,8.752416676967814,NA,NA,,
2018-09-02,8.212595508269995,8.102281160193897,8.322909856346094,-8.424913409208614,-8.589063615832364,-8.260763202584863,9.4438002437107,NA,NA,,
2018-09-03,8.290903533076456,8.164461526547209,8.417345539605703,-8.54791715513118,-8.73658132984498,-8.35925298041738,9.607150352267565,NA,NA,,
2018-09-04,8.46687224526905,8.336501397422875,8.597243093115225,-8.54318795456679,-8.738056930866554,-8.348318978267026,9.522841083693802,NA,NA,,
2018-09-05,8.19237699556833,8.055238824992932,8.329515166143727,-7.941143095960443,-8.145216663908357,-7.737069528012529,9.271810524788513,NA,NA,,
2018-09-06,8.115434947552613,7.988767915819837,8.242101979285389,-7.395753783773037,-7.584514585512766,-7.206992982033308,9.187656396679065,NA,NA,,
2018-09-07,8.00004974365195,7.864541717088581,8.135557770215318,-6.742042921815683,-6.943564108085908,-6.540521735545458,9.27270578147053,NA,NA,,
2018-09-08,8.547594321796227,8.423391214903772,8.671797428688683,-6.9703161594473055,-7.155562262565228,-6.785070056329383,9.271810524788513,NA,NA,,
2018-09-09,8.54899383755628,8.39702277545036,8.7009648996622,-7.389276625956447,-7.615994165472809,-7.162559086440085,9.18676113999705,NA,NA,,
2018-09-10,9.223964842392963,9.09075720906453,9.357172475721397,-7.552570612720128,-7.751496811175321,-7.353644414264935,9.187656396679065,NA,NA,,
2018-09-11,8.66564966095171,8.538816723107766,8.792482598795653,-7.100174836988714,-7.289320642728479,-6.911029031248948,9.273592309397118,NA,NA,,
2018-09-12,8.748342735124753,8.615499767604636,8.88118570264487,-7.120162445897443,-7.318691391499255,-6.9216335002956315,9.358690163011165,NA,NA,,
2018-09-13,9.93406224677814,9.741848296129392,10.126276197426888,-7.761235447159755,-8.049187507433881,-7.473283386885628,9.4438002437107,NA,NA,,
2018-09-14,9.17576388406212,9.000105691386992,9.351422076737247,-8.060270377886585,-8.323777497159373,-7.796763258613797,9.60801010242959,NA,NA,,
2018-09-15,8.744368694317268,8.580506318197088,8.908231070437449,-7.747141120686762,-7.9925832226615725,-7.501699018711951,9.60801010242959,NA,NA,,
2018-09-16,8.928098646555236,8.751601825566304,9.104595467544168,-7.745313429432392,-8.011171032196547,-7.479455826668238,9.60801010242959,NA,NA,,
2018-09-17,9.196958244991748,9.04491795261176,9.348998537371736,-8.242513117943892,-8.472222659770644,-8.01280357611714,9.608860729504,NA,NA,,
2018-09-18,9.853890233090466,9.712693635527273,9.995086830653658,-8.764597739922648,-8.97827858735748,-8.550916892487816,9.68881967449862,NA,NA,,
2018-09-19,9.74697591849156,9.564691982643009,9.92925985434011,-8.36711704501568,-8.641982243665554,-8.092251846365807,9.60801010242959,NA,NA,,
2018-09-20,9.69241393045457,9.552749655514821,9.83207820539432,-8.767553148297711,-8.979108415434533,-8.55599788116089,9.60801010242959,NA,NA,,
2018-09-21,10.921526563526657,10.753212404916672,11.08984072213664,-9.306744853594202,-9.561831064100419,-9.051658643087984,9.60970213490775,NA,NA,,
2018-09-22,9.69335393043053,9.569574669892408,9.81713319096865,-9.145418320199855,-9.33396576468376,-8.95687087571595,9.77127730548293,NA,NA,,
2018-09-23,9.109803814784913,8.956772309065954,9.262835320503871,-9.156139117064392,-9.388640215340732,-8.92363801878805,9.8494933095866,NA,NA,,
2018-09-24,9.42530743669073,9.295628876194302,9.554985997187158,-9.159290254427434,-9.356604613311216,-8.961975895543652,9.77292021526829,NA,NA,,
2018-09-25,9.683176189303795,9.51606595540177,9.850286423205821,-9.192926641859124,-9.448488569488507,-8.93736471422974,10.004728333792151,NA,NA,,
2018-09-26,9.68914959093162,9.539093817418804,9.839205364444437,-9.509905121677699,-9.73935349375909,-9.280456749596308,9.68967030157303,NA,NA,,
2018-09-27,9.896939090445043,9.796615980654957,9.997262200235129,-9.589776087467875,-9.743274809717947,-9.436277365217803,9.690511706976778,NA,NA,,
2018-09-28,9.232061285176846,9.111649680810535,9.352472889543156,-9.982756687902645,-10.167643628988216,-9.797869746817074,9.769603814929141,NA,NA,,
2018-09-29,8.67024197243589,8.478750232160332,8.86173371271145,-9.735391814678618,-10.02799445409489,-9.442789175262346,9.691343792126817,NA,NA,,
2018-09-30,8.202542399404397,8.084654875707038,8.320429923101756,-9.64540282935217,-9.82633762836189,-9.46446803034245,9.851149800737803,NA,NA,,
2018-10-01,6.0194650699229735,5.85241990718619,6.1865102326597565,-8.99171197846206,-9.248754076518203,-8.734669880405917,9.932699634460258,NA,NA,,
2018-10-02,7.257678792241371,7.084482734859938,7.430874849622803,-8.714535960438424,-8.98324035730944,-8.445831563567408,10.24045721349543,NA,NA,,
2018-10-03,6.621920467272333,6.4552528169316625,6.788588117613004,-9.463469086824617,-9.722002321226103,-9.20493585242313,10.314485588286368,NA,NA,,
2018-10-04,6.584520014631087,6.479698938187962,6.689341091074212,-8.396493841710578,-8.557692337730414,-8.235295345690743,10.2396696775934,NA,NA,,
2018-10-05,5.036045139259447,4.871538996119939,5.200551282398956,-7.321547740393134,-7.575424933798478,-7.067670546987791,10.242002768880612,NA,NA,,
2018-10-06,5.461871105241331,5.259719456360221,5.66402275412244,-6.815268323353973,-7.12910373972871,-6.501432906979235,10.462878829562916,NA,NA,,
2018-10-07,5.860604090651622,5.7651870075943075,5.956021173708936,-6.976785584727877,-7.125037025779946,-6.8285341436758085,10.3899557272889,NA,NA,,
2018-10-08,5.975113955582812,5.809419099536808,6.140808811628816,-7.847810188262301,-8.105857173044644,-7.589763203479959,10.3899557272889,NA,NA,,
2018-10-09,5.7745326551016145,5.644778389868415,5.904286920334814,-7.7717252767030915,-7.973029701663584,-7.5704208517425995,10.3899557272889,NA,NA,,
2018-10-10,5.564232509558666,5.451691181666557,5.676773837450775,-7.626073214343332,-7.800896281392313,-7.451250147294352,10.389177783506604,NA,NA,,
2018-10-11,5.2060232786124345,5.0355838755330335,5.3764626816918355,-5.1922979603269,-5.457073604170355,-4.9275223164834445,10.316051067970696,NA,NA,,
2018-10-12,5.720142030254479,5.588610139518803,5.851673920990155,-5.159966615089664,-5.364989556779066,-4.954943673400263,10.392956780027188,NA,NA,,
2018-10-13,5.553285517700594,5.434730028358748,5.67184100704244,-4.919977374625572,-5.105352065504822,-4.7346026837463215,10.673490257741983,NA,NA,,
2018-10-14,5.228410907330728,5.106111153816485,5.350710660844971,-3.9970529859791917,-4.187227996393112,-3.8068779755652713,10.2396696775934,NA,NA,,
2018-10-15,5.1225165971817015,5.013238745427708,5.231794448935695,-3.4815107904843132,-3.6512278339735906,-3.311793746995036,10.241235157277728,NA,NA,,
2018-10-16,5.174251622017256,5.022701059497256,5.325802184537257,-3.9896313603414058,-4.226641389670519,-3.752621331012293,10.3899557272889,NA,NA,,
2018-10-17,5.168176728357258,5.03093104014329,5.305422416571226,-4.168702142013582,-4.383606587108027,-3.9537976969191364,10.3899557272889,NA,NA,,
2018-10-18,5.2533625568464055,5.1210367011206746,5.3856884125721365,-4.096098405977266,-4.3035076968475545,-3.8886891151069762,10.396538390302572,NA,NA,,
2018-10-19,5.439053569032997,5.304102401379591,5.574004736686403,-4.33705899685019,-4.550496077496095,-4.123621916204285,11.018309766326116,NA,NA,,
2018-10-20,5.3615927107032215,5.219523672278246,5.503661749128197,-4.636714962019342,-4.860591778596636,-4.4128381454420476,10.67657988839299,NA,NA,,
2018-10-21,5.360476935230535,5.240878569451747,5.4800753010093235,-4.577598583733575,-4.766055856889765,-4.3891413105773855,10.534750069123323,NA,NA,,
2018-10-22,5.439717672624801,5.295988609441667,5.583446735807935,-4.7168509138031665,-4.94297350920671,-4.490728318399623,10.390723338891783,NA,NA,,
2018-10-23,4.279667066660709,4.189284838849197,4.370049294472221,-4.084937491927884,-4.2276460611829965,-3.9422289226727725,10.4636464411658,NA,NA,,
2018-10-24,4.789819234494052,4.691021505925721,4.8886169630623835,-3.796998712816273,-3.9531336954014207,-3.6408637302311253,10.464402980529593,NA,NA,,
2018-10-25,5.440405569630272,5.3884669422961045,5.4923441969644395,-3.178923990037734,-3.261054583012895,-3.0967933970625734,10.53627422009,NA,NA,,
2018-10-26,6.097103564864727,6.01731995939386,6.176887170335594,-4.164484208422704,-4.291365260171074,-4.037603156674334,10.53627422009,NA,NA,,
2018-10-27,5.985352603590845,5.844316200259591,6.126389006922098,-4.413577985645749,-4.638337791706244,-4.188818179585255,10.539913024610195,NA,NA,,
2018-10-28,5.496143179025335,5.411407809156738,5.580878548893932,-4.831220075887247,-4.966026874216368,-4.6964132775581255,10.886312077365963,NA,NA,,
2018-10-29,5.699845331260344,5.595997574583364,5.803693087937325,-4.146578648650171,-4.311702807238591,-3.9814544900617506,10.954011294406,NA,NA,,
2018-10-30,5.063329156468196,4.905476930133138,5.2211813828032545,-4.128565436577798,-4.379970631831981,-3.8771602413236157,10.952581432152618,NA,NA,,
2018-10-31,4.980257998331187,4.85080874617414,5.109707250488235,-4.516736820594961,-4.724017016133884,-4.309456625056037,10.816023587155295,NA,NA,,
2018-11-01,5.423794905512558,5.2424332049936835,5.605156606031433,-5.399002108327762,-5.689230560674916,-5.108773655980609,10.746811416268939,NA,NA,,
2018-11-02,5.280243865420073,5.182962034608646,5.3775256962315,-5.803378280048156,-5.958878794447674,-5.647877765648637,10.678780523070962,NA,NA,,
2018-11-03,5.7539219813981,5.59644457015904,5.9113993926371595,-5.862609594572331,-6.114390802790253,-5.610828386354409,10.7475351491753,NA,NA,,
2018-11-04,5.284538194319407,5.16225290857333,5.406823480065484,-6.479822316650244,-6.675649144330094,-6.283995488970395,10.748256080101406,NA,NA,,
2018-11-05,4.875497839043613,4.756470654642409,4.994525023444816,-6.555934964625146,-6.745643939205456,-6.3662259900448355,10.8167445180814,NA,NA,,
2018-11-06,4.710874551750653,4.544006253799481,4.877742849701824,-6.460746518276848,-6.726577411875162,-6.194915624678535,10.8167445180814,NA,NA,,
2018-11-07,4.660241232818062,4.472490811397148,4.847991654238975,-6.683854531120013,-6.982313845929172,-6.3853952163108545,10.81456767954235,NA,NA,,
2018-11-08,4.7195406529642,4.5587107038918075,4.880370602036593,-6.205631269010294,-6.461180377906943,-5.950082160113646,10.607023291267572,NA,NA,,
2018-11-09,4.63428436763141,4.461333119755516,4.807235615507303,-6.031236987583862,-6.305600589027176,-5.756873386140548,10.534750069123323,NA,NA,,
2018-11-10,4.415870392606643,4.243705085348346,4.588035699864941,-5.814973807537901,-6.08764440076087,-5.542303214314932,10.390723338891783,NA,NA,,
2018-11-11,4.317768962199933,4.141481788357322,4.494056136042544,-5.176310646724442,-5.456347924874896,-4.896273368573988,10.4636464411658,NA,NA,,
2018-11-12,4.308380206909368,4.126401113071489,4.490359300747248,-4.573079782614291,-4.862218331551274,-4.283941233677307,10.4636464411658,NA,NA,,
2018-11-13,4.739921274888653,4.6738977116195315,4.8059448381577745,-4.212050927002509,-4.317295010817017,-4.106806843188001,10.464402980529593,NA,NA,,
2018-11-14,4.768501230078209,4.635675451666896,4.901327008489521,-4.129527252383455,-4.3412725065553674,-3.9177819982115425,10.535517680726207,NA,NA,,
2018-11-15,4.783023159012674,4.674302693302991,4.891743624722357,-4.444469705598497,-4.6181325529862685,-4.270806858210725,10.464402980529593,NA,NA,,
2018-11-16,4.472648612012721,4.294496057628739,4.650801166396703,-4.5960382085577685,-4.880494627934605,-4.311581789180932,10.537018947155028,NA,NA,,
2018-11-17,4.464346074144958,4.301145879728876,4.627546268561039,-4.396140574016553,-4.657304203320918,-4.1349769447121885,10.607023291267572,NA,NA,,
2018-11-18,4.648411005150623,4.486148307774933,4.810673702526314,-3.9753707586450497,-4.234926643170957,-3.7158148741191424,10.537018947155028,NA,NA,,
2018-11-19,4.565858289923144,4.429386911598867,4.702329668247421,-3.651418828949183,-3.869587986645918,-3.4332496712524483,10.6077680183326,NA,NA,,
2018-11-20,5.232398044165338,5.1803839058148,5.284412182515876,-3.057824317983927,-3.1411573954649987,-2.974491240502855,10.608500193039182,NA,NA,,
2018-11-21,2.6798541906962052,2.510379341841209,2.8493290395512014,-3.390100202745355,-3.664522735024819,-3.115677670465891,10.68371718243354,NA,NA,,
2018-11-22,1.89046965826682,1.7007697756644249,2.080169540869215,-2.213040430820704,-2.52123319057589,-1.904847671065518,11.229702517189736,NA,NA,,
2018-11-23,2.409489717288434,2.2534627553753124,2.565516679201556,-2.2135227142101,-2.469451233245691,-1.9575941951745093,12.00950524425787,NA,NA,,
2018-11-24,3.917623743454956,3.8570322338354597,3.9782152530744526,-2.198400852135032,-2.2973155827968945,-2.099486121473169,11.646077341885379,NA,NA,,
2018-11-25,4.346890874997144,4.276428837875306,4.417352912118982,-1.8114746449604222,-1.9258194303694969,-1.6971298595513475,11.0891510380038,NA,NA,,
2018-11-26,4.31114551475414,4.2448658459000255,4.377425183608255,-2.223629948820206,-2.3313554695477747,-2.115904428092637,11.09974295592091,NA,NA,,
2018-11-27,2.148213982939403,2.0238806698507665,2.2725472960280393,-1.997296874629309,-2.2019505368794134,-1.7926432123792047,12.108538823597668,NA,NA,,
2018-11-28,3.343846251933719,3.184104537369904,3.5035879664975336,-3.2321037312616308,-3.495187228786569,-2.9690202337366927,12.347549185544313,NA,NA,,
2018-11-29,3.3619206640324513,3.2983434092625536,3.425497918802349,-3.421375370398328,-3.5259740533648705,-3.316776687431785,11.915933999458513,NA,NA,,
2018-11-30,3.806141029429029,3.7349226981127988,3.8773593607452597,-2.148819342014629,-2.2653266481608068,-2.0323120358684514,11.871782691181572,NA,NA,,
2018-12-01,3.162103908036883,3.0906544497266277,3.2335533663471385,-1.685716504539631,-1.8032085465716967,-1.5682244625075652,12.349987781394944,NA,NA,,
2018-12-02,2.9315212074322963,2.8867376835164453,2.976304731348147,-0.5146727006550375,-0.5879117201811439,-0.441433681128931,12.145948437331342,NA,NA,,
2018-12-03,3.1495868393506177,3.0733900723241803,3.225783606377055,-0.41447209967588483,-0.5381660230581595,-0.29077817629361014,11.70372500613399,NA,NA,,
2018-12-04,3.26275319666696,3.1770171557974303,3.34848923753649,-1.0167759648248988,-1.156292704988895,-0.8772592246609028,11.284960254093427,NA,NA,,
2018-12-05,3.3436970731127786,3.208585009106815,3.478809137118742,-1.277726594936151,-1.4964515275357375,-1.0590016623365643,11.150726149065699,NA,NA,,
2018-12-06,2.6668661415193755,2.577150368478088,2.756581914560663,-1.0044911642817933,-1.1487294560374466,-0.8602528725261401,10.678780523070962,NA,NA,,
2018-12-07,3.2715546391877703,3.2032958363463813,3.3398134420291594,-0.45878365183792374,-0.5688080931316639,-0.34875921054418363,10.745334514497328,NA,NA,,
2018-12-08,3.7280129898698435,3.6410849471252473,3.8149410326144397,-0.6554364638795175,-0.7953439163404793,-0.5155290114185557,10.53775112186161,NA,NA,,
2018-12-09,3.1746137076738457,3.0125803880152184,3.336647027332473,-0.9253413511831218,-1.1877415269881793,-0.6629411753780642,10.680218692913185,NA,NA,,
2018-12-10,3.6915878705776533,3.6215807141281235,3.761595027027183,-1.1992135352157631,-1.312825161474557,-1.0856019089569693,10.884882215112583,NA,NA,,
2018-12-11,3.6333362132358515,3.5174680432531122,3.749204383218591,-1.2201304072933756,-1.4083777842115996,-1.0318830303751516,10.818174380334781,NA,NA,,
2018-12-12,3.326114462133202,3.2677727076640526,3.3844562166023513,-0.17616587928547908,-0.27086901783955875,-0.08146274073139943,10.953298671068737,NA,NA,,
2018-12-13,3.379055902207485,3.295035763033366,3.4630760413816035,-0.5591186274892244,-0.6947871147603869,-0.4234501402180618,10.8870191615555,NA,NA,,
2018-12-14,1.7322118540607605,1.6194969440777551,1.8449267640437659,-0.5189899123451166,-0.7018274479087384,-0.3361523767814948,11.022591998074441,NA,NA,,
2018-12-15,3.513232439238123,3.461071109680608,3.565393768795638,-1.4736196997097792,-1.558546738758773,-1.3886926606607854,11.09316732993622,NA,NA,,
2018-12-16,1.149233614813926,1.0409212680565954,1.2575459615712565,-1.2610341886061824,-1.4388087522443407,-1.0832596249680242,11.482642202529917,NA,NA,,
2018-12-17,2.9993596513043452,2.9676241379412955,3.031095164667395,-0.6149267515866842,-0.6673761996112424,-0.562477303562126,12.240203855024046,NA,NA,,
2018-12-18,1.376025584203372,1.2791758631221624,1.4728753052845815,0.03390415198868325,-0.12723994184938175,0.19504824582674823,12.663698409629852,NA,NA,,
2018-12-19,2.1087545359763222,2.0703233270840657,2.1471857448685787,0.1117928185258112,0.048268732774804785,0.17531690427681762,12.433939037482691,NA,NA,,
2018-12-20,1.0857780387054128,1.0125414460312658,1.1590146313795597,-0.1619866490441458,-0.2833232760826597,-0.040650022005631906,12.562164124181587,NA,NA,,
2018-12-21,1.6487682259959386,1.6087433982743173,1.68879305371756,0.6749784630110418,0.6091071378238395,0.7408497881982441,12.474367205921281,NA,NA,,
2018-12-22,1.6948266483687449,1.6506609260578067,1.738992370679683,1.1418099502549621,1.0689599277749122,1.214659972735012,12.62598550997983,NA,NA,,
2018-12-23,2.0170262894881645,1.9611527280460652,2.072899850930264,0.7315625246763875,0.6390251267791593,0.8240999225736156,12.680696270936519,NA,NA,,
2018-12-24,0.41916852615392786,0.3830526548946933,0.4552843974131624,0.18112412927020963,0.12131042714752946,0.2409378313928898,12.669335647362697,NA,NA,,
2018-12-25,1.4724672878511442,1.424540824249194,1.5203937514530945,1.282187290351135,1.2033900464745315,1.3609845342277387,12.43440759039276,NA,NA,,
2018-12-26,1.626656743792474,1.5903526419449248,1.6629608456400231,1.725003663801448,1.6650560162062062,1.78495131139669,12.608819776924843,NA,NA,,
2018-12-27,1.9074061055219909,1.8580679782898595,1.9567442327541222,2.30558443038718,2.2245077170790895,2.386661143695271,12.677830020729713,NA,NA,,
2018-12-28,1.6805646503492717,1.6069749185928657,1.7541543821056778,2.8132422879118555,2.6925048345192564,2.9339797413044546,12.61116901379335,NA,NA,,
2018-12-29,1.975775821386359,1.8953054018685627,2.056246240904155,2.657263211058646,2.5254369621985004,2.7890894599187916,12.48000359387778,NA,NA,,
2018-12-30,2.2521358851584985,2.1693044532248296,2.3349673170921674,2.1724595285804265,2.036442170028204,2.308476887132649,12.273868798475029,NA,NA,,
2018-12-31,1.6277637579724369,1.5647710018634713,1.6907565140814025,2.6957367853570564,2.593227880514085,2.798245690200028,12.059193826108457,NA,NA,,
2019-01-01,1.998825076398727,1.9074067837871738,2.09024336901028,3.0231059224765815,2.8747536142285917,3.1714582307245713,11.964301436989436,NA,NA,,
2019-01-02,1.7461816099473828,1.6506133118854696,1.841749908009296,2.970053639561341,2.815152875543455,3.1249544035792267,11.8667268558153,NA,NA,,
2019-01-03,2.379918525843866,2.302240660936557,2.4575963907511755,2.980303557633606,2.8541196334923886,3.1064874817748236,11.866194294425267,NA,NA,,
2019-01-04,2.3803969609207605,2.263823097583744,2.496970824257777,1.8928255954911866,1.7035871914766683,2.0820639995057046,11.813896157806052,NA,NA,,
2019-01-05,1.8208428730232014,1.7317340255087732,1.9099517205376295,0.10328369083932544,-0.04209650380760756,0.24866388548625845,11.654695059920668,NA,NA,,
2019-01-06,1.1644889556221603,1.129756959246452,1.1992209519978685,0.8366718517134062,0.7800018852882977,0.8933418181385147,11.91540143806848,NA,NA,,
2019-01-07,2.417486521356002,2.382536525979439,2.4524365167325652,1.646329574958735,1.589421290170178,1.703237859747292,11.8156009623721,NA,NA,,
2019-01-08,2.432249724295357,2.314922923342096,2.5495765252486184,-0.10114027884105338,-0.29301313275638097,0.0907325750742742,11.823544205612846,NA,NA,,
2019-01-09,2.4429821808405268,2.379385102382886,2.5065792592981677,0.444894846080866,0.34011184921426085,0.5496778429474711,12.57534325113215,NA,NA,,
2019-01-10,1.043617255374685,0.9928130628259875,1.0944214479233825,1.2006049777589123,1.117303496805446,1.2839064587123785,12.310616644711123,NA,NA,,
2019-01-11,1.7627660945297745,1.707223875212355,1.818308313847194,-0.012404519926357974,-0.10352892943816211,0.07871988958544615,12.51485777390524,NA,NA,,
2019-01-12,1.7670029330336032,1.7092421570813905,1.824763708985816,0.42086941992746263,0.32637154459075607,0.5153672952641691,12.65576982357776,NA,NA,,
2019-01-13,2.0337265052519347,1.946327768034356,2.1211252424695135,0.23432057437135906,0.09157325591478563,0.3770678928279325,12.675726026510338,NA,NA,,
2019-01-14,2.4070245309083385,2.2989393324474747,2.515109729369202,-0.4006982864020728,-0.5774529282593888,-0.22394364454475676,12.625831718671991,NA,NA,,
2019-01-15,2.2884323500708064,2.2168197425464116,2.360044957595201,-0.9491858965179615,-1.0664199725267338,-0.8319518205091893,12.53541685434753,NA,NA,,
2019-01-16,1.6134079073446206,1.5433735419802603,1.6834422727089808,-1.4534074078814199,-1.568296664330467,-1.3385181514323727,12.592232239258326,NA,NA,,
2019-01-17,0.8403070960198037,0.7361469193301738,0.9444672727094335,0.40758842618350377,0.23752450942870404,0.5776523429383035,12.199806322973188,NA,NA,,
2019-01-18,0.37861561858921594,0.3511684885263218,0.40606274865211006,1.2774471109790069,1.2327822930165955,1.3221119289414183,11.99775672513036,NA,NA,,
2019-01-19,0.023637514052908638,0.0012811770249125803,0.045993851080904695,1.5210073488718443,1.4846052091491977,1.557409488594491,12.068925259371229,NA,NA,,
2019-01-20,0.0022489558440566956,-0.024838328496667256,0.02933624018478065,1.0627259227703196,1.0185547190041853,1.106897126536454,12.450588660568568,NA,NA,,
2019-01-21,-0.089013524393262,-0.14851097739341723,-0.02951607139310678,2.5361808805254262,2.439861578931482,2.6325001821193705,12.217258318788403,NA,NA,,
2019-01-22,0.25148292712758563,0.23030096452459253,0.27266488973057873,2.5955773111435456,2.5613804113695045,2.629774210917587,12.03555514059067,NA,NA,,
2019-01-23,0.3144084610548106,0.28338197877680477,0.3454349433328164,2.1007349731782665,2.050548263230077,2.150921683126456,11.979610624829515,NA,NA,,
2019-01-24,0.5994529198324411,0.5605782704029159,0.6383275692619663,1.739484739851224,1.6767320262342054,1.8022374534682428,11.960599254356168,NA,NA,,
2019-01-25,0.45702251682221573,0.40308101993005496,0.5109640137143765,2.0093584948980254,1.9225275273411293,2.0961894624549218,11.95537923552346,NA,NA,,
2019-01-26,0.715936383989807,0.6640833547987057,0.7677894131809082,1.6700115618183757,1.586364640297381,1.7536584833393705,11.982533667898323,NA,NA,,
2019-01-27,0.6078446280968274,0.537153541028585,0.6785357151650697,1.2839679543022788,1.1702789228732384,1.3976569857313192,11.997627900073416,NA,NA,,
2019-01-28,0.7172316394660057,0.6602922073750689,0.7741710715569424,0.4990637271014214,0.4070251691649038,0.591102285037939,12.052933820863744,NA,NA,,
2019-01-29,0.73601653793944,0.7001623330872228,0.7718707427916572,0.06191919004911642,0.004195590162556058,0.11964278993567679,12.092962058947814,NA,NA,,
2019-01-30,0.802752889179921,0.7580567447244024,0.8474490336354397,0.12199571504409291,0.049981230546147976,0.19401019954203785,12.115401518286912,NA,NA,,
2019-01-31,0.8152875257965554,0.7583312296800979,0.8722438219130129,-0.21148246994239028,-0.30298150569009874,-0.1199834341946818,12.163649641102706,NA,NA,,
2019-02-01,0.7933877120710843,0.6929905072072872,0.8937849169348814,-1.7049400224669229,-1.8674245860514858,-1.54245545888236,12.229845987218082,NA,NA,,
2019-02-02,0.8263556735982478,0.7862903772970193,0.8664209698994763,-2.2221698333976594,-2.2868972615175367,-2.157442405277782,12.293477569016614,NA,NA,,
2019-02-03,0.939897009153589,0.8922581186134512,0.9875358996937268,-1.9809368350399528,-2.0575148737399456,-1.90435879633996,12.27918879200875,NA,NA,,
2019-02-04,0.8629296117426205,0.8105527228039039,0.9153065006813371,-1.5886891257679971,-1.6723401008664036,-1.5050381506695907,12.30199180571515,NA,NA,,
2019-02-05,1.0299441374619613,0.989461010271326,1.0704272646525967,-0.09387477519708977,-0.15839631804012022,-0.029353232354059317,12.39368832398641,NA,NA,,
2019-02-06,0.8533409190433205,0.8147365033529523,0.8919453347336888,0.5441816768610244,0.48260684319314195,0.6057565105289068,12.465292525982745,NA,NA,,
2019-02-07,1.2849822066833225,1.2176059331036393,1.3523584802630058,0.31182185457612277,0.204182768521961,0.41946094063028455,12.521964016383123,NA,NA,,
2019-02-08,1.5053287819557442,1.389283069101175,1.6213744948103133,-0.9011217128570221,-1.0863731722891683,-0.715870253424876,12.562842105990848,NA,NA,,
2019-02-09,0.5379463527850575,0.49404795949878594,0.5818447460713292,-2.045652604561695,-2.1155735523490278,-1.975731656774362,12.53803612711846,NA,NA,,
2019-02-10,1.1128250278621217,1.0825185383414384,1.143131517382805,-0.4819970869652602,-0.5301302639383633,-0.4338639099921572,12.554989866935061,NA,NA,,
2019-02-11,1.4905641423327582,1.4086454518649978,1.5724828328005187,-1.0518898441641127,-1.1826792535275124,-0.921100434800713,12.608177630663967,NA,NA,,
2019-02-12,1.1677384923067782,1.0995542051610996,1.2359227794524568,-2.0497831243897364,-2.158421407645299,-1.941144841134174,12.614703125173246,NA,NA,,
2019-02-13,1.2520746964952223,1.212583993491807,1.2915653994986376,-2.730704930052073,-2.7933291675336838,-2.668080692570462,12.40416291017519,NA,NA,,
2019-02-14,0.31766360752748196,0.23954555640019204,0.3957816586547719,-2.8157772931876295,-2.9391826539219283,-2.6923719324533306,11.972148475857384,NA,NA,,
2019-02-15,-0.13548481847494112,-0.16977466741281336,-0.10119496953706889,-1.7364413121914868,-1.7904483647020908,-1.6824342596808828,12.049556486785887,NA,NA,,
2019-02-16,0.37219489250278265,0.3232664842219392,0.4211233007836261,-1.1630806699534717,-1.240033161987482,-1.0861281779194614,12.02410923025474,NA,NA,,
2019-02-17,0.4689209499908355,0.3654507693547524,0.5723911306269186,-0.38265840055537764,-0.5447170396374975,-0.22059976147325777,12.001467714674664,NA,NA,,
2019-02-18,0.777128798011069,0.719367479763017,0.8348901162591211,0.3860544340117605,0.2959326192370096,0.4761762487865114,11.983542398047264,NA,NA,,
2019-02-19,1.0548216957723002,0.9975506483272474,1.112092743217353,-0.4273644053339588,-0.5169062335257311,-0.33782257714218655,11.96934485489077,NA,NA,,
2019-02-20,0.8070843967927068,0.775106560766723,0.8390622328186906,-1.4968953265904905,-1.5468260090212618,-1.4469646441597193,11.96092120651115,NA,NA,,
2019-02-21,0.8164718079779706,0.7753501865398806,0.8575934294160605,-0.5860659938794426,-0.6501945715290803,-0.5219374162298048,11.955200388403668,NA,NA,,
2019-02-22,0.8547072216209902,0.8277355691493804,0.8816788740926,-0.035482428321953044,-0.07747121949114483,0.006506362847238739,11.987566852943706,NA,NA,,
2019-02-23,0.7919949275227621,0.7460165333193056,0.8379733217262186,-0.22563092252140507,-0.2973556507721775,-0.15390619427063262,11.955748225857088,NA,NA,,
2019-02-24,0.9379991641140004,0.8976397317187608,0.9783585965092401,-1.4236852498315093,-1.4866987679076018,-1.360671731755417,11.962715241973237,NA,NA,,
2019-02-25,0.026134698697845675,-0.03306506518803701,0.08533446258372836,-1.632719463896303,-1.7249680312859463,-1.5404708965066596,12.002612203759412,NA,NA,,
2019-02-26,0.14382292343923953,0.11065250908646107,0.17699333779201798,-1.5900636435360054,-1.641535898395395,-1.5385913886766158,12.191684005008645,NA,NA,,
2019-02-27,-0.21012840667495147,-0.2949980744184556,-0.12525873893144734,-0.44959563796853436,-0.582223618160468,-0.31696765777660074,12.4190272097767,NA,NA,,
2019-02-28,0.38703164223899833,0.32506852754269455,0.4489947569353021,-0.27537638437281897,-0.37194274419205803,-0.17881002455357992,12.39868171374273,NA,NA,,
2019-03-01,0.31494142445571865,0.2909694183318177,0.3389134305796196,-0.6364932134712432,-0.6738019313663101,-0.5991844955761764,12.18487709448784,NA,NA,,
2019-03-02,0.3564548854808687,0.31971314208778356,0.3931966288739538,-0.9533395078729691,-1.0105363908358242,-0.8961426249101138,12.092410443067509,NA,NA,,
2019-03-03,0.5823843909977606,0.5485939373273852,0.6161748446681361,-0.8180706787942047,-0.8704784346953127,-0.7656629228930967,12.052855032070127,NA,NA,,
2019-03-04,0.7173800504493187,0.6580558718091515,0.776704229089486,-0.735241837618112,-0.8271172071926959,-0.6433664680435282,12.035960065727457,NA,NA,,
2019-03-05,0.5931811043756565,0.5582918687026059,0.6280703400487071,-1.6650198967225653,-1.7189064870211745,-1.6111333064239561,12.018700469151923,NA,NA,,
2019-03-06,0.4225928412843433,0.3636315692008979,0.48155411336778875,-1.787531291132044,-1.8790311528422117,-1.6960314294218763,12.020491803134721,NA,NA,,
2019-03-07,0.7892668366369431,0.758095007040068,0.8204386662338181,-0.6543496921334159,-0.7023137648066858,-0.6063856194601459,12.032600868762326,NA,NA,,
2019-03-08,0.837044123330526,0.764415368495868,0.909672878165184,-0.735771619809209,-0.8474354139789401,-0.624107825639478,12.038773124280718,NA,NA,,
2019-03-09,0.6850170927046364,0.660755569941676,0.7092786154675969,-0.9847030478663442,-1.022129106999034,-0.9472769887336545,12.057329965087641,NA,NA,,
2019-03-10,0.7775335556562698,0.7097930667459563,0.8452740445665833,-0.4317531128195821,-0.5358578427790676,-0.3276483828600967,12.032849573570646,NA,NA,,
2019-03-11,1.2359932709453607,1.2008915562000115,1.2710949856907099,-0.5338200242785524,-0.5876721807831539,-0.47996786777395084,12.00559381597404,NA,NA,,
2019-03-12,0.8280039280250022,0.6866258509218026,0.9693820051282018,-0.3525792703199107,-0.5678847280585283,-0.1372738125812931,11.990352114665605,NA,NA,,
2019-03-13,1.0149859073915433,0.9822354731409482,1.0477363416421384,0.37767214880534533,0.327617026839079,0.42772727077161166,11.978041859412743,NA,NA,,
2019-03-14,1.0863105037470946,0.9882455990342437,1.1843754084599454,-0.25225068045999627,-0.4020358522868387,-0.10246550863315385,11.969468792002132,NA,NA,,
2019-03-15,1.1974435416964002,1.1645282028165662,1.2303588805762342,-0.8406373203200668,-0.8908248819397409,-0.7904497587003927,11.973090815096626,NA,NA,,
2019-03-16,1.4466939951540787,1.3924843658835904,1.500903624424567,-1.2579022635461816,-1.340667653695096,-1.1751368733972671,11.9928321240771,NA,NA,,
2019-03-17,1.5905515851253054,1.5574263937681783,1.6236767764824325,-1.6121323060047414,-1.662720218138551,-1.561544393870932,11.992817373348828,NA,NA,,
2019-03-18,1.6017301473298036,1.5650098320109496,1.6384504626486576,-1.9668119487488689,-2.0229594778101267,-1.910664419687611,11.991496599849704,NA,NA,,
2019-03-19,1.46417204737862,1.4190180674546091,1.5093260273026308,-2.1838983962269807,-2.25284063352338,-2.1149561589305814,11.99936358879664,NA,NA,,
2019-03-20,0.983704543349262,0.8775737434346045,1.0898353432639196,-1.4147097669557065,-1.5764397343980912,-1.2529797995133218,12.019898411336236,NA,NA,,
2019-03-21,1.5522046622127212,1.5134262340740863,1.5909830903513562,-0.8659621705242955,-0.9247530476378205,-0.8071712934107704,12.028917363447428,NA,NA,,
2019-03-22,0.8316820549635956,0.7406253838927601,0.9227387260344311,-0.8929730130046407,-1.031076924335663,-0.7548691016736184,12.021952066115162,NA,NA,,
2019-03-23,1.3695153531301494,1.2812129599839224,1.4578177462763764,-0.3639409347776739,-0.4975085645776058,-0.23037330497774205,12.01139687686631,NA,NA,,
2019-03-24,2.1271482735016907,2.077343493814575,2.1769530531888064,-1.0117533878246328,-1.0873783261447967,-0.9361284495044688,11.995656683245382,NA,NA,,
2019-03-25,0.6116179046785624,0.4211858422614733,0.8020499670956514,-0.5750560693297451,-0.8624179347219916,-0.2876942039374986,11.990555578820576,NA,NA,,
2019-03-26,2.131136090582705,2.079619953598567,2.182652227566843,-1.3203469239207988,-1.3983068497759445,-1.242386998065653,11.997680491502164,NA,NA,,
2019-03-27,1.03718069318411,0.9311190165080877,1.1432423698601324,-0.9975873694552337,-1.1579077004732534,-0.8372670384372142,11.999185115285966,NA,NA,,
2019-03-28,1.4577544968993197,1.3913675104500083,1.524141483348631,0.25957391316305745,0.1594334044425859,0.359714421883529,12.002537450570918,NA,NA,,
2019-03-29,1.7522572337903328,1.6877066999562889,1.8168077676243768,0.7206558208663316,0.6236688063612277,0.8176428353714356,11.99003030186341,NA,NA,,
2019-03-30,2.3486724187269745,2.3054240387480958,2.3919207987058533,0.11015148552566868,0.04505002158524435,0.17525294946609302,11.991411173630038,NA,NA,,
2019-03-31,2.7234806427696916,2.671514200407806,2.775447085131577,-0.7590077815617322,-0.8373564915002769,-0.6806590716231875,11.99101238209162,NA,NA,,
2019-04-01,1.8260434144906552,1.7704530067554636,1.8816338222258469,-1.4359737902547778,-1.519425153838595,-1.3525224266709606,11.997669721259403,NA,NA,,
2019-04-02,1.617196628175381,1.5367107337779407,1.6976825225728212,-1.3150690933269609,-1.4363607391789952,-1.1937774474749265,12.045371428907956,NA,NA,,
2019-04-03,1.7940886083848382,1.7365608971770492,1.8516163195926272,-1.0556279280536065,-1.1422297406343207,-0.9690261154728923,12.103966205675402,NA,NA,,
2019-04-04,1.1863170362671565,1.13856631955325,1.2340677529810629,-1.4402741836187338,-1.5120228780377127,-1.368525489199755,12.186128157606987,NA,NA,,
2019-04-05,1.0939826378487878,1.0236524799420588,1.1643127957555168,-1.1640580889699963,-1.26993716219483,-1.0581790157451625,12.214895861294844,NA,NA,,
2019-04-06,0.1872781349881874,0.14613536887836237,0.22842090109801244,-0.666104203158167,-0.7281089603249249,-0.6040994459914091,12.402542725196584,NA,NA,,
2019-04-07,-0.025799189324011762,-0.0771958058271073,0.025597427179083775,0.45600218670102133,0.3785753710258377,0.5334290023762049,12.463872136789957,NA,NA,,
2019-04-08,-0.2298559033615907,-0.25864113748219886,-0.20107066924098257,1.5070103810982916,1.463917068390319,1.550103693806264,12.812864124643298,NA,NA,,
2019-04-09,0.5003253827691981,0.46096636171375927,0.539684403824637,1.4488942188769398,1.3896189698821848,1.5081694678716948,13.120396302969665,NA,NA,,
2019-04-10,0.497538262661507,0.45956475814713477,0.5355117671758793,1.234431120537977,1.1771707174945576,1.2916915235813964,13.07293411911459,NA,NA,,
2019-04-11,0.6098989283992682,0.5686650423667853,0.6511328144317511,0.296523511274881,0.23476949000180944,0.3582775325479526,12.979443817822542,NA,NA,,
2019-04-12,0.6463301760822242,0.6153077111505076,0.6773526410139408,-0.08215868137787115,-0.12865712986501848,-0.035660232890723814,12.76872996636125,NA,NA,,
2019-04-13,1.1024172590112338,1.0364408679123664,1.168393650110101,-0.6984462078460218,-0.7973589922953168,-0.5995334233967269,12.535486780816493,NA,NA,,
2019-04-14,0.6337824088556938,0.5933927580748708,0.6741720596365168,-0.28895572562292976,-0.3489599481166172,-0.22895150312924234,12.399069956004215,NA,NA,,
2019-04-15,0.4497213867195432,0.41063738412612016,0.48880538931296624,-0.7956514610915986,-0.8536723541514604,-0.7376305680317368,12.31868810454419,NA,NA,,
2019-04-16,0.7530491200979678,0.7195728038733796,0.7865254363225559,-0.10950460655011846,-0.15940816999691,-0.05960104310332693,12.255010724017856,NA,NA,,
2019-04-17,1.1759020725624727,1.0919850317534987,1.2598191133714467,0.05552281885177937,-0.06981080377287938,0.18085644147643812,12.197775223952783,NA,NA,,
2019-04-18,1.291940680993519,1.188047963811119,1.395833398175919,-0.6378626738481202,-0.7928957476789351,-0.48282960001730535,12.180139022633282,NA,NA,,
2019-04-19,1.2253635901593618,1.151340827688932,1.2993863526297915,-1.1548049980526531,-1.2648309983318005,-1.0447789977735058,12.207427519863224,NA,NA,,
2019-04-20,0.30344869957274273,0.2179162754397888,0.38898112370569665,0.5820830098539104,0.45586892057767314,0.7082970991301476,12.27321244957101,NA,NA,,
2019-04-21,1.056666247406644,1.005711317911029,1.1076211769022588,0.2564910670005841,0.18094287394668612,0.3320392600544821,12.258396845032,NA,NA,,
2019-04-22,1.0932607415553608,0.96585146524444,1.2206700178662817,-0.191114537576541,-0.38045440362095806,-0.0017746715321239614,12.258138372851526,NA,NA,,
2019-04-23,1.0611254615612602,0.9966985739266812,1.1255523491958392,-0.26946479161055037,-0.36494350157959377,-0.173986081641507,12.234325570279854,NA,NA,,
2019-04-24,1.0184445371747917,0.959509174438304,1.0773798999112794,-0.23886141945447695,-0.3260130550028061,-0.15170978390614784,12.305043244701542,NA,NA,,
2019-04-25,0.9952090152894539,0.9621729975786036,1.0282450330003043,-0.37012505547094493,-0.4189116812315187,-0.3213384297103712,12.32596734703014,NA,NA,,
2019-04-26,1.15594627297426,1.130315805162182,1.181576740786338,-0.12586520764405096,-0.16361281928341814,-0.08811759600468379,12.305233566852815,NA,NA,,
2019-04-27,1.4750688272629273,1.445878356778849,1.5042592977470057,-0.7880750247689265,-0.8310011443521487,-0.7451489051857044,12.25239840593366,NA,NA,,
2019-04-28,1.364556510250748,1.299216856965724,1.4298961635357719,-1.2620386998110267,-1.3580229522266853,-1.166054447395368,12.210599813742297,NA,NA,,
2019-04-29,1.6762281898017588,1.6459176457572116,1.706538733846306,-1.535649762145255,-1.5801296686972806,-1.4911698555932293,12.15756495685146,NA,NA,,
2019-04-30,1.4986953524546092,1.4235370572395256,1.5738536476696927,-0.6251539277965538,-0.7350272680711502,-0.5152805875219574,12.110250349839134,NA,NA,,
2019-05-01,1.868461029365494,1.8386411250150587,1.8982809337159292,-0.755394681545764,-0.799062633763573,-0.7117267293279549,12.077152389304675,NA,NA,,
2019-05-02,2.227467748292993,2.2014637890804436,2.253471707505543,-1.1390047590773402,-1.1771521553027016,-1.1008573628519789,12.073710939765574,NA,NA,,
2019-05-03,2.493699967549226,2.4573434591386176,2.5300564759598343,-1.7689142413686603,-1.822300020641561,-1.7155284620957596,12.072230093847889,NA,NA,,
2019-05-04,2.7252915604074786,2.684927129958656,2.765655990856301,-2.143198709112931,-2.202343476941724,-2.084053941284138,12.060785192855246,NA,NA,,
2019-05-05,2.7870623695412706,2.7304046903141104,2.843720048768431,-2.286647284773724,-2.3694393445237405,-2.2038552250237076,12.051783375148172,NA,NA,,
2019-05-06,2.981056488913995,2.8952060175971455,3.066906960230845,-1.8811696285512098,-2.0065224553637293,-1.7558168017386901,12.055597393645796,NA,NA,,
2019-05-07,3.253095196692773,3.122134973538112,3.3840554198474337,-1.2808521623468712,-1.4714799483095107,-1.0902243763842316,12.05310582839124,NA,NA,,
2019-05-08,3.7119150851661646,3.6344115174625364,3.789418652869793,-2.37708403676416,-2.4899858193997106,-2.2641822541286096,12.060170523118463,NA,NA,,
2019-05-09,3.80970414388277,3.6927132369643725,3.9266950508011678,-2.8678269781497088,-3.0378548022358234,-2.697799154063594,12.055478848690097,NA,NA,,
2019-05-10,4.086510733656089,3.972848695095389,4.200172772216789,-2.628536553767022,-2.793359893612244,-2.4637132139218,12.041599573913473,NA,NA,,
2019-05-11,4.4813988424981295,4.359562479880537,4.603235205115722,-2.914707298969578,-3.0917051576022385,-2.7377094403369173,12.036735333693489,NA,NA,,
2019-05-12,4.668457952603319,4.531558746102142,4.805357159104496,-2.9784848241326545,-3.1767783295090486,-2.7801913187562604,12.03542685043881,NA,NA,,
2019-05-13,4.788272534592594,4.550706189808501,5.025838879376687,-2.92547188908441,-3.2693987110424985,-2.5815450671263216,12.024764724141038,NA,NA,,
2019-05-14,3.307559937790129,3.063418313607473,3.551701561972785,-2.1899418424193033,-2.5422565943867172,-1.8376270904518892,12.009860868079056,NA,NA,,
2019-05-15,2.929379077471216,2.693750007589867,3.165008147352565,-3.6079995988599376,-3.9485831888885103,-3.267416008831365,12.00097318075329,NA,NA,,
2019-05-16,1.8723075585233995,1.7139595148371696,2.0306556022096296,-1.5589768619626596,-1.7850247140087412,-1.332929009916578,12.03195512163236,NA,NA,,
2019-05-17,2.2791581099539964,2.124639589987792,2.4336766299202006,-1.6637646856690131,-1.886535823127668,-1.4409935482103582,12.03270023141652,NA,NA,,
2019-05-18,1.6430177276728426,1.5860671381269928,1.6999683172186923,-2.0617499182540135,-2.143458781898138,-1.9800410546098888,11.99133558401095,NA,NA,,
2019-05-19,3.7869121330710787,3.686065999602908,3.887758266539249,-2.5736397257465717,-2.7188181907284776,-2.428461260764666,11.983562168968025,NA,NA,,
2019-05-20,4.9118025736747475,4.855719863997673,4.967885283351822,-3.5507239254086542,-3.631390158656871,-3.4700576921604376,11.971303319359963,NA,NA,,
2019-05-21,2.290390989050196,1.931462772011376,2.649319206089016,-1.0727720801177205,-1.5868902433871916,-0.5586539168482493,11.96864917336982,NA,NA,,
2019-05-22,3.847701806854617,3.6823418789508002,4.013061734758434,-1.531555750921753,-1.7714098834116787,-1.2917016184318273,11.965078135246646,NA,NA,,
2019-05-23,5.896674848375629,5.780024505382382,6.013325191368876,-2.6617892251851396,-2.8301293570991857,-2.4934490932710935,11.965739141454796,NA,NA,,
2019-05-24,7.2302651169670025,7.100589396293977,7.359940837640028,-3.069371121625799,-3.2558606705306965,-2.8828815727209016,11.962054048546753,NA,NA,,
2019-05-25,6.899067898756817,6.647655180850991,7.150480616662643,-3.795482374616424,-4.154186546949087,-3.4367782022837607,11.969070646849586,NA,NA,,
2019-05-26,6.419315943038391,5.94286842047181,6.895763465604971,-2.674368028360109,-3.3581169843246697,-1.9906190723955477,11.97016310081821,NA,NA,,
2019-05-27,5.624173545328667,5.402179410937963,5.846167679719372,-2.036164283181472,-2.354266918992493,-1.7180616473704506,11.968140175372005,NA,NA,,
2019-05-28,7.64097641262135,7.457067972774904,7.824884852467796,-3.6610004402643286,-3.9253818854892777,-3.3966189950393795,11.986377831684466,NA,NA,,
2019-05-29,8.374927726878036,8.173805608149385,8.576049845606688,-4.541401774637235,-4.829527727246458,-4.253275822028011,11.98816370499976,NA,NA,,
2019-05-30,9.096579328873833,8.856477679213718,9.336680978533948,-4.5150352632929796,-4.858858252004714,-4.171212274581245,11.9872625182285,NA,NA,,
2019-05-31,9.092071169814009,8.861926399068047,9.322215940559971,-4.518359257842897,-4.849365910764688,-4.187352604921105,11.987543828736563,NA,NA,,
2019-06-01,9.187826537353821,8.939221623363906,9.436431451343736,-5.6705604385484785,-6.027367337520441,-5.313753539576516,12.014483599465603,NA,NA,,
2019-06-02,8.370895269872044,8.110829812389733,8.630960727354354,-5.443272785254099,-5.815931087291873,-5.070614483216326,12.035076295861913,NA,NA,,
2019-06-03,8.40744412542381,8.125383117403967,8.689505133443653,-5.290342171266481,-5.694090144251184,-4.886594198281777,12.048775014155996,NA,NA,,
2019-06-04,8.04231244546124,7.76249713863525,8.32212775228723,-4.972813807807119,-5.3733583382758825,-4.572269277338356,12.07227509435694,NA,NA,,
2019-06-05,6.35805209855394,6.049886602389661,6.666217594718219,-5.059127336108325,-5.500242188569228,-4.618012483647423,12.260975030640482,NA,NA,,
2019-06-06,5.074713447783156,4.91072383391314,5.2387030616531725,-5.064482503861278,-5.298566430784173,-4.830398576938383,12.329145293103593,NA,NA,,
2019-06-07,4.539876051301445,4.225587736688752,4.854164365914139,-4.073210837775842,-4.521782564623183,-3.6246391109285008,12.332013846009328,NA,NA,,
2019-06-08,5.458395535013974,5.268465969520643,5.6483251005073045,-4.476241552519276,-4.748847932856614,-4.203635172181937,12.328166410347269,NA,NA,,
2019-06-09,6.0045832830114945,5.823124093348985,6.1860424726740035,-5.647221386998517,-5.908131984470607,-5.386310789526426,12.331125232256499,NA,NA,,
2019-06-10,6.1893595155826455,5.96492904469754,6.4137899864677514,-6.240986514542029,-6.563604006418236,-5.918369022665821,12.335829566184426,NA,NA,,
2019-06-11,6.362004524972024,6.136735486503993,6.587273563440054,-7.300846972459,-7.624317901994196,-6.9773760429238045,12.32080062265738,NA,NA,,
2019-06-12,5.834413835437396,5.375089907796825,6.293737763077967,-7.561375870711557,-8.218441534084137,-6.904310207338977,12.272564786327788,NA,NA,,
2019-06-13,5.851394291139908,5.281675165890733,6.421113416389082,-8.25572840902464,-9.07034736981825,-7.441109448231028,12.195424638822617,NA,NA,,
2019-06-14,5.7789483075622705,5.217760118929521,6.34013649619502,-7.98372898071723,-8.786039839471716,-7.181418121962744,12.119052081242723,NA,NA,,
2019-06-15,6.123158514800155,5.648707072853785,6.597609956746524,-7.452354800486117,-8.128105902387812,-6.776603698584421,12.051816211071737,NA,NA,,
2019-06-16,6.098721852379896,5.599523716632734,6.597919988127058,-7.53394164011564,-8.246147217415201,-6.821736062816079,11.99727277179441,NA,NA,,
2019-06-17,6.203912747400934,5.726145329073362,6.681680165728506,-7.08329792541173,-7.764924691053517,-6.401671159769943,11.960970968503199,NA,NA,,
2019-06-18,6.7177778252918054,6.404616642559843,7.0309390080237675,-6.903475856258197,-7.350575566218001,-6.4563761462983935,12.053600137475753,NA,NA,,
2019-06-19,6.610174140885467,6.225984304572523,6.99436397719841,-6.934113657399716,-7.480524178748582,-6.38770313605085,12.157971073901521,NA,NA,,
2019-06-20,6.472367810983715,6.0327335065450365,6.912002115422394,-5.785374793104188,-6.411322463396856,-5.159427122811519,12.280310506481761,NA,NA,,
2019-06-21,6.833397715883134,6.346392717817019,7.320402713949249,-5.904199287653875,-6.600850747787911,-5.207547827519839,12.410236869527225,NA,NA,,
2019-06-22,7.911425320633599,7.6134078022716505,8.209442838995548,-6.71668343147164,-7.144698186815093,-6.288668676128188,12.555653842986207,NA,NA,,
2019-06-23,9.041168193638548,8.778719906696306,9.30361648058079,-7.847528209505666,-8.224163486059137,-7.470892932952196,12.671904325336351,NA,NA,,
2019-06-24,9.027712918596787,8.574659031493562,9.480766805700013,-8.817890245638639,-9.46519857140312,-8.170581919874158,12.679036634596493,NA,NA,,
2019-06-25,8.202418416733995,7.597310361001228,8.807526472466762,-8.742460147652896,-9.605058600901247,-7.8798616944045445,12.66540425522306,NA,NA,,
2019-06-26,7.74364937421155,7.487782224239929,7.999516524183171,-6.517419843623383,-6.881287764986898,-6.153551922259868,12.595436742489788,NA,NA,,
2019-06-27,8.42756508971422,8.200765866124668,8.654364313303772,-6.079663103246887,-6.4037975521837165,-5.755528654310057,12.508301052884633,NA,NA,,
2019-06-28,9.627162630304992,9.404283651844555,9.85004160876543,-7.245436594653371,-7.564509775007302,-6.9263634142994395,12.3874747427203,NA,NA,,
2019-06-29,9.83279955465572,9.583607684662066,10.081991424649374,-7.36450896035781,-7.721751596173277,-7.007266324542343,12.3874747427203,NA,NA,,
2019-06-30,10.45635711320608,10.25638467321065,10.656329553201509,-8.468490624317802,-8.755601236372842,-8.181380012262762,12.385457674266842,NA,NA,,
2019-07-01,10.437075352912064,10.174950384216963,10.699200321607165,-8.131458907677407,-8.50586736719938,-7.757050448155434,12.192443939006905,NA,NA,,
2019-07-02,10.827526889976845,10.573107988636867,11.081945791316823,-9.125257121599295,-9.4895604326752,-8.760953810523391,12.05344081885711,NA,NA,,
2019-07-03,10.106794705398169,9.748312695967982,10.465276714828356,-9.603392007373277,-10.114904615512783,-9.09187939923377,11.411044160529894,NA,NA,,
2019-07-04,10.393175153050421,10.074173757136942,10.712176548963901,-9.411168292139855,-9.867028210715455,-8.955308373564256,11.22076952264976,NA,NA,,
2019-07-05,10.856951068794148,10.491860777643362,11.222041359944933,-9.588716410000242,-10.10999915562893,-9.067433664371553,11.154307759341082,NA,NA,,
2019-07-06,10.386342467376293,10.036223245930044,10.736461688822542,-9.153644755026761,-9.65261215657095,-8.6546773534825725,11.0218913766015,NA,NA,,
2019-07-07,10.805538455745497,10.422787549380379,11.188289362110615,-9.799803687138446,-10.345021800326114,-9.254585573950779,11.0204716690747,NA,NA,,
2019-07-08,10.420419892753246,10.066911299329687,10.773928486176805,-9.436412128330993,-9.940042028954156,-8.932782227707829,10.8855994540287,NA,NA,,
2019-07-09,7.966729712845764,7.660200551372774,8.273258874318753,-7.668471468068757,-8.105388270509959,-7.231554665627557,10.884882215112583,NA,NA,,
2019-07-10,10.310905604850523,9.915130169602461,10.706681040098585,-8.65600813911247,-9.22178504717738,-8.09023123104756,10.82295592770258,NA,NA,,
2019-07-11,11.06520084458272,10.617386240863317,11.513015448302122,-10.658661973886797,-11.301496739400644,-10.01582720837295,11.408965378536339,NA,NA,,
2019-07-12,10.613207336380164,10.02841231463187,11.198002358128457,-10.624201146378438,-11.462255874282944,-9.786146418473932,11.019754430158583,NA,NA,,
2019-07-13,11.474516969722133,11.03169845775292,11.917335481691346,-12.20317801983792,-12.836698647675819,-11.56965739200002,10.815299854248932,NA,NA,,
2019-07-14,10.066771977479993,9.591314880379345,10.542229074580641,-10.176857729283462,-10.855178059418217,-9.498537399148708,10.675823349029196,NA,NA,,
2019-07-15,10.26364465700664,9.96397265218284,10.563316661830441,-9.327257279568594,-9.75578929330929,-8.898725265827897,10.4636464411658,NA,NA,,
2019-07-16,9.978902207795217,9.260309503836535,10.6974949117539,-11.825281068234638,-12.851950213458089,-10.798611923011187,10.461313349878587,NA,NA,,
2019-07-17,11.149111249686111,10.584012040642936,11.714210458729287,-11.513124364150865,-12.320103356863447,-10.706145371438284,10.23806878966884,NA,NA,,
2019-07-18,10.85061475289277,10.38102012798526,11.320209377800282,-9.685290124300185,-10.356434184469506,-9.014146064130863,10.085172564932627,NA,NA,,
2019-07-19,10.988032202619374,10.521416227979474,11.454648177259275,-9.772133899263746,-10.437813616552164,-9.106454181975328,10.0080447341313,NA,NA,,
2019-07-20,11.100196264427623,10.644098741213245,11.556293787642002,-9.651940758320503,-10.304386999169598,-8.999494517471408,10.0080447341313,NA,NA,,
2019-07-21,11.332601933105693,10.852407462797363,11.812796403414023,-9.554542735144503,-10.242847454590432,-8.866238015698574,10.00966110599694,NA,NA,,
2019-07-22,11.473675765061728,10.964397410151989,11.982954119971467,-9.900492403555791,-10.629755332510051,-9.171229474601532,10.16241193327043,NA,NA,,
2019-07-23,11.21321478007486,10.684592605568636,11.741836954581085,-9.120208205056004,-9.873382580350361,-8.367033829761647,10.085172564932627,NA,NA,,
2019-07-24,11.559001918210923,11.080802293584622,12.037201542837224,-9.561400678575588,-10.248331251131837,-8.874470106019338,10.008856606034472,NA,NA,,
2019-07-25,12.063929156693671,11.67986641258764,12.447991900799703,-11.006747680135904,-11.557311541219287,-10.456183819052521,10.0859844368358,NA,NA,,
2019-07-26,12.902170972407262,12.37599519800483,13.428346746809694,-10.813544740005113,-11.569345369706319,-10.057744110303908,10.0964340889313,NA,NA,,
2019-07-27,14.457844038527135,13.80328192355207,15.1124061535022,-12.26580193351997,-13.209861218406923,-11.321742648633018,11.08263536512007,NA,NA,,
2019-07-28,14.971337578866818,14.442871735488911,15.499803422244725,-12.652677621770913,-13.414894329350908,-11.890460914190918,10.462100885780618,NA,NA,,
2019-07-29,15.03042827546708,14.446260185482284,15.614596365451877,-12.046023198667177,-12.884917126335075,-11.207129270999278,10.317575218937375,NA,NA,,
2019-07-30,15.956119541986608,15.332473440434047,16.57976564353917,-12.554893616142357,-13.454552896800736,-11.655234335483977,10.530771829611263,NA,NA,,
2019-07-31,16.26109399722423,15.73166647876345,16.790521515685008,-12.48819074658283,-13.249857363345534,-11.726524129820127,10.00640182434594,NA,NA,,
2019-08-01,16.698012555729328,16.103193837967744,17.29283127349091,-12.285530307427104,-13.140002130521415,-11.431058484332793,9.848651904182852,NA,NA,,
2019-08-02,17.31893565695071,16.789231555946646,17.848639757954775,-12.536600853613068,-13.299639220960668,-11.773562486265469,9.68881967449862,NA,NA,,
2019-08-03,18.168621422981342,17.675708266428412,18.661534579534273,-13.603349833878868,-14.314833461202001,-12.891866206555735,9.607150352267565,NA,NA,,
2019-08-04,18.663067216325423,18.117504888651172,19.208629543999674,-14.294579085547953,-15.08211435401795,-13.507043817077957,9.5254740868751,NA,NA,,
2019-08-05,18.845035906219852,18.286912962784108,19.403158849655597,-14.752983486579579,-15.558501586735652,-13.947465386423506,9.526333837037125,NA,NA,,
2019-08-06,18.835340526835175,18.296920151346686,19.373760902323664,-15.218039581553104,-15.996260496090924,-14.439818667015283,9.60970213490775,NA,NA,,
2019-08-07,18.489519232703174,17.92482757438047,19.05421089102588,-14.848522307541762,-15.661133825512543,-14.03591078957098,9.77533297509602,NA,NA,,
2019-08-08,17.758469341319316,17.18260769121659,18.334330991422043,-14.482150316681235,-15.314094011079582,-13.650206622282887,10.236438413981471,NA,NA,,
2019-08-09,12.864238089544665,12.41866607658079,13.309810102508541,-11.970761196807576,-12.617114349954749,-11.324408043660403,9.937989899789235,NA,NA,,
2019-08-10,12.745445226647492,12.430772458165686,13.060117995129298,-11.173103196851194,-11.629431347957691,-10.716775045744697,10.759711366052553,NA,NA,,
2019-08-11,15.368832494424712,14.834579046108564,15.90308594274086,-13.657558284267672,-14.443356040173738,-12.871760528361607,11.8997730230874,NA,NA,,
2019-08-12,14.758487075405151,14.48714016139255,15.029833989417753,-13.55166932030827,-13.948963447597073,-13.154375193019465,10.307046050883052,NA,NA,,
2019-08-13,13.906843048014887,13.636675771328044,14.17701032470173,-13.097210475936397,-13.490841220996021,-12.703579730876772,9.526333837037125,NA,NA,,
2019-08-14,13.56188755903651,13.250466648408002,13.873308469665018,-12.883802931223741,-13.337529538778925,-12.430076323668557,9.605403877012856,NA,NA,,
2019-08-15,12.828634373938243,12.46889049335537,13.188378254521115,-11.216887397049073,-11.739986976559024,-10.693787817539121,9.356925934496461,NA,NA,,
2019-08-16,12.381588301532187,12.126051634330471,12.637124968733902,-10.548517223055516,-10.919715259792186,-10.177319186318845,9.27090663793412,NA,NA,,
2019-08-17,11.875969604823153,11.680577483507605,12.0713617261387,-10.57624479610112,-10.861012391466701,-10.291477200735539,9.099075585586482,NA,NA,,
2019-08-18,11.66768722613108,11.433268564661113,11.902105887601046,-10.754026578069407,-11.095180444191785,-10.41287271194703,9.01054782556407,NA,NA,,
2019-08-19,11.308754957067924,11.101705323953396,11.515804590182452,-10.128752895125452,-10.430324654488388,-9.827181135762515,8.83496853108013,NA,NA,,
2019-08-20,10.690859363340564,10.476681658820624,10.905037067860505,-9.624878762544498,-9.93655623565901,-9.313201289429985,8.83403299586274,NA,NA,,
2019-08-21,7.788383492349407,7.537615179359134,8.03915180533968,-7.99383481263929,-8.359636512297877,-7.6280331129807015,8.74515715021082,NA,NA,,
2019-08-22,10.185721366513679,9.946570225640022,10.424872507387336,-9.229123273571158,-9.578007860898566,-8.88023868624375,8.74515715021082,NA,NA,,
2019-08-23,10.528701906600052,10.324827299219015,10.732576513981089,-9.92632730187166,-10.225236041270746,-9.627418562472576,8.747020562098433,NA,NA,,
2019-08-24,11.102178475542873,10.837197022550884,11.367159928534862,-9.918350128086637,-10.305716895466382,-9.530983360706891,8.924965017851177,NA,NA,,
2019-08-25,10.858278620159286,10.607779730139548,11.108777510179024,-9.51755420155666,-9.884520402435163,-9.150588000678157,9.011475702234293,NA,NA,,
2019-08-26,11.436582148311016,11.192955415742233,11.6802088808798,-10.01101379625851,-10.368980797536015,-9.653046794981005,8.923116814751346,NA,NA,,
2019-08-27,11.530087621780062,11.270928378294826,11.789246865265298,-10.291232643065666,-10.672885286187592,-9.90957999994374,8.83403299586274,NA,NA,,
2019-08-28,8.544217681013343,8.199731625180474,8.888703736846212,-8.14118198850313,-8.648675641364266,-7.633688335641994,8.74794088852804,NA,NA,,
2019-08-29,10.868258273077974,10.660802975896726,11.075713570259222,-8.507840265090127,-8.812264942973183,-8.203415587207072,9.0123960286639,NA,NA,,
2019-08-30,11.26603257100641,11.03852153430556,11.49354360770726,-9.109235386784809,-9.444885718560426,-8.77358505500919,9.013308445052559,NA,NA,,
2019-08-31,11.520332989142165,11.254802190831116,11.785863787453215,-9.193104327222496,-9.584708214351362,-8.80150044009363,9.110258798171605,NA,NA,,
2019-09-01,12.13170151340534,11.88233772073156,12.381065306079119,-9.548156019548596,-9.91909257683726,-9.177219462259933,10.085172564932627,NA,NA,,
2019-09-02,12.423800205176153,12.183542814195079,12.664057596157228,-9.675092072060403,-10.033212407069056,-9.31697173705175,10.00640182434594,NA,NA,,
2019-09-03,12.751507129987363,12.55622612269027,12.946788137284457,-9.596569569913271,-9.887820663153907,-9.305318476672635,9.85032539473664,NA,NA,,
2019-09-04,12.846056414444547,12.619127836246603,13.07298499264249,-10.176489959347384,-10.516305062045017,-9.83667485664975,9.853584676387642,NA,NA,,
2019-09-05,11.544739574601339,11.21800376011055,11.871475389092128,-9.435252536508287,-9.923629496711024,-8.94687557630555,10.16480035709702,NA,NA,,
2019-09-06,13.10242504229981,12.863074819888379,13.341775264711242,-10.130795282383213,-10.489757378291886,-9.77183318647454,10.31288470036181,NA,NA,,
2019-09-07,12.494903963831842,12.36471654529183,12.625091382371853,-9.105405703865033,-9.300095772395261,-8.910715635334805,10.087585324760358,NA,NA,,
2019-09-08,12.541165845077364,12.27482198866309,12.807509701491638,-9.410538982728973,-9.808772471442053,-9.012305494015893,10.242002768880612,NA,NA,,
2019-09-09,12.781120971759337,12.50748970700587,13.054752236512805,-9.259439432158494,-9.669331693959366,-8.849547170357623,10.462878829562916,NA,NA,,
2019-09-10,10.87262678760285,10.581621544202113,11.163632031003589,-8.045435528812016,-8.483365071479852,-7.607505986144179,10.387593859642482,NA,NA,,
2019-09-11,12.378148104328773,12.1868950062281,12.569401202429445,-8.755986009541122,-9.044111391455182,-8.467860627627061,10.1632164332329,NA,NA,,
2019-09-12,12.913037841537786,12.701314541249483,13.12476114182609,-9.159474707408727,-9.479258091443269,-8.839691323374185,10.159957151581898,NA,NA,,
2019-09-13,12.948722165722291,12.724475143556386,13.172969187888196,-9.451995402242366,-9.789758569801924,-9.114232234682808,9.851149800737803,NA,NA,,
2019-09-14,NA,NA,NA,NA,NA,NA,9.93190324649817,NA,NA,,NAs in DO.obs; NAs in DO.sat; NAs in temp.water
2019-09-15,NA,NA,NA,NA,NA,NA,10.167847178911023,NA,NA,,NAs in DO.obs; NAs in DO.sat; NAs in temp.water
2019-09-16,NA,NA,NA,NA,NA,NA,10.608500193039182,NA,NA,,NAs in DO.obs; NAs in DO.sat; NAs in temp.water
2019-09-17,NA,NA,NA,NA,NA,NA,10.678780523070962,NA,NA,,NAs in DO.obs; NAs in DO.sat; NAs in temp.water
2019-09-18,7.590672216266203,7.332969550637177,7.848374881895229,-6.822224722577503,-7.214945782908137,-6.429503662246869,10.748256080101406,NA,NA,,
2019-09-19,9.894838227977699,9.756771263999497,10.032905191955901,-7.239817362365546,-7.449567602851015,-7.0300671218800765,10.813822952477324,NA,NA,,
2019-09-20,9.751618680935294,9.6227795088705,9.880457853000088,-7.404051770045344,-7.600407726526425,-7.207695813564262,10.533184589438994,NA,NA,,
2019-09-21,10.169502345756646,10.009402858328878,10.329601833184414,-8.410566907755866,-8.655046871539184,-8.166086943972548,10.24045721349543,NA,NA,,
2019-09-22,8.215727966320483,7.906203483661306,8.525252448979659,-7.762622833853982,-8.235982455798911,-7.289263211909051,10.31368920032428,NA,NA,,
2019-09-23,9.455448100976085,9.306771595340035,9.604124606612135,-7.064175738210911,-7.291181533135149,-6.837169943286672,10.16241193327043,NA,NA,,
2019-09-24,10.005433795284631,9.868120360724182,10.14274722984508,-8.046174412887577,-8.256841773404393,-7.835507052370762,10.085172564932627,NA,NA,,
2019-09-25,10.032046276454547,9.862890423358639,10.201202129550456,-8.790469255622472,-9.049779133629883,-8.531159377615062,10.0080447341313,NA,NA,,
2019-09-26,9.807718866876229,9.659180179780428,9.95625755397203,-8.913852273633614,-9.14162767432019,-8.686076872947037,10.00640182434594,NA,NA,,
2019-09-27,9.456162896650547,9.30703427806978,9.605291515231313,-8.45664377897625,-8.68352324805444,-8.22976430989806,9.85032539473664,NA,NA,,
2019-09-28,6.050779497323164,5.931841290343909,6.169717704302419,-5.95212829210224,-6.1333235005968305,-5.77093308360765,9.853584676387642,NA,NA,,
2019-09-29,4.149895374779871,3.8350455392196787,4.464745210340063,-4.041116249883268,-4.52212721403893,-3.560105285727605,10.16480035709702,NA,NA,,
2019-09-30,7.067231640832423,6.937335379612097,7.197127902052749,-4.93044818583892,-5.129263849890245,-4.731632521787596,10.318319946002402,NA,NA,,
2019-10-01,7.344570675755601,7.234443837088451,7.454697514422751,-5.32205572830438,-5.491438910736969,-5.152672545871791,10.61742823924834,NA,NA,,
2019-10-02,7.818620589514655,7.703770282734726,7.933470896294584,-5.503961348241088,-5.683321818273789,-5.324600878208387,11.535764897504556,NA,NA,,
2019-10-03,7.369324995959108,7.280708976073176,7.45794101584504,-5.739847339824837,-5.8773652103331235,-5.60232946931655,11.593637996025144,NA,NA,,
2019-10-04,7.844834990847752,7.7207899887933324,7.968879992902171,-5.121380046902097,-5.314173078479698,-4.928587015324496,11.5351492262437,NA,NA,,
2019-10-05,7.547949192442573,7.442471419895035,7.653426964990111,-5.316290464901346,-5.480761940774178,-5.151818989028515,11.534519703715286,NA,NA,,
2019-10-06,7.548286225707195,7.438292457541595,7.658279993872795,-5.764876893689216,-5.936793408540926,-5.592960378837506,11.474715063516,NA,NA,,
2019-10-07,7.608508721680619,7.498649960074612,7.718367483286626,-6.164600575138244,-6.336605009784189,-5.9925961404922985,11.474072613288902,NA,NA,,
2019-10-08,7.1937266920157885,7.086912573552994,7.300540810478583,-5.860363569129646,-6.027209109196001,-5.693518029063291,11.412385387357688,NA,NA,,
2019-10-09,6.669089183612144,6.552094856754923,6.786083510469364,-4.585930068030593,-4.768131807756052,-4.403728328305134,11.350866677807913,NA,NA,,
2019-10-10,6.33560124735365,6.207345401097405,6.463857093609895,-5.018402850099523,-5.21879307942269,-4.818012620776356,11.4155283821554,NA,NA,,
2019-10-11,6.441796842402084,6.334733467903461,6.5488602169007075,-5.589589332285648,-5.757592220696053,-5.421586443875243,11.653093498095611,NA,NA,,
2019-10-12,6.5390254297473875,6.446860870380319,6.631189989114456,-5.678561835645128,-5.82373954476593,-5.533384126524327,11.763785626078072,NA,NA,,
2019-10-13,6.1419827906749065,6.02823755543607,6.255728025913743,-6.074882825396422,-6.254453529475823,-5.895312121317021,11.866194294425267,NA,NA,,
2019-10-14,6.163763579244561,6.060426936533653,6.267100221955469,-5.74913855393738,-5.912300449823203,-5.585976658051557,11.8156009623721,NA,NA,,
2019-10-15,6.427179770410607,6.351700563083463,6.5026589777377515,-5.413832944034527,-5.5331907846659,-5.294475103403155,11.819090089545849,NA,NA,,
2019-10-16,5.125172275750169,4.969439160025304,5.280905391475035,-5.7943075717745876,-6.0423161049950345,-5.546299038554141,12.151865097753962,NA,NA,,
2019-10-17,5.350623639176144,5.255508280456305,5.445738997895982,-5.388272279233526,-5.539530098720698,-5.237014459746353,12.273868798475029,NA,NA,,
2019-10-18,5.569836657046687,5.464795273008413,5.674878041084961,-5.35831718582235,-5.52532259267713,-5.19131177896757,12.064863038305718,NA,NA,,
2019-10-19,4.180621229479111,3.9642199414259274,4.397022517532294,-4.7636218587064,-5.108036927759107,-4.419206789653693,12.509287250945972,NA,NA,,
2019-10-20,3.661253681957966,3.46908522535254,3.853422138563392,-3.7930630383862725,-4.100101342909101,-3.4860247338634442,12.481163558547363,NA,NA,,
2019-10-21,4.817535370815401,4.733407629697276,4.901663111933526,-3.9978666617561296,-4.132214028086784,-3.863519295425475,12.388460940781638,NA,NA,,
2019-10-22,4.983043910709731,4.8638193656650195,5.102268455754443,-4.112408178740437,-4.303405381942154,-3.92141097553872,12.481512872935435,NA,NA,,
2019-10-23,4.7893698204174235,4.677092665247263,4.9016469755875844,-4.0687029065527645,-4.248286571312163,-3.889119241793366,12.421337975237323,NA,NA,,
2019-10-24,4.712439413296186,4.642948670476407,4.7819301561159655,-3.6944816811533574,-3.8057860582185565,-3.5831773040881583,12.452268793876877,NA,NA,,
2019-10-25,4.758481022578016,4.6592136599401,4.857748385215931,-3.815326836225092,-3.9746030986176493,-3.656050573832535,12.418642541133671,NA,NA,,
2019-10-26,4.6474672894671025,4.548214930071256,4.746719648862949,-3.8412722466287357,-3.999765044169039,-3.6827794490884322,12.19427246533063,NA,NA,,
2019-10-27,4.2261857428806335,4.137373108915886,4.314998376845381,-2.8218263015080844,-2.9633072587287494,-2.6803453442874194,12.236545587909367,NA,NA,,
2019-10-28,4.236525552723791,4.150417366346395,4.322633739101186,-2.903642159660412,-3.041259306212352,-2.766025013108472,12.3149375983498,NA,NA,,
2019-10-29,3.8984896711591457,3.7932249918103174,4.0037543505079745,-2.4833371636883177,-2.651454485081257,-2.3152198422953782,12.3149375983498,NA,NA,,
2019-10-30,3.79401514511837,3.7057030971484655,3.882327193088275,-1.5143097237851169,-1.6551851449121342,-1.3734343026580995,12.3149375983498,NA,NA,,
2019-10-31,3.8898615541848054,3.775540947821181,4.00418216054843,-1.7159160455526075,-1.8990086720007593,-1.5328234191044556,12.3149375983498,NA,NA,,
2019-11-01,3.99768870139244,3.8839346772603047,4.111442725524575,-2.0400660965557216,-2.2230013409769187,-1.8571308521345247,12.316042507991732,NA,NA,,
2019-11-02,4.0646911451147085,3.9468797286289194,4.182502561600498,-2.329986006122177,-2.5198428633434067,-2.140129148900947,12.4210089239752,NA,NA,,
2019-11-03,4.112077510187404,4.018123595216837,4.2060314251579705,-2.6032585431939834,-2.7548474029330428,-2.451669683454924,12.420290987798142,NA,NA,,
2019-11-04,4.144145042463811,4.039685800447702,4.24860428447992,-2.763410941380333,-2.9321106012784353,-2.594711281482231,12.352455672766489,NA,NA,,
2019-11-05,4.511834950930499,4.416386593580642,4.607283308280357,-2.74093080158382,-2.895653979589659,-2.5862076235779807,12.387106120931312,NA,NA,,
2019-11-06,4.265419631155338,4.175924818013236,4.354914444297441,-2.9795847304556493,-3.124190660440332,-2.834978800470967,12.3520870509775,NA,NA,,
2019-11-07,4.2873212184062535,4.21276318856007,4.361879248252437,-1.7808281411859046,-1.9014257386599442,-1.660230543711865,12.352455672766489,NA,NA,,
2019-11-08,4.097476212453675,3.9913159177499873,4.203636507157364,-1.597144269212638,-1.769074076665578,-1.4252144617596982,12.387106120931312,NA,NA,,
2019-11-09,4.495800015486724,4.395172136371398,4.59642789460205,-1.711848072059455,-1.8754603220202375,-1.5482358220986727,12.3520870509775,NA,NA,,
2019-11-10,4.200469869176401,4.113443556843858,4.287496181508944,-2.1631233416941185,-2.3047200214895485,-2.0215266618986885,12.3520870509775,NA,NA,,
2019-11-11,4.806456400062225,4.733011106901969,4.879901693222481,-2.337910235362326,-2.4575932117762287,-2.2182272589484233,12.3520870509775,NA,NA,,
2019-11-12,4.428297601506968,4.354475697602495,4.502119505411442,-2.4082960314184865,-2.5285231455763553,-2.2880689172606177,12.3520870509775,NA,NA,,
2019-11-13,4.296657521815504,4.223886524184819,4.369428519446189,-2.3897350509166904,-2.5082409045381873,-2.2712291972951935,12.352455672766489,NA,NA,,
2019-11-14,4.378073978164503,4.30056397426056,4.455583982068446,-2.3417087543734216,-2.468395234467335,-2.2150222742795083,12.387824057108372,NA,NA,,
2019-11-15,4.4723642458143065,4.359138552260228,4.5855899393683845,-2.1203335126031706,-2.305681456567988,-1.9349855686383532,12.42065960958713,NA,NA,,
2019-11-16,4.150607767481954,4.049407870443819,4.25180766452009,-1.7772737113876282,-1.9425375289804436,-1.6120098937948129,12.38357676719029,NA,NA,,
2019-11-17,4.3246653443350604,4.248329184621909,4.401001504048212,-2.045560248278684,-2.169938854257217,-1.9211816423001506,12.008904347833438,NA,NA,,
2019-11-18,5.04509537189184,4.9329124131250195,5.15727833065866,-3.3681448669118197,-3.5511253778036713,-3.185164356019968,11.588992181564311,NA,NA,,
2019-11-19,4.347017570047397,4.191623977065373,4.502411163029421,-3.6495189201479636,-3.9008131166050113,-3.398224723690916,11.090529198524417,NA,NA,,
2019-11-20,3.9551956696920056,3.852905173121819,4.057486166262192,-3.157781351796248,-3.3227583072752624,-2.9928043963172337,11.22076952264976,NA,NA,,
2019-11-21,3.5068535615694953,3.3498189945380417,3.663888128600949,-3.14368487643034,-3.396513579839862,-2.8908561730208175,11.1557016160015,NA,NA,,
2019-11-22,3.6314690445042026,3.5272529183660604,3.735685170642345,-2.458856033913713,-2.6266406731529144,-2.291071394674512,11.1557016160015,NA,NA,,
2019-11-23,3.580884444298031,3.451624709654806,3.710144178941256,-2.1967064268944734,-2.404899144844708,-1.9885137089442386,11.155008380814023,NA,NA,,
2019-11-24,3.9135389068660142,3.7960087200360784,4.03106909369595,-2.3638891156059954,-2.5534562239759095,-2.174322007236081,11.0891510380038,NA,NA,,
2019-11-25,3.571904626699879,3.468095603205649,3.6757136501941092,-2.2582224511868887,-2.4256230450549423,-2.090821857318835,11.091870425352209,NA,NA,,
2019-11-26,1.4106914614188155,1.2388714473900766,1.5825114754475544,-4.9471394967837226,-5.224044649366918,-4.670234344200527,11.351509128035012,NA,NA,,
2019-11-27,3.2653097612970847,3.1783895513681064,3.352229971226063,-4.116607199197085,-4.256731609289522,-3.9764827891046477,11.472752624014129,NA,NA,,
2019-11-28,3.025256815024599,2.9363030992911816,3.1142105307580166,-3.711952866026166,-3.8553413971709505,-3.5685643348813816,11.2863208713365,NA,NA,,
2019-11-29,2.832103841149206,2.7498339519570547,2.914373730341357,-2.5423924601056687,-2.6744666045194783,-2.410318315691859,11.285645179426567,NA,NA,,
2019-11-30,3.094270842466913,2.9675792899461317,3.220962394987694,-2.9734683401927713,-3.1783188077583735,-2.768617872627169,11.224092579394704,NA,NA,,
2019-12-01,3.2226461971695803,3.0933655140173584,3.3519268803218023,-3.0767818265659703,-3.2865723376487157,-2.866991315483225,11.46999815011064,NA,NA,,
2019-12-02,3.184832532603678,3.1019371907736164,3.26772787443374,-2.455387169317907,-2.589449021611851,-2.3213253170239625,11.0218913766015,NA,NA,,
2019-12-03,3.4486539945021177,3.2930529949092047,3.604254994095031,-2.8130461020437494,-3.064833703796904,-2.5612585002905948,11.022591998074441,NA,NA,,
2019-12-04,3.65256204904476,3.5497102450373204,3.7554138530521994,-3.09053126348449,-3.257739431828571,-2.9233230951404092,11.08845041653086,NA,NA,,
2019-12-05,3.0227227423238716,2.947622784532037,3.097822700115706,-2.4534533955635194,-2.5753887239478472,-2.3315180671791915,11.023285233261918,NA,NA,,
2019-12-06,2.0318618158880204,1.9596820281700134,2.1040416036060274,-3.1774763719626615,-3.295436294126329,-3.059516449798994,11.162575567526194,NA,NA,,
2019-12-07,2.0280713951011466,1.9653061563455119,2.0908366338567816,-3.0215292296862337,-3.1248502218421375,-2.91820823753033,11.821907295305465,NA,NA,,
2019-12-08,2.9289641239166038,2.8560418226990056,3.001886425134202,-2.0161231532409856,-2.1364705239497157,-1.8957757825322554,12.4210089239752,NA,NA,,
2019-12-09,2.0030445967656347,1.9570427751314938,2.0490464183997754,-1.2790399751043056,-1.355072736454414,-1.2030072137541972,12.417727322246774,NA,NA,,
2019-12-10,2.0874070156217517,2.037413115770146,2.1374009154733575,-1.3848046284846094,-1.4672185185083988,-1.30239073846082,12.10295042684136,NA,NA,,
2019-12-11,1.7978113661499662,1.7679969746709987,1.8276257576289336,-1.5062866636837724,-1.5552813139750152,-1.4572920133925296,11.823092364347945,NA,NA,,
2019-12-12,1.3349626597718158,1.2776544459276855,1.3922708736159461,-0.9446701678241226,-1.0398506930613123,-0.8494896425869329,12.534045604037344,NA,NA,,
2019-12-13,0.49970342076407115,0.4667248942509291,0.5326819472772132,-1.2339924913426588,-1.2886096548209942,-1.1793753278643233,12.464365947257477,NA,NA,,
2019-12-14,1.597829873027715,1.5482732781963582,1.6473864678590717,-1.3376170740330935,-1.419427750051573,-1.255806398014614,12.435071566443904,NA,NA,,
2019-12-15,2.1715394802422097,2.109020340400216,2.234058620084203,-0.530749605404878,-0.6341433302036337,-0.42735588060612234,12.671041492955904,NA,NA,,
2019-12-16,2.322611983818585,2.265868300964545,2.379355666672625,-0.17544517682939834,-0.2689048021375171,-0.08198555152127954,12.593796264804334,NA,NA,,
2019-12-17,2.3105589867177083,2.2296955187296557,2.391422454705761,-0.8545486098142367,-0.9876924861078527,-0.7214047335206208,12.349987781394944,NA,NA,,
2019-12-18,2.2925768313952615,2.2534131959677253,2.3317404668227977,-1.356404907114061,-1.42092411222264,-1.291885702005482,12.151444288112417,NA,NA,,
2019-12-19,1.907273760572182,1.851391674633275,1.9631558465110888,-1.5397127414718197,-1.6322178681641535,-1.447207614779486,12.23928740785868,NA,NA,,
2019-12-20,2.7290422979340443,2.6810229470188625,2.777061648849226,-1.6216027914880318,-1.7012846273776874,-1.5419209555983762,12.5777004722188,NA,NA,,
2019-12-21,1.8899928959596493,1.8454242126475453,1.9345615792717532,-2.492486719458781,-2.5665039278621142,-2.4184695110554477,12.533590483010622,NA,NA,,
2019-12-22,1.231368955699193,1.1164410904215565,1.3462968209768293,-1.751952704290676,-1.9417920396319204,-1.5621133689494315,12.419078835276002,NA,NA,,
2019-12-23,2.3313403993089987,2.2510210067738927,2.4116597918441047,-1.2590628098517243,-1.3907265477817972,-1.1273990719216513,12.233891882528374,NA,NA,,
2019-12-24,2.7150237172329263,2.6308079182872266,2.799239516178626,-1.2735628390935287,-1.4116565483526047,-1.1354691298344528,12.059193826108457,NA,NA,,
2019-12-25,2.292538437518404,2.2538458040665392,2.331231070970269,-1.2811061085571287,-1.344290311006094,-1.2179219061081634,11.963768875599403,NA,NA,,
2019-12-26,1.9944679043554294,1.9469506829124223,2.0419851257984365,-0.29733192346054305,-0.37462454950384905,-0.22003929741723705,11.81448135582519,NA,NA,,
2019-12-27,2.376817600650066,2.2962670912098,2.457368110090332,0.060476211282878646,-0.07070910127169258,0.19166152383744986,11.707533535849562,NA,NA,,
2019-12-28,2.4415836784959097,2.3566099096637756,2.526557447328044,-0.29609558869081715,-0.43468598026599536,-0.15750519711563893,11.6519397240315,NA,NA,,
2019-12-29,1.5507821664977377,1.4590183106811299,1.6425460223143455,-0.7002214612342118,-0.8503895843246104,-0.5500533381438132,11.651338827607068,NA,NA,,
2019-12-30,2.299532100945089,2.248126293192078,2.3509379086981,-0.11631128779900055,-0.1999670897324669,-0.032655485865534184,11.593637996025144,NA,NA,,
2019-12-31,2.412014587138651,2.356324958571547,2.4677042157057554,-0.32871452470010276,-0.41967464979636815,-0.23775439960383737,11.538070598495038,NA,NA,,
2020-01-01,2.4769614301610168,2.43288657420622,2.5210362861158138,-0.6955915064564056,-0.7678509161985797,-0.6233320967142314,11.81665149369522,NA,NA,,
2020-01-02,NA,NA,NA,NA,NA,NA,11.914850407566544,NA,NA,,NAs in DO.obs; NAs in DO.sat; NAs in temp.water
2020-01-03,NA,NA,NA,NA,NA,NA,11.764812726932536,NA,NA,,NAs in DO.obs; NAs in DO.sat; NAs in temp.water
2020-01-04,NA,NA,NA,NA,NA,NA,11.963217845097464,NA,NA,,NAs in DO.obs; NAs in DO.sat; NAs in temp.water
2020-01-05,NA,NA,NA,NA,NA,NA,11.762133458141127,NA,NA,,NAs in DO.obs; NAs in DO.sat; NAs in temp.water
2020-01-06,NA,NA,NA,NA,NA,NA,11.7081187338687,NA,NA,,NAs in DO.obs; NAs in DO.sat; NAs in temp.water
2020-01-07,NA,NA,NA,NA,NA,NA,11.70923834041561,NA,NA,,NAs in DO.obs; NAs in DO.sat; NAs in temp.water
2020-01-08,NA,NA,NA,NA,NA,NA,11.815049931870163,NA,NA,,NAs in DO.obs; NAs in DO.sat; NAs in temp.water
2020-01-09,NA,NA,NA,NA,NA,NA,11.76154826012199,NA,NA,,NAs in DO.obs; NAs in DO.sat; NAs in temp.water
2020-01-10,2.6397740171844,2.5710194479468216,2.708528586421979,-0.6946693688079323,-0.8065765454750459,-0.5827621921408187,11.65417708998758,NA,NA,,
2020-01-11,2.599346186335581,2.514192748475232,2.68449962419593,-0.5936187695776686,-0.7322157873836497,-0.45502175177168747,11.866194294425267,NA,NA,,
2020-01-12,2.3381536564662384,2.28488504849192,2.391422264440557,-0.9780076626013052,-1.0647859158114112,-0.8912294093911991,11.816133523762133,NA,NA,,
2020-01-13,1.5639253490280705,1.453343771581778,1.6745069264743628,-1.1201976317024662,-1.3000136328953997,-0.9403816305095327,11.870134244517102,NA,NA,,
2020-01-14,2.057748052154235,1.9790386164922644,2.1364574878162053,-0.5606484276928473,-0.6886673336644593,-0.4326295217212353,12.192443939006905,NA,NA,,
2020-01-15,2.099566054077235,1.9646987825546054,2.2344333255998645,-1.76272359197949,-1.9808968558678615,-1.5445503280911184,12.06243121773967,NA,NA,,
2020-01-16,1.7072977188059582,1.6023023012108701,1.8122931364010462,-1.6873569487008198,-1.8581986134857325,-1.516515283915907,12.274810207738337,NA,NA,,
2020-01-17,2.3530400260645115,2.3008481298779184,2.4052319222511045,0.03510165146857997,-0.04956173262733605,0.119765035564496,12.149615761788692,NA,NA,,
2020-01-18,2.562081731492204,2.4785587384338634,2.645604724550545,0.32487275622238654,0.18923986389961556,0.4605056485451575,12.05969320687924,NA,NA,,
2020-01-19,2.736923283866024,2.6511862244521787,2.8226603432798694,-0.18409355343312025,-0.32288080266234903,-0.04530630420389148,12.0132690918392,NA,NA,,
2020-01-20,2.8263971877534972,2.7543913732417167,2.898403002265278,-1.3582576467751561,-1.4748492533928828,-1.2416660401574295,12.016007102699628,NA,NA,,
2020-01-21,2.2171343994374726,2.119148883692653,2.3151199151822923,-1.0154824753085605,-1.1745763542577585,-0.8563885963593625,12.276909477320896,NA,NA,,
2020-01-22,2.3542958969121885,2.296410564185093,2.412181229639284,-0.31510701995370394,-0.4093490139891421,-0.2208650259182658,12.353134038416682,NA,NA,,
2020-01-23,1.9947887651570915,1.9448308916728567,2.044746638641326,-0.9149524034129651,-0.9963708187219619,-0.8335339881039684,12.451331996004493,NA,NA,,
2020-01-24,1.6696654036105594,1.6211009113041341,1.7182298959169846,-0.5809768924736627,-0.6599575543274903,-0.5019962306198351,12.328174646702022,NA,NA,,
2020-01-25,1.0821850841655083,1.033506481121306,1.1308636872097106,-1.1569152369498747,-1.2358976810913291,-1.0779327928084204,12.05252700862373,NA,NA,,
2020-01-26,0.06653190533246282,0.017589826789759677,0.11547398387516597,-0.0417868392598452,-0.12087061790919748,0.03729693938950709,12.053312625772172,NA,NA,,
2020-01-27,0.37891110118780436,0.34800500508736093,0.4098171972882478,-0.11729755992566061,-0.1672790506748269,-0.06731606917649433,12.0186829477614,NA,NA,,
2020-01-28,0.41355390110715917,0.350614624814628,0.4764931773996903,0.06637151485053869,-0.0350555742647866,0.167798603965864,12.018374697582388,NA,NA,,
2020-01-29,0.7767413442167398,0.7402842767662263,0.8131984116672533,0.6788908041429443,0.6202248447062686,0.7375567635796201,11.9888783879751,NA,NA,,
2020-01-30,1.080898864772163,1.0246835122180693,1.1371142173262565,0.6767612914845668,0.5862912888620323,0.7672312941071012,11.968599803909095,NA,NA,,
2020-01-31,1.1000578874037323,1.0727840961011812,1.1273316787062835,1.1478542448582494,1.1040807297923623,1.1916277599241365,11.960433950075506,NA,NA,,
2020-02-01,1.2875400579930922,1.241810415415829,1.3332697005703555,0.4319219941716269,0.3583999505488571,0.5054440377943967,11.97013312542052,NA,NA,,
2020-02-02,1.2383403350519873,1.2066028328833847,1.2700778372205899,0.5969146521955879,0.546310361672849,0.6475189427183269,11.964988568985518,NA,NA,,
2020-02-03,1.0891033111267685,1.0286076921690108,1.1495989300845262,1.3642083933268871,1.2680363742089846,1.4603804124447897,11.957390264293357,NA,NA,,
2020-02-04,1.3365785832432042,1.2945807187870488,1.3785764476993596,1.3813936683278008,1.3145638283404784,1.4482235083151231,11.978265645855904,NA,NA,,
2020-02-05,1.5050412924170136,1.4577567310122947,1.5523258538217324,0.6566666100782793,0.5809785391262641,0.7323546810302946,12.06798964839066,NA,NA,,
2020-02-06,1.711925577701755,1.661154966106359,1.762696189297151,0.12540259849652882,0.04433242103809949,0.20647277595495817,12.17058656357891,NA,NA,,
2020-02-07,1.8693982380888559,1.7923374827834118,1.9464589933943,0.09199887125966626,-0.031061521484761295,0.2150592640040938,12.295077783158602,NA,NA,,
2020-02-08,1.9826942464054966,1.9153853913397134,2.0500031014712796,0.22472801262295453,0.11707013444352639,0.3323858908023827,12.434031568725018,NA,NA,,
2020-02-09,2.1882759819054907,2.1011226969342762,2.275429266876705,0.38601129606353896,0.24704476642019257,0.5249778257068853,12.57245557222851,NA,NA,,
2020-02-10,2.3012739664248185,2.190724368500702,2.411823564348935,0.1480397451212323,-0.028351359830609463,0.32443085007307404,12.617045861237226,NA,NA,,
2020-02-11,2.564193066197758,2.459751016042821,2.6686351163526947,-0.13856917592776172,-0.30540508004209127,0.028266728186567835,12.63401967955745,NA,NA,,
2020-02-12,2.7996623079864054,2.7025047573934584,2.8968198585793523,-0.7821979011435125,-0.9370894286155792,-0.6273063736714458,12.671897501783599,NA,NA,,
2020-02-13,2.8082652530009127,2.6931848985688855,2.92334560743294,-1.2775945415473962,-1.461487023577379,-1.0937020595174134,12.678545037519138,NA,NA,,
2020-02-14,3.0997186511184323,3.009010076171503,3.1904272260653617,-1.1678372970474848,-1.3125067729185316,-1.0231678211764381,12.681147928832813,NA,NA,,
2020-02-15,2.9927204571060884,2.910198784492138,3.0752421297200385,-1.204333270440869,-1.336252232219076,-1.0724143086626619,12.679141946045096,NA,NA,,
2020-02-16,3.1293171562822772,3.053193797601463,3.2054405149630916,-1.741342804702102,-1.8627493230102967,-1.6199362863939073,12.676135828976197,NA,NA,,
2020-02-17,3.3406513652542373,3.2557977012633366,3.425505029245138,-1.3868059903142103,-1.520986820427118,-1.2526251602013025,12.665961652162865,NA,NA,,
2020-02-18,3.303918978031536,3.20182691461076,3.406011041452312,-1.9261552204661214,-2.087380450947827,-1.7649299899844155,12.649610465269873,NA,NA,,
2020-02-19,3.412457356273012,3.2861475456780957,3.538767166867928,-1.9876608028625038,-2.1871779179994375,-1.78814368772557,12.62647302096642,NA,NA,,
2020-02-20,3.7168867269629557,3.5902835163969438,3.8434899375289677,-2.029403305713197,-2.229861822836404,-1.8289447885899897,12.595937711531878,NA,NA,,
2020-02-21,3.7206597083811137,3.5955277081981087,3.8457917085641187,-2.3556438652861713,-2.5530318179114087,-2.158255912660934,12.557427495313693,NA,NA,,
2020-02-22,3.9377714755136535,3.8185510999019296,4.056991851125377,-2.6922868770307953,-2.8803094500327324,-2.504264304028858,12.534513024519017,NA,NA,,
2020-02-23,3.8583335059004655,3.7916734011510766,3.9249936106498544,-1.8441571275174289,-1.9493657956765573,-1.7389484593583004,12.5095729087811,NA,NA,,
2020-02-24,4.267494225977371,4.164680832148117,4.370307619806625,-1.3420083648289998,-1.5035923881829594,-1.1804243414750402,12.509287250945972,NA,NA,,
2020-02-25,4.5451112515056,4.418992455425625,4.671230047585575,-1.4360907700173438,-1.6343743546211034,-1.2378071854135841,12.48243541444383,NA,NA,,
2020-02-26,4.564335588988755,4.4947553045049276,4.633915873472583,-0.8829286012691795,-0.9922470114056324,-0.7736101911327266,12.509287250945972,NA,NA,,
2020-02-27,4.861570998905538,4.719792303188069,5.003349694623007,-1.2743606718021385,-1.4969319021738066,-1.0517894414304705,12.4821497566087,NA,NA,,
2020-02-28,5.04198121240662,4.912535447519503,5.171426977293737,-1.7636764569950707,-1.9671339144476523,-1.560218999542489,12.48243541444383,NA,NA,,
2020-02-29,4.852579501595681,4.741906463151467,4.963252540039895,-1.499373398223663,-1.672511035644557,-1.326235760802769,12.509835436315184,NA,NA,,
2020-03-01,4.69522665044153,4.631161420014555,4.7592918808685045,-0.9164171082833628,-1.0161582960379312,-0.8166759205287945,12.535585464127937,NA,NA,,
2020-03-02,5.110502101783445,5.013552470460536,5.207451733106354,-1.3779932859999033,-1.5293295814242507,-1.226656990575556,12.611955640670569,NA,NA,,
2020-03-03,5.287716904576718,5.172730096079087,5.402703713074349,-2.0584038953209753,-2.238250906275619,-1.8785568843663318,12.557427495313693,NA,NA,,
2020-03-04,5.556764021877671,5.43139229620048,5.682135747554861,-2.3775166353050103,-2.5731866874275053,-2.1818465831825153,12.5347755520531,NA,NA,,
2020-03-05,5.745475697416535,5.623691684087912,5.8672597107451585,-2.7491107376352373,-2.939352018635361,-2.5588694566351133,12.5347755520531,NA,NA,,
2020-03-06,5.9348560370012,5.792120493308786,6.077591580693614,-3.331052223886114,-3.553779570804507,-3.1083248769677216,12.535227393318001,NA,NA,,
2020-03-07,5.13476877592358,5.043126715867142,5.226410835980018,-3.0033671267288273,-3.145304610173294,-2.8614296432843607,12.577938913726804,NA,NA,,
2020-03-08,5.123180703407469,5.034333964483145,5.2120274423317925,-2.5650716800164015,-2.7032472552540003,-2.4268961047788027,12.5576659368217,NA,NA,,
2020-03-09,5.3929648281256295,5.331144978086055,5.454784678165204,-2.2471622916955756,-2.3429166358610676,-2.1514079475300836,12.557427495313693,NA,NA,,
2020-03-10,5.733392453460568,5.64234681254939,5.824438094371746,-2.8331025591143493,-2.974169721309662,-2.6920353969190365,12.534513024519017,NA,NA,,
2020-03-11,6.108953856396325,6.0108521582739565,6.207055554518694,-3.3110608376145767,-3.463419670710234,-3.1587020045189194,12.509287250945972,NA,NA,,
2020-03-12,6.312291956657922,6.177875656811235,6.446708256504609,-4.125555213943711,-4.333662021251011,-3.917448406636411,12.481841924197559,NA,NA,,
2020-03-13,5.99635243089852,5.8559277513260986,6.136777110470942,-5.344121070447753,-5.5606628181342135,-5.127579322761292,12.453191335385272,NA,NA,,
2020-03-14,5.043721201314978,4.934128338143264,5.1533140644866915,-4.179051030020491,-4.347993606117977,-4.010108453923006,12.5095729087811,NA,NA,,
2020-03-15,3.4733920138470897,3.293606113257269,3.6531779144369105,-2.636519760149854,-2.9124309736463014,-2.3606085466534066,12.5095729087811,NA,NA,,
2020-03-16,4.915157170381676,4.809548731791672,5.020765608971679,-2.6967165191802827,-2.8588306025444408,-2.5346024358161245,12.5095729087811,NA,NA,,
2020-03-17,3.185907974189301,3.070321596468616,3.301494351909986,-3.0337124896915175,-3.2110649830901106,-2.8563599962929245,12.509287250945972,NA,NA,,
2020-03-18,4.942206584371668,4.846862516997149,5.037550651746187,-2.7293802285554687,-2.8750838745467098,-2.5836765825642276,12.481512872935435,NA,NA,,
2020-03-19,5.281700990080935,5.209149781625801,5.35425219853607,-2.9317076942687748,-3.042721549492353,-2.8206938390451963,12.420290987798142,NA,NA,,
2020-03-20,5.746141535376217,5.6365218190193644,5.855761251733069,-2.9913222874957297,-3.159382010830947,-2.8232625641605122,12.3520870509775,NA,NA,,
2020-03-21,5.80347070364182,5.680117515054929,5.926823892228712,-3.393759949889113,-3.5824551557864033,-3.2050647439918225,12.351700077512628,NA,NA,,
2020-03-22,6.434560093997452,6.301325351930085,6.567794836064818,-4.250330885714812,-4.45397703841279,-4.046684733016833,12.3149375983498,NA,NA,,
2020-03-23,5.92552564874993,5.822477006002596,6.0285742914972635,-3.8663335078104506,-4.023577893901178,-3.7090891217197233,12.312760906263305,NA,NA,,
2020-03-24,5.070092285428388,4.997445768778436,5.14273880207834,-3.1390860246867938,-3.2494151056650944,-3.028756943708493,12.1054981447518,NA,NA,,
2020-03-25,5.094462774266266,4.936059714316488,5.252865834216045,-2.706652822312988,-2.946247937534239,-2.4670577070917368,12.05969320687924,NA,NA,,
2020-03-26,5.405394240162616,5.087569331240379,5.723219149084853,-2.251004438821702,-2.733454215212715,-1.7685546624306894,12.0132690918392,NA,NA,,
2020-03-27,4.862258146719971,4.653422749948119,5.071093543491823,-3.074467931537724,-3.392318416748285,-2.756617446327163,12.01375776673436,NA,NA,,
2020-03-28,5.167538960264987,5.060069626838169,5.275008293691805,-3.2452892990636135,-3.408807253859645,-3.0817713442675823,12.060658895068899,NA,NA,,
2020-03-29,5.473025400342096,5.372293996762534,5.5737568039216585,-3.5927849934443756,-3.7460186243231313,-3.43955136256562,12.106890376933196,NA,NA,,
2020-03-30,4.265634935300284,4.170213522182236,4.361056348418332,-2.7423936218256513,-2.886880392187566,-2.5979068514637365,12.19738762307231,NA,NA,,
2020-03-31,4.917578929648298,4.833880209177341,5.001277650119254,-2.236976470966814,-2.3635302965797043,-2.1104226453539234,12.534513024519017,NA,NA,,
2020-04-01,4.938568342069379,4.8166925542953924,5.060444129843366,-1.9707944700279094,-2.1555585228173295,-1.7860304172384893,12.511022885885371,NA,NA,,
2020-04-02,4.729318200858444,4.626704087828325,4.831932313888562,-1.7973627609295886,-1.9529488597824598,-1.6417766620767174,12.649010888995736,NA,NA,,
2020-04-03,5.185325779160767,5.099558211975607,5.271093346345927,-2.7026495719728194,-2.8325844685608894,-2.5727146753847494,12.671779185387702,NA,NA,,
2020-04-04,3.058816584215815,2.8679663637718145,3.2496668046598156,-3.7256814387658377,-4.014715816871829,-3.4366470606598467,12.667038163377786,NA,NA,,
2020-04-05,3.499997052919156,3.3514564519897823,3.64853765384853,-3.8391513800413453,-4.063095346068884,-3.6152074140138066,12.655554336032,NA,NA,,
2020-04-06,4.55773351147537,4.470729341160484,4.644737681790256,-2.5369222091063413,-2.6680181848354936,-2.405826233377189,12.655618448847612,NA,NA,,
2020-04-07,5.618869716189594,5.514995960177456,5.722743472201732,-3.390451577492269,-3.5480576093983602,-3.232845545586178,12.6618145689568,NA,NA,,
2020-04-08,6.221650568576783,6.118557511742873,6.324743625410694,-4.223202115727699,-4.379692275261659,-4.066711956193739,12.6718278184363,NA,NA,,
2020-04-09,6.647478405729089,6.480750625294616,6.814206186163562,-4.282222557364722,-4.535158512323794,-4.029286602405651,12.671722415810201,NA,NA,,
2020-04-10,7.040823834557551,6.894718998258877,7.186928670856225,-4.350175063480945,-4.571683754318102,-4.128666372643788,12.661150592905656,NA,NA,,
2020-04-11,6.693416619226789,6.537676416042268,6.84915682241131,-4.003745368674378,-4.2385180070612005,-3.7689727302875546,12.607804010061624,NA,NA,,
2020-04-12,6.66736086371483,6.491140163332722,6.8435815640969375,-3.4512023509708865,-3.7166119381464315,-3.1857927637953414,12.580909886704935,NA,NA,,
2020-04-13,6.3977175151116485,6.242233736296161,6.5532012939271365,-2.605470518582644,-2.839785226923148,-2.37115581024214,12.5719880374232,NA,NA,,
2020-04-14,6.756691830544156,6.635521918142689,6.8778617429456235,-2.8792035454165057,-3.061909700928657,-2.6964973899043545,12.5719880374232,NA,NA,,
2020-04-15,6.495040227411232,6.4049696552194835,6.585110799602981,-2.884809930975917,-3.0203273433363087,-2.7492925186155253,12.571717765741317,NA,NA,,
2020-04-16,6.997573639675096,6.888479070279959,7.106668209070233,-4.081258397188704,-4.245113636441599,-3.9174031579358095,12.5460419559624,NA,NA,,
2020-04-17,7.324053344192085,7.202027059070793,7.446079629313377,-4.775454247506875,-4.959103532880131,-4.59180496213362,12.545956764233004,NA,NA,,
2020-04-18,7.083643063591112,6.935099678076491,7.2321864491057335,-3.830616173151078,-4.05295547136156,-3.6082768749405956,12.537778446689783,NA,NA,,
2020-04-19,7.324642202616438,7.188133101982476,7.4611513032504,-4.256025751803547,-4.46096961774994,-4.051081885857154,12.529778741131818,NA,NA,,
2020-04-20,6.574332336678785,6.402559231504566,6.746105441853005,-3.0519116495934724,-3.3069061997381017,-2.796917099448843,12.5378635499404,NA,NA,,
2020-04-21,7.696798114260547,7.522034822795249,7.871561405725845,-3.526078849849748,-3.788075962014072,-3.264081737685424,12.537523641227017,NA,NA,,
2020-04-22,6.191297151174445,5.891022805608857,6.491571496740033,-3.0399374680102085,-3.4889028833325884,-2.5909720526878286,12.501224942009774,NA,NA,,
2020-04-23,NA,NA,NA,NA,NA,NA,12.120907054843299,NA,NA,,NAs in DO.obs; NAs in DO.sat; NAs in temp.water
2020-04-24,1.3506958380230023,1.2547896967443593,1.4466019793016454,-2.410739580063994,-2.5529111653425005,-2.2685679947854878,12.156733556411478,NA,NA,,
2020-04-25,1.6114014057747792,1.479266833465744,1.7435359780838144,-2.9198841614660322,-3.115469179879987,-2.7242991430520775,12.108728412435237,NA,NA,,
2020-04-26,2.3034107871751033,2.2179493672358417,2.388872207114365,-3.4826360463470656,-3.609307982454336,-3.3559641102397952,12.073788649595791,NA,NA,,
2020-04-27,2.3249174948976146,2.1983515426591844,2.4514834471360447,-2.9217769224774988,-3.109175275548212,-2.7343785694067857,12.013940697558223,NA,NA,,
2020-04-28,3.8507178066096373,3.763170946206313,3.9382646670129615,-4.128367217772105,-4.258100810635441,-3.9986336249087686,11.982724762808882,NA,NA,,
2020-04-29,3.6265481665219848,3.424605480973764,3.8284908520702055,-3.990393808366364,-4.287183557938793,-3.6936040587939356,11.974079200175517,NA,NA,,
2020-04-30,3.905998171820389,3.718463516971001,4.093532826669777,-3.868461869579632,-4.143900344915575,-3.593023394243689,11.97510476623527,NA,NA,,
2020-05-01,4.3639043701159546,4.2444974382381115,4.483311301993798,-4.223219048056155,-4.398689643250221,-4.047748452862089,11.95977921851409,NA,NA,,
2020-05-02,1.5617244115143536,1.4007285975200587,1.7227202255086485,-2.085128965398487,-2.318916181422562,-1.8513417493744122,11.969060211581883,NA,NA,,
2020-05-03,4.301509842908501,4.185662753510698,4.417356932306303,-2.41554873075807,-2.5845878705745284,-2.2465095909416113,12.004694351989748,NA,NA,,
2020-05-04,4.418217258797695,4.274990369787153,4.561444147808237,-3.1326367352039646,-3.3433125327621815,-2.9219609376457476,12.098891445992738,NA,NA,,
2020-05-05,4.987943891016327,4.833425372835008,5.142462409197646,-3.555022923629176,-3.7818014574686103,-3.3282443897897416,12.16956210841084,NA,NA,,
2020-05-06,5.570384202448759,5.391349351382291,5.7494190535152265,-2.9962785827493503,-3.2579919001030397,-2.734565265395661,12.195635741952387,NA,NA,,
2020-05-07,6.389836065265014,6.246250359150699,6.533421771379328,-4.554375409604477,-4.765268536668262,-4.343482282540692,12.229542313752471,NA,NA,,
2020-05-08,6.848257282881927,6.4659571672839435,7.2305573984799105,-5.427817943919836,-5.991507564719518,-4.864128323120154,12.264628589783623,NA,NA,,
2020-05-09,6.851919364285452,6.690723190001901,7.013115538569004,-5.248978805042498,-5.485740515887871,-5.0122170941971245,12.278297179352537,NA,NA,,
2020-05-10,6.250882539518443,6.0123549008277966,6.48941017820909,-4.998598591582547,-5.346767252708698,-4.650429930456395,12.215160965257445,NA,NA,,
2020-05-11,3.3377818634414282,3.053370725144953,3.6221930017379034,-3.6758928597609373,-4.089663794701321,-3.262121924820554,12.189402403206438,NA,NA,,
2020-05-12,4.490634047338258,4.194782188594681,4.786485906081834,-2.919075975006913,-3.347801222588512,-2.4903507274253136,12.258080160150687,NA,NA,,
2020-05-13,3.962465151883935,3.75391109006937,4.1710192136985,-3.42220063426721,-3.7248271630920597,-3.1195741054423602,12.331802785442525,NA,NA,,
2020-05-14,4.365431211946179,4.0532429193058555,4.677619504586502,-3.3017214906911625,-3.7570441845795033,-2.8463987968028217,12.401565815508434,NA,NA,,
2020-05-15,7.25577760246179,7.063562081572349,7.447993123351231,-4.990880758251306,-5.272816873618518,-4.708944642884094,12.472693163400047,NA,NA,,
2020-05-16,3.603262979323689,3.220752523730555,3.9857734349168235,-4.854926873666439,-5.409921192625402,-4.299932554707476,12.459934970863463,NA,NA,,
2020-05-17,5.657459361168778,5.399968973664132,5.914949748673424,-5.440251223943025,-5.812097079254087,-5.068405368631963,12.007491331931437,NA,NA,,
2020-05-18,4.7311447434159675,4.548917505433444,4.913371981398491,-3.8691821799436483,-4.132333679745229,-3.6060306801420676,12.036234784778669,NA,NA,,
2020-05-19,4.898571968599885,4.670833998294996,5.126309938904774,-3.9672838407653606,-4.298773821055397,-3.635793860475325,12.18962789339712,NA,NA,,
2020-05-20,6.139103941405918,5.97452725912438,6.303680623687456,-4.833236759514018,-5.0729384483166715,-4.593535070711365,12.28022818548143,NA,NA,,
2020-05-21,7.797036537506185,7.496878922488908,8.097194152523462,-6.136533721593486,-6.569197904846925,-5.703869538340047,12.401565815508434,NA,NA,,
2020-05-22,8.035546237024212,7.6862199698548315,8.384872504193591,-6.1870187441070685,-6.691507843535697,-5.68252964467844,12.473285146842292,NA,NA,,
2020-05-23,9.06324925328663,8.791708631523605,9.334789875049655,-7.067514542462752,-7.460192397492098,-6.674836687433406,12.522150461828415,NA,NA,,
2020-05-24,10.375824282827152,10.135510118515517,10.616138447138786,-8.034299612827775,-8.383673316385606,-7.6849259092699445,12.581285908372676,NA,NA,,
2020-05-25,11.526219378698045,11.14513396539365,11.907304792002439,-10.240103939513714,-10.79506620579249,-9.685141673234938,12.608266560308197,NA,NA,,
2020-05-26,12.023651118140528,11.605031020269417,12.442271216011639,-11.034341131660634,-11.640725321141268,-10.42795694218,12.6254086245789,NA,NA,,
2020-05-27,12.937316766624672,12.472275626317609,13.402357906931735,-12.49431655907733,-13.168993855822793,-11.819639262331867,12.62531969493467,NA,NA,,
2020-05-28,13.00232168015706,12.516605326772329,13.488038033541791,-13.271815599385224,-13.975696447899729,-12.56793475087072,12.616686562255223,NA,NA,,
2020-05-29,11.842545397182704,11.371515203978936,12.313575590386472,-12.795155189222175,-13.47757915463923,-12.11273122380512,12.598320683918818,NA,NA,,
2020-05-30,0.9574430056124607,0.71904404680675,1.1958419644181713,-7.566961214733523,-7.906640685109329,-7.227281744357716,12.520273507870774,NA,NA,,
2020-05-31,7.285869502105146,6.949796635452333,7.621942368757959,-8.162073080303204,-8.643822340643293,-7.680323819963114,12.401147087374257,NA,NA,,
2020-06-01,8.863149081082101,8.422385836927408,9.303912325236794,-9.153631337085542,-9.790261994735596,-8.517000679435489,12.43440759039276,NA,NA,,
2020-06-02,12.079994213843902,11.681652871890888,12.478335555796916,-11.133687840666584,-11.70915361717365,-10.558222064159517,12.608839240641956,NA,NA,,
2020-06-03,12.527031033911337,12.166009494654197,12.888052573168476,-12.557209010759681,-13.077569596684363,-12.036848424835,12.679827647744972,NA,NA,,
2020-06-04,12.577454267233081,12.081444660418327,13.073463874047835,-12.21391181265637,-12.927606768018201,-11.50021685729454,12.624975700891635,NA,NA,,
2020-06-05,10.681989364236808,10.304271725526858,11.059707002946757,-9.786688057232835,-10.324965477448401,-9.248410637017269,12.451163884234946,NA,NA,,
2020-06-06,9.175345972238869,8.977157357418642,9.373534587059096,-7.749419334831842,-8.031216667881207,-7.467622001782477,12.3149375983498,NA,NA,,
2020-06-07,8.259366879970512,8.08566430397294,8.433069455968084,-5.374886559833356,-5.622557543497448,-5.127215576169263,12.31569319360366,NA,NA,,
2020-06-08,10.763924373107928,10.409223403642505,11.11862534257335,-6.768288767702381,-7.2782751145760844,-6.258302420828677,12.386314778050718,NA,NA,,
2020-06-09,12.73437335522481,12.465122722820684,13.003623987628934,-9.410000556390214,-9.79767371550507,-9.022327397275358,12.273868798475029,NA,NA,,
2020-06-10,13.66059109984147,13.061152525308618,14.260029674374323,-10.475795564410175,-11.339321943266418,-9.612269185553933,12.059193826108457,NA,NA,,
2020-06-11,13.848454486912015,13.596652175264596,14.100256798559434,-11.297779688493401,-11.65809933350838,-10.937460043478422,11.970279066383629,NA,NA,,
2020-06-12,3.6599121096210303,3.340846042464035,3.9789781767780257,-6.114347318660997,-6.567450595355739,-5.661244041966254,12.439438621934656,NA,NA,,
2020-06-13,7.460818438844595,7.114026570864778,7.8076103068244125,-7.335048806879894,-7.830866943265326,-6.839230670494462,12.331885106442856,NA,NA,,
2020-06-14,10.523184349525822,10.26177809340791,10.784590605643734,-8.676192297982906,-9.050345668163796,-8.302038927802016,12.409894161130994,NA,NA,,
2020-06-15,6.53272884270221,6.328718155453764,6.736739529950656,-6.7760624429691845,-7.065686264468464,-6.486438621469905,12.522698564935085,NA,NA,,
2020-06-16,10.685917811892299,10.4294719702612,10.942363653523397,-7.179903431526975,-7.545960275346267,-6.813846587707684,12.634096186457501,NA,NA,,
2020-06-17,12.899886337108567,12.413784809210668,13.385987865006467,-8.679158509535421,-9.37773609761298,-7.980580921457863,12.677405818632142,NA,NA,,
2020-06-18,14.578095622740788,14.153621447980514,15.002569797501062,-11.132223257342435,-11.74760200384541,-10.51684451083946,12.506720278573507,NA,NA,,
2020-06-19,15.780363642588114,15.35386479077353,16.206862494402696,-12.380455045602623,-12.997461979322658,-11.763448111882589,12.229038463627452,NA,NA,,
2020-06-20,15.95044228292605,15.656318474055231,16.24456609179687,-12.843535008624823,-13.26760341915158,-12.419466598098065,11.59300847349673,NA,NA,,
2020-06-21,16.89072338145613,16.426251747899926,17.355195015012335,-12.838073854122053,-13.506999718197163,-12.169147990046943,11.473418158931988,NA,NA,,
2020-06-22,17.49322937466561,16.988078919774452,17.998379829556768,-14.092520233612838,-14.82183418046845,-13.363206286757226,11.34393433726063,NA,NA,,
2020-06-23,17.628368689016312,17.078386732859315,18.17835064517331,-14.372814308479892,-15.162674530067989,-13.582954086891796,10.746079241562356,NA,NA,,
2020-06-24,15.276320768317373,14.770582510105422,15.782059026529323,-12.471929020724561,-13.189976399301894,-11.753881642147228,10.607023291267572,NA,NA,,
2020-06-25,17.200181908478726,16.726297725765836,17.674066091191616,-13.367531620544034,-14.043369506873589,-12.691693734214478,10.53627422009,NA,NA,,
2020-06-26,17.57387420104138,17.089026689805923,18.05872171227684,-14.172598514951204,-14.864410760609497,-13.480786269292912,10.534750069123323,NA,NA,,
2020-06-27,17.07185653285666,16.554996172822563,17.58871689289076,-13.722287784872439,-14.454413344569714,-12.990162225175164,10.389177783506604,NA,NA,,
2020-06-28,NA,NA,NA,NA,NA,NA,10.312072828458637,NA,NA,,NAs in DO.obs; NAs in DO.sat; NAs in temp.water
2020-06-29,NA,NA,NA,NA,NA,NA,10.00966110599694,NA,NA,,NAs in DO.obs; NAs in DO.sat; NAs in temp.water
2020-06-30,NA,NA,NA,NA,NA,NA,10.16078155758306,NA,NA,,NAs in DO.obs; NAs in DO.sat; NAs in temp.water
2020-07-01,NA,NA,NA,NA,NA,NA,9.920827950339234,NA,NA,,NAs in DO.obs; NAs in DO.sat; NAs in temp.water
2020-07-02,12.754907053211744,12.447070303409166,13.062743803014321,-12.37243237425464,-12.807811941076181,-11.937052807433098,9.09722738248665,NA,NA,,
2020-07-03,12.502312835783766,12.162899329879869,12.841726341687663,-12.26316056076105,-12.740874839200291,-11.785446282321807,8.83403299586274,NA,NA,,
2020-07-04,12.005498484193872,11.661455882515027,12.349541085872717,-11.643737818460739,-12.127806079362042,-11.159669557559436,8.74515715021082,NA,NA,,
2020-07-05,12.103214033063919,11.761503369951756,12.444924696176082,-12.223294023790245,-12.704668155423066,-11.741919892157425,8.744213848139717,NA,NA,,
2020-07-06,11.88078026392503,11.509583089467409,12.251977438382653,-12.452152202891677,-12.974359370734383,-11.92994503504897,8.65460015138493,NA,NA,,
2020-07-07,11.789892660014186,11.414305814133456,12.165479505894915,-12.098648079738275,-12.627196466853784,-11.570099692622767,8.655543453456033,NA,NA,,
2020-07-08,11.803793717137486,11.429120039322797,12.178467394952175,-12.579936810879541,-13.108854950005904,-12.051018671753178,8.744213848139717,NA,NA,,
2020-07-09,11.547326326568541,11.157410045326056,11.937242607811026,-12.530215838717968,-13.080124200243185,-11.980307477192751,8.65460015138493,NA,NA,,
2020-07-10,12.18134475085671,11.790506877618972,12.572182624094447,-12.913349672996043,-13.465736662066671,-12.360962683925415,8.65460015138493,NA,NA,,
2020-07-11,12.318591266030579,11.916131235127057,12.7210512969341,-13.084334987998274,-13.650811834732988,-12.51785814126356,8.653648974153564,NA,NA,,
2020-07-12,11.960873486021812,11.557195385235667,12.364551586807957,-13.071771608161324,-13.642187063082108,-12.50135615324054,8.56518161647618,NA,NA,,
2020-07-13,12.173041100450893,11.745353835612562,12.600728365289225,-13.973116711215225,-14.57765331280662,-13.36858010962383,8.74515715021082,NA,NA,,
2020-07-14,12.256713310723276,11.819150097196601,12.69427652424995,-13.872373111259503,-14.492781514965017,-13.251964707553988,8.74515715021082,NA,NA,,
2020-07-15,12.553577086082845,12.123576980712642,12.983577191453048,-13.738021161096068,-14.347165049287927,-13.128877272904209,8.74326267090835,NA,NA,,
2020-07-16,NA,NA,NA,NA,NA,NA,8.56518161647618,NA,NA,,NAs in DO.sat; NAs in temp.water
2020-07-17,NA,NA,NA,NA,NA,NA,8.74515715021082,NA,NA,,NAs in DO.sat; NAs in temp.water
2020-07-18,NA,NA,NA,NA,NA,NA,8.74515715021082,NA,NA,,NAs in DO.sat; NAs in temp.water
2020-07-19,14.178897400427081,13.8267211947848,14.531073606069361,-13.69145395405642,-14.192501767580705,-13.190406140532136,8.744213848139717,NA,NA,,
2020-07-20,14.11810427864949,13.7324609047291,14.50374765256988,-13.585285652951775,-14.132791253036194,-13.037780052867356,8.653648974153564,NA,NA,,
2020-07-21,14.289193300256086,13.948647622646535,14.629738977865637,-13.82975550404247,-14.314248560033272,-13.345262448051669,8.56328713717371,NA,NA,,
2020-07-22,14.594136901520956,14.127412075195988,15.060861727845925,-13.691001397092176,-14.354931022670105,-13.027071771514247,8.564238314405076,NA,NA,,
2020-07-23,14.972940715121414,14.571740026911959,15.374141403330869,-13.59598121404535,-14.165365847347724,-13.026596580742977,8.653648974153564,NA,NA,,
2020-07-24,16.119995142860574,15.734502744290921,16.505487541430227,-15.403518426037799,-15.951527752491373,-14.855509099584225,8.56232797647553,NA,NA,,
2020-07-25,16.98716087818394,16.639380266061266,17.334941490306612,-16.790142097191453,-17.285900007165612,-16.294384187217293,8.47120771014844,NA,NA,,
2020-07-26,17.07611615900701,16.611501944620183,17.54073037339384,-16.610649694537354,-17.273416342814354,-15.947883046260353,8.47406135014909,NA,NA,,
2020-07-27,16.425677430116917,15.776096310532258,17.075258549701577,-17.406858625419066,-18.334888134710834,-16.478829116127297,8.74609268542821,NA,NA,,
2020-07-28,17.682043292010878,16.951410878165962,18.412675705855793,-16.40500891099679,-17.452821952060482,-15.3571958699331,8.83117935586209,NA,NA,,
2020-07-29,18.313359333289693,17.890547668351168,18.736170998228218,-16.065320887168646,-16.66976612057736,-15.46087565375993,8.47120771014844,NA,NA,,
2020-07-30,18.65050843888695,18.187759542293442,19.113257335480455,-16.31601573651919,-16.976503106204664,-15.655528366833716,8.469265005125443,NA,NA,,
2020-07-31,18.57021401542038,18.1339178202858,19.00651021055496,-16.077457911194685,-16.699889940426967,-15.455025881962401,8.283921689060058,NA,NA,,
2020-08-01,18.534497807144884,18.147832330898275,18.921163283391493,-15.899531970715216,-16.4518060850697,-15.347257856360734,8.209416581649416,NA,NA,,
2020-08-02,18.56193021353853,18.112642461442068,19.011217965634994,-15.93639978057461,-16.5782891966732,-15.294510364476018,8.22813977596431,NA,NA,,
2020-08-03,18.927006440935926,18.455827301241552,19.3981855806303,-16.74178671956734,-17.41735196299487,-16.06622147613981,8.22813977596431,NA,NA,,
2020-08-04,19.348269881668102,18.897519884444215,19.79901987889199,-17.412033624004113,-18.059159481219023,-16.764907766789204,8.2276464304263,NA,NA,,
2020-08-05,19.284289599366883,18.911843517772674,19.65673568096109,-17.255480507864057,-17.790612253365435,-16.72034876236268,8.181861202478155,NA,NA,,
2020-08-06,16.999032856101955,16.47945177836761,17.5186139338363,-15.862632195769013,-16.60643780626624,-15.118826585271787,8.283724267002844,NA,NA,,
2020-08-07,17.651800757024983,17.202292099720474,18.101309414329492,-15.796866598657587,-16.443094472644386,-15.150638724670788,8.189573343756248,NA,NA,,
2020-08-08,17.57095729644478,17.157175361412854,17.98473923147671,-15.924567357431222,-16.52059314688961,-15.328541567972833,8.124667741266075,NA,NA,,
2020-08-09,18.122608560256964,17.677808411881816,18.56740870863211,-16.93639117677351,-17.577926699020743,-16.294855654526273,8.216193599670765,NA,NA,,
2020-08-10,17.858052297622535,17.44695450400159,18.269150091243482,-17.022534840914496,-17.614134106383037,-16.430935575445954,7.988547553828832,NA,NA,,
2020-08-11,17.18851087008501,16.71342526765178,17.663596472518243,-16.73499818250616,-17.42047472950588,-16.04952163550644,8.837729150568618,NA,NA,,
2020-08-12,16.616663388494,16.211754003240685,17.021572773747316,-15.716662493711864,-16.3036662215197,-15.129658765904031,9.09722738248665,NA,NA,,
2020-08-13,16.20045313917375,15.83317336992278,16.567732908424716,-15.162315468308115,-15.696461016125886,-14.628169920490345,8.835896407750353,NA,NA,,
2020-08-14,17.082172237526592,16.73322160345006,17.431122871603126,-15.828593144178416,-16.338145212959773,-15.319041075397061,8.917384934510311,NA,NA,,
2020-08-15,16.329199861311544,16.003094600878082,16.655305121745005,-15.88862343367951,-16.361716197221586,-15.415530670137434,8.295886199133284,NA,NA,,
2020-08-16,13.536352920385072,12.801652925176848,14.271052915593296,-14.166152995424081,-15.245677072363478,-13.086628918484685,9.35955893767776,NA,NA,,
2020-08-17,12.556589794140267,12.109839347921252,13.003340240359282,-14.086866881199823,-14.742250961116632,-13.431482801283014,9.518281320668903,NA,NA,,
2020-08-18,14.45533545685226,14.188659157849646,14.722011755854876,-14.499632371055734,-14.887904237150709,-14.111360504960759,8.826961401534009,NA,NA,,
2020-08-19,14.101015315595918,13.77305590390688,14.428974727284956,-14.720241760753884,-15.195315888703268,-14.2451676328045,8.065079120722503,NA,NA,,
2020-08-20,14.398701186033419,13.945324926979358,14.85207744508748,-15.747342704490682,-16.4035968183994,-15.091088590581965,7.9506065973615,NA,NA,,
2020-08-21,14.590082436722255,14.129293701421632,15.050871172022878,-15.5549597691551,-16.223832767553187,-14.886086770757013,7.960746577507959,NA,NA,,
2020-08-22,15.04495003391713,14.659403714272347,15.430496353561914,-15.618900334232416,-16.183085462979335,-15.054715205485495,8.927676577776246,NA,NA,,
2020-08-23,14.212993847825375,13.959551936200432,14.466435759450318,-15.076493001593564,-15.449734300336038,-14.70325170285109,9.27270578147053,NA,NA,,
2020-08-24,10.43355949120569,9.941094315397073,10.926024667014307,-14.577351036417168,-15.304651992314412,-13.850050080519924,9.275338784651828,NA,NA,,
2020-08-25,13.744555015116822,13.494047107714977,13.995062922518667,-15.50730160619479,-15.87668278903889,-15.13792042335069,9.517345785451514,NA,NA,,
2020-08-26,14.161792247830297,13.868357108819831,14.455227386840763,-15.500644632954758,-15.932500396577943,-15.068788869331573,8.739179285524324,NA,NA,,
2020-08-27,13.994906771410484,13.700638930003132,14.289174612817837,-13.288915553669925,-13.720110686031687,-12.857720421308164,8.172071158666386,NA,NA,,
2020-08-28,15.145060494869782,14.856850638357566,15.433270351381998,-13.60246569197093,-14.025376926198001,-13.17955445774386,8.292547105667236,NA,NA,,
2020-08-29,4.408325987048628,4.085694101800061,4.7309578722971954,-12.769945215583455,-13.253447429535997,-12.286443001630913,12.617045861237226,NA,NA,,
2020-08-30,8.741380022293113,8.353904819671808,9.128855224914417,-12.893730337363104,-13.473431803379128,-12.31402887134708,12.633960340212894,NA,NA,,
2020-08-31,9.897953362282209,9.543029420566793,10.252877303997625,-13.126109477346816,-13.659712546325304,-12.592506408368328,12.664500425394547,NA,NA,,
2020-09-01,11.218956952896862,10.873297524160861,11.564616381632863,-14.045674872665181,-14.569035728977509,-13.522314016352853,12.504403077354622,NA,NA,,
2020-09-02,12.167701528074417,11.880432164604546,12.454970891544288,-15.242213403358164,-15.678086930424367,-14.806339876291961,12.006362249460157,NA,NA,,
2020-09-03,12.004152047217334,11.69893822379935,12.309365870635316,-14.208909178163278,-14.66972551618572,-13.748092840140837,11.341733702582657,NA,NA,,
2020-09-04,11.284201944764146,11.020582206087072,11.547821683441219,-13.18924993848987,-13.585807063274224,-12.792692813705514,10.527455429272115,NA,NA,,
2020-09-05,10.189917440774755,10.023720311772875,10.356114569776635,-10.700536889442299,-10.949847884890938,-10.45122589399366,9.686213449081883,NA,NA,,
2020-09-06,10.611875461654591,10.480988761025744,10.742762162283439,-10.411723928448804,-10.607629678005756,-10.215818178891853,9.356030677814445,NA,NA,,
2020-09-07,11.502895702106393,11.247719327883498,11.758072076329288,-12.189586339442533,-12.5710918991145,-11.808080779770567,9.185857253142654,NA,NA,,
2020-09-08,10.224258081862201,10.012978366349978,10.435537797374424,-10.170305891975275,-10.484980687959736,-9.855631095990814,9.09998800197514,NA,NA,,
2020-09-09,11.0971042818725,10.94901559580348,11.24519296794152,-10.0700224518351,-10.291224007983946,-9.848820895686256,9.100891888829535,NA,NA,,
2020-09-10,10.583766455420285,10.23026895868692,10.93726395215365,-10.428239982464145,-10.95776043007499,-9.898719534853301,9.18676113999705,NA,NA,,
2020-09-11,6.45215420560786,6.1692906652654695,6.73501774595025,-8.600200605923277,-9.022991186500821,-8.177410025345733,9.18676113999705,NA,NA,,
2020-09-12,5.153444494367788,4.922616341774265,5.3842726469613105,-7.924897519283838,-8.271116981192304,-7.578678057375372,9.187656396679065,NA,NA,,
2020-09-13,4.341248559057802,4.180277288264669,4.502219829850935,-6.915559258154968,-7.156911750814714,-6.674206765495221,9.27270578147053,NA,NA,,
2020-09-14,NA,NA,NA,NA,NA,NA,9.271810524788513,NA,NA,,NAs in DO.obs; NAs in DO.sat; NAs in temp.water
2020-09-15,NA,NA,NA,NA,NA,NA,9.18676113999705,NA,NA,,NAs in DO.obs; NAs in DO.sat; NAs in temp.water
2020-09-16,NA,NA,NA,NA,NA,NA,9.18676113999705,NA,NA,,NAs in DO.obs; NAs in DO.sat; NAs in temp.water
2020-09-17,NA,NA,NA,NA,NA,NA,9.18676113999705,NA,NA,,NAs in DO.obs; NAs in DO.sat; NAs in temp.water
2020-09-18,NA,NA,NA,NA,NA,NA,9.18676113999705,NA,NA,,NAs in DO.obs; NAs in DO.sat; NAs in temp.water
2020-09-19,NA,NA,NA,NA,NA,NA,9.185857253142654,NA,NA,,NAs in DO.obs; NAs in DO.sat; NAs in temp.water
2020-09-20,NA,NA,NA,NA,NA,NA,9.100891888829535,NA,NA,,NAs in DO.obs; NAs in DO.sat; NAs in temp.water
2020-09-21,NA,NA,NA,NA,NA,NA,9.18676113999705,NA,NA,,NAs in DO.obs; NAs in DO.sat; NAs in temp.water
2020-09-22,NA,NA,NA,NA,NA,NA,9.18676113999705,NA,NA,,NAs in DO.obs; NAs in DO.sat; NAs in temp.water
2020-09-23,NA,NA,NA,NA,NA,NA,9.187656396679065,NA,NA,,NAs in DO.obs; NAs in DO.sat; NAs in temp.water
2020-09-24,NA,NA,NA,NA,NA,NA,9.274470009985233,NA,NA,,NAs in DO.obs; NAs in DO.sat; NAs in temp.water
2020-09-25,NA,NA,NA,NA,NA,NA,9.440307490367376,NA,NA,,NAs in DO.obs; NAs in DO.sat; NAs in temp.water
2020-09-26,NA,NA,NA,NA,NA,NA,9.27270578147053,NA,NA,,NAs in DO.obs; NAs in DO.sat; NAs in temp.water
2020-09-27,NA,NA,NA,NA,NA,NA,9.271810524788513,NA,NA,,NAs in DO.obs; NAs in DO.sat; NAs in temp.water
2020-09-28,NA,NA,NA,NA,NA,NA,9.18676113999705,NA,NA,,NAs in DO.obs; NAs in DO.sat; NAs in temp.water
2020-09-29,NA,NA,NA,NA,NA,NA,9.187656396679065,NA,NA,,NAs in DO.obs; NAs in DO.sat; NAs in temp.water
2020-09-30,NA,NA,NA,NA,NA,NA,9.27270578147053,NA,NA,,NAs in DO.obs; NAs in DO.sat; NAs in temp.water
2020-10-01,9.409860309282285,9.247484775602533,9.572235842962037,-7.377716145174559,-7.626709763469295,-7.128722526879823,9.276198534813853,NA,NA,,
2020-10-02,9.421443852910418,9.300223351734852,9.542664354085984,-7.736639110891137,-7.923482360642408,-7.549795861139867,9.60801010242959,NA,NA,,
2020-10-03,9.210891058282577,9.083838364565954,9.3379437519992,-7.7278303525280165,-7.923580207197495,-7.532080497858538,9.60801010242959,NA,NA,,
2020-10-04,9.204011395377375,9.07898218746664,9.32904060328811,-7.6284922993366875,-7.821220570061147,-7.435764028612228,9.607150352267565,NA,NA,,
2020-10-05,9.200151862778714,9.05717041941992,9.343133306137508,-7.409031781218845,-7.629337520096437,-7.188726042341253,9.5254740868751,NA,NA,,
2020-10-06,9.117916522219181,8.990313934594893,9.24551910984347,-7.3009494683697165,-7.497683044484898,-7.104215892254535,9.5254740868751,NA,NA,,
2020-10-07,8.390678196149528,8.303022589624279,8.478333802674777,-7.265278590437621,-7.400487314535898,-7.130069866339344,9.5254740868751,NA,NA,,
2020-10-08,7.956642882992977,7.819842432551786,8.093443333434168,-7.10677231359404,-7.318136520201465,-6.895408106986615,9.5254740868751,NA,NA,,
2020-10-09,8.726330191286035,8.636013198037906,8.816647184534164,-7.501821352633275,-7.641557821299261,-7.362084883967289,9.527184464111537,NA,NA,,
2020-10-10,6.089009690471495,5.730853595177747,6.447165785765243,-7.121909437670081,-7.677393815639373,-6.566425059700789,9.68967030157303,NA,NA,,
2020-10-11,7.8197302259350465,7.651890230809242,7.987570221060851,-6.392360911030692,-6.652275346311476,-6.132446475749908,9.68967030157303,NA,NA,,
2020-10-12,8.66218211220055,8.487354189881183,8.837010034519919,-7.047831986741114,-7.319985538797785,-6.775678434684443,9.68967030157303,NA,NA,,
2020-10-13,8.824320843159605,8.665671652050142,8.982970034269067,-7.230478686162962,-7.478724473285843,-6.98223289904008,9.68967030157303,NA,NA,,
2020-10-14,8.172792965775537,7.920230778871777,8.425355152679298,-6.817746870352871,-7.209657867906508,-6.425835872799234,9.68881967449862,NA,NA,,
2020-10-15,8.229691803774172,7.985944379868611,8.473439227679732,-6.326500829087007,-6.704792580488328,-5.948209077685687,9.60801010242959,NA,NA,,
2020-10-16,7.8437991549471,7.562769478403887,8.124828831490314,-6.432050218172395,-6.870184088841198,-5.993916347503593,9.60801010242959,NA,NA,,
2020-10-17,8.5518139911061,8.28617399938601,8.817453982826189,-7.0991003672758355,-7.514003108854347,-6.684197625697324,9.608860729504,NA,NA,,
2020-10-18,7.780618811994246,7.522205215878148,8.039032408110344,-6.627390579095376,-7.0311176674589255,-6.223663490731827,9.68967030157303,NA,NA,,
2020-10-19,7.613978241821828,7.387239470341012,7.840717013302644,-6.510197034392996,-6.864414605164555,-6.155979463621437,9.68881967449862,NA,NA,,
2020-10-20,7.180177607629685,6.932582799698897,7.427772415560472,-6.627265552599366,-7.0146192913652055,-6.239911813833526,9.608860729504,NA,NA,,
2020-10-21,7.029583529743434,6.772644449577929,7.286522609908938,-6.316529673772749,-6.717604045456797,-5.9154553020887,9.68967030157303,NA,NA,,
2020-10-22,6.925582636002736,6.766983526010839,7.084181745994633,-5.845856436221065,-6.093156830250758,-5.598556042191372,9.68967030157303,NA,NA,,
2020-10-23,6.536592485031217,6.311542376744621,6.761642593317813,-5.918680346335329,-6.270633892368112,-5.566726800302545,9.690511706976778,NA,NA,,
2020-10-24,7.182084449327193,6.959895998894902,7.4042728997594836,-6.475956203803242,-6.824400525636833,-6.12751188196965,9.77044522033289,NA,NA,,
2020-10-25,6.005888255337667,5.798492317436807,6.213284193238527,-5.022444243252505,-5.346503736839517,-4.698384749665494,9.77127730548293,NA,NA,,
2020-10-26,5.399755711492307,5.281247073614752,5.518264349369861,-2.8878027013548526,-3.0728724159492518,-2.7027329867604535,9.85032539473664,NA,NA,,
2020-10-27,5.852387129494198,5.615962149050882,6.088812109937513,-3.5420031971669905,-3.912772595347876,-3.1712337989861052,9.85032539473664,NA,NA,,
2020-10-28,6.063924957878392,5.840884517563392,6.2869653981933915,-3.9518731887204304,-4.302078759751186,-3.601667617689675,9.85032539473664,NA,NA,,
2020-10-29,6.200195409267609,6.001038265098303,6.399352553436915,-4.046826194867607,-4.359671441714141,-3.7339809480210717,9.851149800737803,NA,NA,,
2020-10-30,6.309895668570167,6.124265586872003,6.495525750268332,-4.0241174741360215,-4.3167358337407435,-3.7314991145312995,9.92946837084833,NA,NA,,
2020-10-31,6.1460994048577415,5.937092271487913,6.35510653822757,-3.8309560996299474,-4.160907559637995,-3.5010046396218995,9.928643964847167,NA,NA,,
2020-11-01,6.13544055932268,5.927874920187906,6.343006198457453,-3.642962110093617,-3.970435060760096,-3.3154891594271385,9.851968304522,NA,NA,,
2020-11-02,6.072017072749057,5.890578563729209,6.253455581768906,-3.681795300214309,-3.9684912779606236,-3.3950993224679946,10.007226230347102,NA,NA,,
2020-11-03,6.197096486725056,6.092106572867539,6.3020864005825725,-3.578072551485691,-3.744452597581155,-3.411692505390227,9.92946837084833,NA,NA,,
2020-11-04,5.91422290972189,5.719993857797748,6.108451961646033,-3.2946977274867755,-3.6029395303398486,-2.9864559246337024,9.930286874632527,NA,NA,,
2020-11-05,6.386378236138183,6.1411863495493515,6.631570122727015,-4.694598079422553,-5.086490950189945,-4.302705208655161,10.0080447341313,NA,NA,,
2020-11-06,5.799177087937788,5.58547942639439,6.012874749481186,-4.603650500467169,-4.942234354118682,-4.265066646815656,10.0080447341313,NA,NA,,
2020-11-07,4.9498693533481335,4.854707683992398,5.045031022703869,-3.848065828986758,-3.9985260734666785,-3.6976055845068374,10.008856606034472,NA,NA,,
2020-11-08,4.18755683814746,4.062770954730297,4.312342721564622,-2.7165514880375916,-2.9132890571084813,-2.519813918966702,10.0859844368358,NA,NA,,
2020-11-09,4.896181493483471,4.8092515562892535,4.983111430677689,-1.7674921542401085,-1.9051904603529848,-1.6297938481272323,10.0859844368358,NA,NA,,
2020-11-10,5.136615431976378,4.997912717131785,5.275318146820971,-2.705159401086963,-2.9258190670882844,-2.4844997350856413,10.08678893679827,NA,NA,,
2020-11-11,5.004003899599729,4.797530897011405,5.210476902188053,-2.9679709389370554,-3.2956178348917606,-2.6403240429823502,10.16241193327043,NA,NA,,
2020-11-12,NA,NA,NA,NA,NA,NA,10.088372860662389,NA,NA,,NAs in DO.obs; NAs in DO.sat; NAs in temp.water
2020-11-13,2.4572371415188337,2.34362221024948,2.5708520727881874,-2.182615131037644,-2.3644977931425073,-2.000732468932781,10.318319946002402,NA,NA,,
2020-11-14,4.008746368006107,3.9540263002115994,4.063466435800614,-1.7431412605972862,-1.831045801495702,-1.6552367196988704,10.615501812135916,NA,NA,,
2020-11-15,2.0179757126477624,1.9497103208208337,2.086241104474691,-1.5355140089289148,-1.6466027945358388,-1.4244252233219907,11.35854914998851,NA,NA,,
2020-11-16,3.656103811936238,3.5418313704737194,3.770376253398757,-3.0302795695801636,-3.2169939797463485,-2.843565159413979,12.14155470959663,NA,NA,,
2020-11-17,1.578505007418294,1.4284923197069095,1.7285176951296786,-2.8769646638285007,-3.1207547579719477,-2.6331745696850537,11.29339386786262,NA,NA,,
2020-11-18,2.724314869205517,2.6286262266609337,2.8200035117501003,-2.1353044340355396,-2.2913779922394575,-1.9792308758316217,11.965827918614686,NA,NA,,
2020-11-19,3.0872532708985725,3.039729200128876,3.134777341668269,-0.8148982740519307,-0.8921799344912662,-0.7376166136125952,12.005696714542298,NA,NA,,
2020-11-20,3.338961737486236,3.256686540216625,3.421236934755847,-0.7314616826049911,-0.8643204419492813,-0.598602923260701,11.28426701890595,NA,NA,,
2020-11-21,3.2626648371895084,3.164702485467995,3.360627188911022,-0.7928558900358739,-0.9505992830183388,-0.6351124970534089,11.086313470087942,NA,NA,,
2020-11-22,3.113928502189182,3.0060799774342013,3.2217770269441623,-1.4530768141334218,-1.6269191480037857,-1.279234480263058,10.815299854248932,NA,NA,,
2020-11-23,3.3760986249770846,3.2708862854152745,3.4813109645388947,-1.6225800673852686,-1.791793306332492,-1.4533668284380452,10.6780567901646,NA,NA,,
2020-11-24,3.3830408435295256,3.3252569929875273,3.440824694071524,-1.157825566361118,-1.2508756924409143,-1.0647754402813219,10.6780567901646,NA,NA,,
2020-11-25,3.53139272784684,3.479392283382836,3.583393172310844,-0.3393266169614601,-0.4231804820948801,-0.25547275182804013,10.677324615458017,NA,NA,,
2020-11-26,3.3746628333773407,3.2849364870483333,3.464389179706348,0.06990225904148699,-0.07412646485250783,0.2139309829354818,10.607023291267572,NA,NA,,
2020-11-27,3.1795458800451057,3.0798753695242715,3.27921639056594,0.15098775182620297,-0.008604654022424746,0.3105801576748307,10.53627422009,NA,NA,,
2020-11-28,3.732777517730887,3.644592489494862,3.8209625459669123,0.23908010674193533,0.09765609277564988,0.3805041207082208,10.53627422009,NA,NA,,
2020-11-29,3.4647127096758057,3.38263266545072,3.5467927539008914,0.22200357596260217,0.09027166241798382,0.35373548950722056,10.53627422009,NA,NA,,
2020-11-30,3.4880196233441,3.4346260075057837,3.541413239182416,0.44099743214789777,0.355058899520503,0.5269359647752926,10.53627422009,NA,NA,,
2020-12-01,3.153736036325866,3.03255537800063,3.2749166946511026,0.2720405105603704,0.0772602191414287,0.4668208019793121,10.532388201476905,NA,NA,,
2020-12-02,3.2713948694730157,3.1589544454263114,3.38383529351972,-0.020391607339549953,-0.20000790184664313,0.15922468716754323,10.1632164332329,NA,NA,,
2020-12-03,3.4809932878996523,3.3881119601974414,3.5738746156018633,0.37285331808496003,0.22424500946981735,0.5214616267001027,10.16241193327043,NA,NA,,
2020-12-04,3.239315484956736,3.1319540233928986,3.3466769465205735,0.38344857508747726,0.21203416569258404,0.5548629844823705,10.08678893679827,NA,NA,,
2020-12-05,3.4563395898403177,3.352930038371635,3.5597491413090006,0.2688822295789147,0.10279392701489037,0.43497053214293907,10.1632164332329,NA,NA,,
2020-12-06,3.246236920696451,3.1679714634070524,3.32450237798585,0.5734157663895271,0.44806239033016704,0.6987691424488871,10.1632164332329,NA,NA,,
2020-12-07,3.44858914543849,3.3679755505822033,3.5292027402947763,0.7619777497551539,0.6328783226287543,0.8910771768815534,10.164012821194989,NA,NA,,
2020-12-08,3.231479248586303,3.1273319126901544,3.3356265844824513,0.32203854126452414,0.15479979395711468,0.4892772885719336,10.23887328963131,NA,NA,,
2020-12-09,3.8052606414606807,3.755971041908745,3.8545502410126162,0.2659543439336635,0.18697795915826781,0.3449307287090592,10.16241193327043,NA,NA,,
2020-12-10,3.038234601228306,2.952162827825869,3.1243063746307427,-0.0815854991067155,-0.2196194444476089,0.056448446234177885,10.0859844368358,NA,NA,,
2020-12-11,3.23593079457204,3.17798253002834,3.29387905911574,-0.3170325647307846,-0.4099870946201294,-0.22407803484143982,10.0859844368358,NA,NA,,
2020-12-12,3.3406689912880303,3.280357263285728,3.4009807192903327,-0.42971601535379483,-0.5266320020764595,-0.3328000286311301,10.09141968247639,NA,NA,,
2020-12-13,1.3662838245334679,1.285383611985619,1.4471840370813167,0.19281310786703523,0.06234591609452522,0.32328029963954524,10.608500193039182,NA,NA,,
2020-12-14,3.089191330846886,3.0477785234649426,3.130604138228829,0.5579809670340363,0.4908946332970635,0.6250673007710091,10.67657988839299,NA,NA,,
2020-12-15,2.964251011000631,2.8442636514679784,3.0842383705332836,0.19096477283198976,-0.00357830103385251,0.385507846697832,10.542033353609936,NA,NA,,
2020-12-16,2.039918844901767,1.9024984838477128,2.177339205955821,-0.30695103363449033,-0.5309435426664393,-0.08295852460254133,11.104785674823527,NA,NA,,
2020-12-17,1.269577583444172,1.1886237686377292,1.3505313982506149,1.1276512544393913,0.9938732111394235,1.261429297739359,12.588644106785532,NA,NA,,
2020-12-18,2.2251423998574684,2.191476274526179,2.258808525188758,1.3727504795397292,1.3173824157415646,1.4281185433378938,12.44701299226663,NA,NA,,
2020-12-19,2.525970859083867,2.4126805449067144,2.63926117326102,1.2499278827152065,1.0632999828077399,1.4365557826226731,11.913095737078,NA,NA,,
2020-12-20,2.694772238605484,2.6172316219291387,2.7723128552818297,0.7004565922279785,0.5731761216353962,0.8277370628205608,11.594253667286,NA,NA,,
2020-12-21,2.7865922887301924,2.6975882257815984,2.8755963516787864,-0.22715289360497465,-0.373108588026587,-0.08119719918336235,11.59543976172957,NA,NA,,
2020-12-22,2.6444483042226374,2.5877572252123127,2.701139383232962,1.1505445686364004,1.0581251389446051,1.2429639983281957,11.70568744563586,NA,NA,,
2020-12-23,2.524193625628246,2.468266137358352,2.58012111389814,1.4776716528232547,1.3870502566899066,1.568293048956603,11.472752624014129,NA,NA,,
2020-12-24,3.348690957463681,3.219796011630655,3.477585903296707,0.7366420141990025,0.527674237281961,0.9456097911160442,11.28764086061127,NA,NA,,
2020-12-25,1.4452080370717482,1.3722585436948584,1.5181575304486379,-0.37083475580766984,-0.4900762896507962,-0.2515932219645435,11.423539519654815,NA,NA,,
2020-12-26,2.8031629061568295,2.721250437214219,2.88507537509944,0.7427993853311311,0.6079342394600864,0.8776645312021758,12.418191718215585,NA,NA,,
2020-12-27,2.86827656872369,2.803577002091976,2.9329761353554042,0.17679461565116983,0.07084451886277585,0.2827447124395638,12.146517013376315,NA,NA,,
2020-12-28,2.2775658093867435,2.213093539628624,2.3420380791448627,0.6927853483983494,0.5880096725294747,0.7975610242672241,11.7603316924367,NA,NA,,
2020-12-29,3.0639571470828786,2.979786879632525,3.1481274145332323,1.5002921264430678,1.3636400470282564,1.6369442058578791,11.534519703715286,NA,NA,,
2020-12-30,2.2708358432277995,2.1384061729170534,2.4032655135385457,0.4146696921197824,0.19883346588955172,0.630505918350013,11.478798519685784,NA,NA,,
2020-12-31,3.2664212183675425,3.2103723347708017,3.3224701019642833,0.5217254544212042,0.4299521739721193,0.613498734870289,11.865643263923328,NA,NA,,
2021-01-01,3.1476116935903784,3.0970625301753194,3.1981608570054374,-0.04356546095821528,-0.12633046015847801,0.039199538242047464,11.764812726932536,NA,NA,,
2021-01-02,2.465311943513121,2.4138343271373213,2.516789559888921,0.17284082774743587,0.08827822464030267,0.25740343085456907,11.968565929475114,NA,NA,,
2021-01-03,2.37802404440751,2.2955740348130216,2.4604740540019985,0.16403802458170202,0.027987841378296185,0.30008820778510786,12.280070594873546,NA,NA,,
2021-01-04,0.9072120272751169,0.7636036415946608,1.050820412955573,0.5251413867105361,0.2878542433225011,0.7624285300985711,12.65407331958856,NA,NA,,
2021-01-05,2.4152140800228423,2.3250363462645023,2.5053918137811824,1.4994816061944123,1.3513984867835,1.6475647256053245,12.514978656298352,NA,NA,,
2021-01-06,1.2097339848555184,1.172841910755909,1.246626058955128,1.1386313119112716,1.0778359539381388,1.1994266698844045,12.667247382048394,NA,NA,,
2021-01-07,2.4784742444717107,2.4137217016684187,2.5432267872750027,1.1627000830162302,1.0563734067867798,1.2690267592456805,12.675599625181503,NA,NA,,
2021-01-08,2.2925594136106917,2.2096809367782537,2.3754378904431297,1.555130654179911,1.4190391944739194,1.6912221138859027,12.671925119525737,NA,NA,,
2021-01-09,2.7432275849990946,2.6726055404159275,2.8138496295822617,1.5432807132605155,1.427381355593239,1.659180070927792,12.680602280122347,NA,NA,,
2021-01-10,2.8340786765888986,2.763518462946983,2.9046388902308142,1.1263681673974593,1.0101760878533474,1.242560246941571,12.625831718671991,NA,NA,,
2021-01-11,2.2870557013786015,2.196184690175067,2.377926712582136,0.5420752041586402,0.3925483928034335,0.6916020155138469,12.535719646558578,NA,NA,,
2021-01-12,1.0916189002888161,1.067238026857981,1.1159997737196512,0.6738539770756231,0.6336035032966247,0.7141044508546215,12.61891118931072,NA,NA,,
2021-01-13,-0.05383129946609952,-0.13388885651329624,0.0262262575810972,2.4731087033789634,2.342419427690018,2.6037979790679087,12.001472300102309,NA,NA,,
2021-01-14,0.3264602037208193,0.306208614114889,0.3467117933267496,2.9033564939121104,2.8703693471826974,2.9363436406415233,11.983933162961339,NA,NA,,
2021-01-15,0.9839469585127227,0.9333642598009383,1.0345296572245073,2.2138083967404696,2.13121076132904,2.296406032151899,11.96680779578366,NA,NA,,
2021-01-16,1.3451765290443813,1.2993798508183776,1.390973207270385,1.9824212239380012,1.9078287855524838,2.0570136623235187,12.12805433837813,NA,NA,,
2021-01-17,1.6493599475785239,1.5869756707802398,1.711744224376808,1.6686160203094793,1.5666768897631138,1.7705551508558448,12.28022818548143,NA,NA,,
2021-01-18,1.6255278814741925,1.5928768604446188,1.658178902503766,1.6163646866083499,1.5633465648527247,1.669382808363975,12.401734570013474,NA,NA,,
2021-01-19,1.6784119409122462,1.6278932779860216,1.7289306038384709,1.6112728728325918,1.5291996136633619,1.6933461320018217,12.4898424194506,NA,NA,,
2021-01-20,1.8195478299943253,1.767637612270126,1.8714580477185245,1.8241465717691285,1.739828896657578,1.9084642468806792,12.572711437518004,NA,NA,,
2021-01-21,2.298497461919827,2.1954109021751376,2.4015840216645166,0.8429639271102359,0.675075171606543,1.0108526826139288,12.641751044148481,NA,NA,,
2021-01-22,1.795785674650437,1.7373396336722144,1.8542317156286596,0.8221886770562421,0.7269691079141217,0.9174082461983625,12.671904325336351,NA,NA,,
2021-01-23,2.010261306776395,1.9693447313168149,2.0511778822359745,1.3131002797822644,1.246818260447299,1.3793822991172298,12.67886704540046,NA,NA,,
2021-01-24,1.752128937493438,1.6813675534028902,1.8228903215839856,0.7425499346143515,0.6276759370363946,0.8574239321923084,12.649610465269873,NA,NA,,
2021-01-25,2.3440169777132702,2.28143007980103,2.4066038756255104,1.0726695060045455,0.9715489040279978,1.173790107981093,12.626283559936892,NA,NA,,
2021-01-26,1.7791146927524866,1.6562804928038544,1.9019488927011188,-0.2216322351574012,-0.41865908139683367,-0.024605388917968707,12.5781523134837,NA,NA,,
2021-01-27,2.0332305433356694,1.92580488754588,2.140656199125459,-0.09598963121408396,-0.2695451951213388,0.07756593269317083,12.5781523134837,NA,NA,,
2021-01-28,2.0105441646634437,1.9340566504389098,2.0870316788879775,0.15052742990735157,0.027018080715865964,0.27403677909883717,12.5777004722188,NA,NA,,
2021-01-29,2.905138990656388,2.834414909841546,2.97586307147123,0.6279962316894444,0.5136403826714291,0.7423520807074597,12.534227366683888,NA,NA,,
2021-01-30,2.9024588871532453,2.8540437216660126,2.950874052640478,0.7486606411847013,0.6703037825031717,0.827017499866231,12.483149783242816,NA,NA,,
2021-01-31,1.805194297475434,1.7200189569995017,1.8903696379513664,0.735779384049541,0.5977545053915531,0.873804262707529,12.579221452125205,NA,NA,,
2021-02-01,1.3718921169648093,1.2743925341305937,1.4693916997990248,0.374911784909371,0.2169012327635973,0.5329223370551447,12.678287431970077,NA,NA,,
2021-02-02,2.4392229184717147,2.3919077496613674,2.486538087282062,1.125137579072446,1.0491385363019912,1.201136621842901,12.440662829672576,NA,NA,,
2021-02-03,2.3852624168902854,2.253865245429062,2.5166595883515086,1.880362123301558,1.6699315397056909,2.090792706897425,12.449444993637783,NA,NA,,
2021-02-04,2.4298703596888074,2.3778401025282596,2.481900616849355,2.382172900544525,2.2988634058548545,2.4654823952341953,12.530690668992635,NA,NA,,
2021-02-05,2.745723800739235,2.6626127650928484,2.8288348363856213,1.5619663211838668,1.4287073692282226,1.695225273139511,12.625722642406537,NA,NA,,
2021-02-06,2.813607307868714,2.7200494614742023,2.9071651542632253,1.4572311631133315,1.3073648152660078,1.6070975109606551,12.655723851473713,NA,NA,,
2021-02-07,2.998179774253034,2.9118334681439673,3.084526080362101,0.8109365387256177,0.6728426701085762,0.9490304073426591,12.671916965500712,NA,NA,,
2021-02-08,3.3609735923380413,3.2549902292346644,3.466956955441418,0.6351649027211098,0.46505729059960266,0.805272514842617,12.680373296455437,NA,NA,,
2021-02-09,3.2940424649219127,3.2114367244537707,3.3766482053900546,0.6111333280009545,0.4785213228005347,0.7437453332013744,12.679096928393825,NA,NA,,
2021-02-10,NA,NA,NA,NA,NA,NA,12.67196446355407,NA,NA,,NAs in DO.obs; NAs in DO.sat; NAs in temp.water
2021-02-11,2.341384553553103,2.2330493498806945,2.4497197572255116,-0.1125008302901525,-0.2861754276419495,0.06117376706164447,12.67602565287904,NA,NA,,
2021-02-12,3.0981076463277235,3.0352351099235313,3.1609801827319157,0.15363299956158324,0.05308173139226287,0.25418426773090363,12.653398564521947,NA,NA,,
2021-02-13,2.6520633607068667,2.6051024862417416,2.6990242351719917,0.33679010343179117,0.26185942791221645,0.4117207789513659,12.447938748629722,NA,NA,,
2021-02-14,2.0199386056243473,1.9453000036132793,2.0945772076354157,0.29292556263338604,0.17419177528225605,0.41165934998451603,12.383048215550632,NA,NA,,
2021-02-15,2.0257114660778437,1.9787739033920986,2.0726490287635886,0.5715818388450866,0.49709848182761746,0.6460651958625558,12.187688021376292,NA,NA,,
2021-02-16,2.3451343124298893,2.2895996732485524,2.4006689516112263,1.2032582549538466,1.1156417100277247,1.2908747998799686,12.093799369343044,NA,NA,,
2021-02-17,2.771446033983813,2.7041483664213484,2.838743701546278,1.4471227370084774,1.3407999160259736,1.5534455579909812,12.196154328049984,NA,NA,,
2021-02-18,1.2761796563441943,1.218988100759013,1.3333712119293755,1.0743221549454052,0.9838242988402018,1.1648200110506084,12.2777505155232,NA,NA,,
2021-02-19,2.425361212858882,2.3464410075564426,2.5042814181613218,0.8162796479277882,0.6920160890920979,0.9405432067634785,12.162641197167138,NA,NA,,
2021-02-20,2.4021168555872165,2.326321820043599,2.477911891130834,1.8022803830127387,1.682860998561052,1.9216997674644254,12.133300561751554,NA,NA,,
2021-02-21,2.877734850702256,2.8286924460936893,2.9267772553108227,2.0583150192569097,1.9810237148192427,2.1356063236945766,12.22309862246426,NA,NA,,
2021-02-22,3.0909454265526195,3.0021260711586204,3.1797647819466186,1.2995392681597928,1.1594620992457252,1.4396164370738604,12.301666783709994,NA,NA,,
2021-02-23,3.268951483405592,3.1689151021379756,3.3689878646732083,0.9833750012462894,0.8262759167480711,1.1404740857445077,12.362393539161475,NA,NA,,
2021-02-24,3.1509034127011155,3.034221473464792,3.267585351937439,1.5486651572460002,1.3658040056858787,1.7315263088061217,12.425103713567346,NA,NA,,
2021-02-25,3.361127692264938,3.1986794241623513,3.5235759603675247,1.127866058104666,0.8727143586891609,1.3830177575201712,12.473200207305478,NA,NA,,
2021-02-26,3.3907273606474795,3.295747332252729,3.48570738904223,0.5990169181247738,0.44987377080487845,0.7481600654446691,12.513894760385737,NA,NA,,
2021-02-27,3.624258249554595,3.557450708236464,3.691065790872726,0.7591523863975764,0.6546646977004806,0.8636400750946722,12.56357359106987,NA,NA,,
2021-02-28,4.027673278640529,3.8955699621793203,4.1597765951017385,0.28625708200607686,0.0794608834297092,0.4930532805824445,12.608433495953461,NA,NA,,
2021-03-01,4.193173797716265,4.049598046209141,4.33674954922339,-0.5321593799459939,-0.7571956614615323,-0.30712309843045565,12.641087068097338,NA,NA,,
2021-03-02,4.423803610105183,4.27027546510033,4.577331755110036,-0.9487227112931303,-1.188948851712988,-0.7084965708732726,12.608266560308197,NA,NA,,
2021-03-03,4.233693753593249,4.073477609138674,4.3939098980478235,-1.1631306138718078,-1.413613896705341,-0.9126473310382746,12.625651979643612,NA,NA,,
2021-03-04,4.599210435858388,4.440666395976021,4.757754475740755,-0.8489464769416821,-1.097068469620579,-0.6008244842627852,12.6487707107911,NA,NA,,
2021-03-05,3.2509238352189147,3.049984969776464,3.4518627006613656,-1.0525993735454104,-1.365870963701076,-0.7393277833897448,12.648159309352625,NA,NA,,
2021-03-06,4.415062388994726,4.3189121121680305,4.5112126658214216,-0.46478176155323697,-0.614283837569357,-0.31527968553711694,12.590355289427134,NA,NA,,
2021-03-07,5.041125566378684,4.929494993418034,5.152756139339333,-0.7060740567212271,-0.8799625115746537,-0.5321856018678006,12.61696030837713,NA,NA,,
2021-03-08,3.6319359110768947,3.4692911643618345,3.794580657791955,-0.6577714488721585,-0.9107527774258128,-0.4047901203185042,12.625651979643612,NA,NA,,
2021-03-09,3.9364030965398498,3.7676050027830015,4.105201190296698,-0.6571909437672714,-0.9189215873634191,-0.3954603001711236,12.648905486369637,NA,NA,,
2021-03-10,4.6474596471173895,4.517083266499045,4.777836027735734,-0.7903787113190048,-0.992436216509269,-0.5883212061287406,12.661854272185698,NA,NA,,
2021-03-11,4.8435975784232594,4.724873692981473,4.962321463865046,-0.25249530889994,-0.4363059046439443,-0.06868471315593566,12.675688772245914,NA,NA,,
2021-03-12,5.1717066640326745,5.0094565370725785,5.3339567909927705,-0.46064601342941974,-0.7118661219875941,-0.2094259048712453,12.680390141686969,NA,NA,,
2021-03-13,5.547214064907698,5.379584671392164,5.714843458423233,-0.9343323636956431,-1.194064331532594,-0.6746003958586921,12.68078541800093,NA,NA,,
2021-03-14,2.9435687483020856,2.7091517332946786,3.1779857633094926,-0.5354893223323985,-0.8980774329411831,-0.172901211723614,12.680366472902687,NA,NA,,
2021-03-15,4.788008654112053,4.681915998145357,4.894101310078749,-0.20010615863953654,-0.3630385697092424,-0.037173747569830634,12.678541088561282,NA,NA,,
2021-03-16,4.942838677516331,4.791233997995292,5.09444335703737,-0.371458505829747,-0.6041751347507762,-0.13874187690871775,12.6807896230681,NA,NA,,
2021-03-17,5.328026260409424,5.120070193112316,5.535982327706533,-1.556203913617411,-1.877044597509602,-1.2353632297252202,12.6807896230681,NA,NA,,
2021-03-18,4.220557791768084,4.1345341512032885,4.30658143233288,-1.4951302501251973,-1.6280198027744224,-1.3622406974759722,12.68078541800093,NA,NA,,
2021-03-19,4.760483731514084,4.635340443345075,4.885627019683093,-0.5113695409682719,-0.7032702926040325,-0.3194687893325113,12.680390141686969,NA,NA,,
2021-03-20,4.956528397680619,4.7707643582054855,5.142292437155752,0.157202580983721,-0.12775401415141965,0.4421591761188617,12.6807896230681,NA,NA,,
2021-03-21,5.987129235325902,5.801552162565566,6.172706308086238,-0.2994787764322377,-0.5846366426860854,-0.014320910178389934,12.680772777836568,NA,NA,,
2021-03-22,5.453252461110937,5.270853687839615,5.635651234382259,-1.1932426729421115,-1.4729516784750663,-0.9135336674091568,12.679141946045096,NA,NA,,
2021-03-23,6.2832021854085465,6.164348026041328,6.402056344775765,-0.8052805540988087,-0.9867386497916848,-0.6238224584059326,12.67619612277353,NA,NA,,
2021-03-24,6.391410337318021,6.14286246614419,6.639958208491852,-2.1374249852618354,-2.518345557734469,-1.756504412789202,12.67196446355407,NA,NA,,
2021-03-25,5.753110463080611,5.580160990219739,5.926059935941482,-1.488721302019601,-1.7529120089270922,-1.22453059511211,12.676135828976197,NA,NA,,
2021-03-26,6.801952155407554,6.696927992365402,6.906976318449707,-1.4526262573692514,-1.6127914584016836,-1.2924610563368193,12.666054878124708,NA,NA,,
2021-03-27,7.557400684240287,7.396997443062794,7.71780392541778,-1.8647145525165258,-2.1100646554542073,-1.6193644495788446,12.658982045559394,NA,NA,,
2021-03-28,7.931433636144762,7.791247769385122,8.0716195029044009,-2.2171349227981434,-2.4309383549626973,-2.0033314906335895,12.676284315385164,NA,NA,,
2021-03-29,7.711617315900329,7.570726334502603,7.852508297298056,-1.5376248478758898,-1.751463028171127,-1.3237866675806527,12.680336492784285,NA,NA,,
2021-03-30,7.672384953862437,7.537018284188573,7.807751623536301,-1.5055519922796374,-1.711679253241531,-1.2994247313177438,12.6756393284104,NA,NA,,
2021-03-31,8.412039040395062,8.249580173151577,8.574497907638547,-2.955052896126222,-3.202668640793438,-2.707437151459006,12.675550992132905,NA,NA,,
2021-04-01,NA,NA,NA,NA,NA,NA,12.663977583986348,NA,NA,,NAs in DO.obs; NAs in DO.sat; NAs in temp.water
2021-04-02,NA,NA,NA,NA,NA,NA,12.36181947574795,NA,NA,,NAs in DO.obs; NAs in DO.sat; NAs in temp.water
2021-04-03,NA,NA,NA,NA,NA,NA,12.369091637532113,NA,NA,,NAs in DO.obs; NAs in DO.sat; NAs in temp.water
2021-04-04,NA,NA,NA,NA,NA,NA,12.330609610645105,NA,NA,,NAs in DO.obs; NAs in DO.sat; NAs in temp.water
2021-04-05,NA,NA,NA,NA,NA,NA,12.2862714404221,NA,NA,,NAs in DO.obs; NAs in DO.sat; NAs in temp.water
2021-04-06,NA,NA,NA,NA,NA,NA,12.2862714404221,NA,NA,,NAs in DO.obs; NAs in DO.sat; NAs in temp.water
2021-04-07,7.375543038699673,7.247984970534366,7.50310110686498,-2.2360572416387345,-2.4274981189568168,-2.0446163643206523,12.286119590541617,NA,NA,,
2021-04-08,7.464638754346492,7.350431856879382,7.578845651813602,-1.9284551752089258,-2.099564509213396,-1.7573458412044558,12.271845701776183,NA,NA,,
2021-04-09,7.87476537668937,7.753471724332042,7.996059029046699,-2.6611806548840713,-2.8428325385835262,-2.4795287711846163,12.286348096227774,NA,NA,,
2021-04-10,7.914660905059734,7.782693670283967,8.046628139835502,-2.3855111866968755,-2.5827069344819127,-2.188315438911838,12.293707523285963,NA,NA,,
2021-04-11,8.058199710598418,7.942852302171639,8.173547119025196,-3.112898759931995,-3.2856591594095232,-2.940138360454467,12.300957322077837,NA,NA,,
2021-04-12,8.219156836030935,8.094096269082993,8.344217402978877,-3.4238311176449785,-3.6109331823685955,-3.2367290529213615,12.293707523285963,NA,NA,,
2021-04-13,7.7184219886013015,7.518654324436314,7.918189652766289,-2.9775053845866553,-3.2738707388033665,-2.681140030369944,12.301506328422438,NA,NA,,
2021-04-14,8.124906808921159,7.9944109354299595,8.255402682412358,-2.9852788379716824,-3.179730731546174,-2.7908269443971907,12.346576223430205,NA,NA,,
2021-04-15,8.602571718047967,8.45158126874229,8.753562167353644,-3.261165197951352,-3.4863780931256168,-3.035952302777087,12.369736059393809,NA,NA,,
2021-04-16,8.965199132423297,8.783372993473584,9.14702527137301,-3.512913468469897,-3.7840534314444136,-3.24177350549538,12.392777665768554,NA,NA,,
2021-04-17,9.162814445950426,8.979965832361966,9.345663059538886,-3.4611520061685077,-3.7334834333780287,-3.1888205789589867,12.377115492801488,NA,NA,,
2021-04-18,9.717907446068079,9.560168879566213,9.875646012569945,-4.205128738308082,-4.440553662751053,-3.969703813865112,12.361106378340805,NA,NA,,
2021-04-19,9.223197314435794,9.0562171126111,9.390177516260488,-3.770716624944252,-4.019354087652528,-3.5220791622359764,12.300358332012152,NA,NA,,
2021-04-20,6.764007520868496,6.579011883408652,6.94900315832834,-2.789025828267731,-3.0613230509847202,-2.5167286055507416,12.235701886358715,NA,NA,,
2021-04-21,8.55501828186494,8.412501448648765,8.697535115081116,-4.157572962291728,-4.369250772263775,-3.945895152319681,12.195422048451405,NA,NA,,
2021-04-22,8.620628819702233,8.440704441328236,8.80055319807623,-4.278253981436835,-4.544527426963684,-4.011980535909986,12.208873689776881,NA,NA,,
2021-04-23,8.708116408348118,8.578638406768748,8.837594409927489,-4.4738009873159825,-4.665023029473829,-4.282578945158136,12.2291745723702,NA,NA,,
2021-04-24,6.274454168416504,6.086493623870913,6.4624147129620955,-3.772990396658941,-4.049351199453376,-3.4966295938645056,12.2291745723702,NA,NA,,
2021-04-25,5.093596272318466,4.823494055107164,5.363698489529768,-2.3917565014324302,-2.7876547184035556,-1.995858284461305,12.229393558253532,NA,NA,,
2021-04-26,6.6327474366167305,6.509847886269562,6.755646986963899,-2.4968716323848215,-2.6769940564691392,-2.3167492083005037,12.25103970791027,NA,NA,,
2021-04-27,8.421272961846986,8.274040769146596,8.568505154547376,-3.296943917604176,-3.5142724111588897,-3.079615424049462,12.331557588907648,NA,NA,,
2021-04-28,9.180669788975417,8.999804283923146,9.361535294027687,-3.963167417515098,-4.230378193304488,-3.695956641725708,12.3772773536262,NA,NA,,
2021-04-29,9.620619470308586,9.44901644399848,9.792222496618693,-4.732040141537918,-4.985284515312852,-4.478795767762984,12.376875369815782,NA,NA,,
2021-04-30,9.034827561032369,8.902163363268807,9.167491758795931,-4.734192501130678,-4.929745796164828,-4.538639206096527,12.337691578790968,NA,NA,,
2021-05-01,7.61484851774684,7.290119690625788,7.939577344867892,-4.910200098396823,-5.38664731088269,-4.433752885910955,12.2431353204535,NA,NA,,
2021-05-02,8.742168793325966,8.576678660333014,8.907658926318918,-4.8873264008699815,-5.129736461047124,-4.644916340692839,12.243208881877631,NA,NA,,
2021-05-03,8.649867846115196,8.55490150552185,8.744834186708543,-4.8504124172226675,-4.9900191152335545,-4.7108057192117805,12.25064964613465,NA,NA,,
2021-05-04,9.277786576209229,9.126242776599039,9.429330375819418,-5.952929718747729,-6.175479170690017,-5.730380266805441,12.293785105370732,NA,NA,,
2021-05-05,9.617602967787414,9.459754049412073,9.775451886162756,-6.856329579327631,-7.088376867251728,-6.624282291403533,12.308327620130969,NA,NA,,
2021-05-06,8.901094951990862,8.668493213733024,9.1336966902487,-5.425547199222725,-5.764690343568576,-5.0864040548768745,12.2936303977669,NA,NA,,
2021-05-07,8.69640128431879,8.511296721088835,8.881505847548747,-4.187052144413213,-4.456962262486049,-3.917142026340378,12.29409973641335,NA,NA,,
2021-05-08,8.771178119695374,8.658200859010647,8.884155380380102,-4.353217409340747,-4.518253656671445,-4.188181162010049,12.339416409171724,NA,NA,,
2021-05-09,9.594981633480975,9.400731004576905,9.789232262385045,-5.425817306104149,-5.709571468520827,-5.14206314368747,12.40930217768875,NA,NA,,
2021-05-10,10.320097475067618,10.138607594588294,10.501587355546942,-6.1857086682229365,-6.451536079100413,-5.91988125734546,12.46520758644593,NA,NA,,
2021-05-11,11.05864187461924,10.842645439333506,11.274638309904976,-7.316948614296386,-7.633507400693683,-7.000389827899089,12.5132919195034,NA,NA,,
2021-05-12,11.636555358119724,11.425563432402084,11.847547283837363,-7.670971791760593,-7.980107824944485,-7.361835758576701,12.504978540527578,NA,NA,,
2021-05-13,12.235689658840133,12.007562622674246,12.46381669500602,-8.09468481707612,-8.428192202692967,-7.761177431459273,12.48045041618013,NA,NA,,
2021-05-14,12.063291144603365,11.808040830519097,12.318541458687633,-8.346046507594744,-8.716932487708378,-7.975160527481109,12.44024740015111,NA,NA,,
2021-05-15,11.85025433723711,11.624669547829813,12.075839126644409,-8.043126550142912,-8.37132030429272,-7.714932795993103,12.408884483353756,NA,NA,,
2021-05-16,11.83764481461168,11.648971278543465,12.026318350679896,-7.785670049743985,-8.06043493223693,-7.510905167251038,12.425019580716192,NA,NA,,
2021-05-17,11.765239227689307,11.529474380411314,12.0010040749673,-7.193288072616994,-7.535030494195843,-6.851545651038145,12.46512274848753,NA,NA,,
2021-05-18,12.024653975551916,11.796015488591548,12.253292462512283,-6.991548162913922,-7.321805822844604,-6.66129050298324,12.505927685580163,NA,NA,,
2021-05-19,9.678244264696305,9.32936387463985,10.027124654752761,-6.073411122231438,-6.576994312222584,-5.569827932240293,12.57245557222851,NA,NA,,
2021-05-20,7.902103703350658,7.709936625890016,8.0942707808113,-3.314630025530679,-3.591697472753271,-3.037562578308087,12.617127244022395,NA,NA,,
2021-05-21,9.235971084787684,9.00714125430319,9.464800915272177,-4.141954749455406,-4.47282193876129,-3.8110875601495224,12.641751044148481,NA,NA,,
2021-05-22,10.424762185520516,10.244031190743277,10.605493180297755,-5.2561030473915356,-5.518290917515112,-4.993915177267959,12.671925119525737,NA,NA,,
2021-05-23,12.712079583974205,12.534758480244033,12.889400687704377,-6.705164353139421,-6.961846934764569,-6.448481771514272,12.68107237638554,NA,NA,,
2021-05-24,12.61910008092549,12.383466514338728,12.854733647512251,-7.45467208804743,-7.794767112830934,-7.114577063263926,12.671859152105467,NA,NA,,
2021-05-25,13.12452293238143,12.829019887525272,13.420025977237588,-7.144594519719965,-7.572716475318701,-6.71647256412123,12.666054878124708,NA,NA,,
2021-05-26,14.003609438204908,13.796062857921624,14.211156018488191,-7.792443096648605,-8.092710987049088,-7.492175206248121,12.65846693164493,NA,NA,,
2021-05-27,12.6897551989734,12.337151122489447,13.042359275457352,-6.429090728013544,-6.93778361407913,-5.920397841947958,12.62647302096642,NA,NA,,
2021-05-28,14.496076447965068,14.282550943236444,14.709601952693692,-8.933488480570677,-9.243075172181381,-8.623901788959973,12.595699270023871,NA,NA,,
2021-05-29,14.963059468002132,14.690548541777137,15.235570394227128,-9.93763844677797,-10.33213223912215,-9.543144654433792,12.534513024519017,NA,NA,,
2021-05-30,15.318891311994818,15.033219815603161,15.604562808386476,-10.418339923508698,-10.831952000924879,-10.004727846092518,12.508979418534828,NA,NA,,
2021-05-31,15.27332272351169,15.06744436433719,15.47920108268619,-11.22909681424309,-11.527280657268925,-10.930912971217253,12.452268793876877,NA,NA,,
2021-06-01,15.841947347595083,15.553825568915869,16.130069126274297,-12.4950702373789,-12.912007868712214,-12.078132606045587,12.416262253286334,NA,NA,,
2021-06-02,15.870916918243895,15.602216510765622,16.139617325722167,-13.17710288054666,-13.565001553690319,-12.789204207403,11.963217845097464,NA,NA,,
2021-06-03,15.431311591857545,15.089447333296663,15.773175850418427,-12.931252142596886,-13.422256304401662,-12.44024798079211,11.760947363697557,NA,NA,,
2021-06-04,15.00110912128987,14.65999230360088,15.34222593897886,-12.050806439225564,-12.53957276206152,-11.562040116389609,11.59300847349673,NA,NA,,
2021-06-05,14.09913700541754,13.749419646393621,14.448854364441457,-10.77959557525025,-11.277786228060508,-10.281404922439991,11.473418158931988,NA,NA,,
2021-06-06,13.062973767865378,12.797099729015082,13.328847806715673,-9.602823328799039,-9.980401397295553,-9.225245260302524,11.348870996623209,NA,NA,,
2021-06-07,10.759258795372421,10.442812738754753,11.07570485199009,-7.950881839729057,-8.399381315090327,-7.5023823643677865,11.22076952264976,NA,NA,,
2021-06-08,11.396772820578507,11.014053079694577,11.779492561462437,-6.531240760811606,-7.07421861381229,-5.988262907810922,11.156386541334639,NA,NA,,
2021-06-09,8.102141728052883,7.596812293270144,8.607471162835623,-6.032076742814589,-6.747404970345331,-5.316748515283848,11.222795674810692,NA,NA,,
2021-06-10,12.346088053089456,12.087488151282871,12.604687954896042,-6.901731411269707,-7.270228915562041,-6.533233906977373,11.348870996623209,NA,NA,,
2021-06-11,6.958599426916634,6.796700656760039,7.120498197073229,-5.715861626780311,-5.946664619492125,-5.485058634068496,11.225337773183973,NA,NA,,
2021-06-12,11.735939205675033,11.522685013761343,11.949193397588722,-8.320473294004833,-8.625951169577771,-8.014995418431894,11.589685416751788,NA,NA,,
2021-06-13,12.548598002883333,12.236096695344107,12.861099310422558,-9.516301121636467,-9.962929789942741,-9.069672453330192,11.153600675151546,NA,NA,,
2021-06-14,13.341260196278862,12.843803154095019,13.838717238462705,-8.881007496590804,-9.59037040299512,-8.171644590186489,10.954011294406,NA,NA,,
2021-06-15,13.659946344474946,13.148213096497855,14.171679592452037,-8.273061528128295,-9.000378266965916,-7.5457447892906755,10.951860501226513,NA,NA,,
2021-06-16,14.658346643287384,14.25451064101983,15.062182645554937,-9.90060355277796,-10.47720685995683,-9.324000245599091,10.746079241562356,NA,NA,,
2021-06-17,15.645214729472457,15.215007978595324,16.07542148034959,-11.480993429417609,-12.095574724970675,-10.866412133864543,10.605499140300894,NA,NA,,
2021-06-18,16.019931677939486,15.523513161944756,16.516350193934215,-12.361235682967624,-13.068586291266737,-11.653885074668512,10.389177783506604,NA,NA,,
2021-06-19,16.369364719311914,15.876393729799144,16.862335708824684,-13.118760309672993,-13.82232573201452,-12.415194887331467,10.314485588286368,NA,NA,,
2021-06-20,16.662580078901716,16.097504503817945,17.227655653985487,-13.66100758220624,-14.465099823639973,-12.856915340772508,10.237256917765668,NA,NA,,
2021-06-21,16.511888586531526,15.948734250270702,17.07504292279235,-13.184316849854998,-13.985014358192299,-12.383619341517697,10.008856606034472,NA,NA,,
2021-06-22,15.877975310464938,15.32674551273818,16.429205108191695,-13.940905868597817,-14.720516896701445,-13.161294840494188,10.085172564932627,NA,NA,,
2021-06-23,15.918304258637091,15.338856195325267,16.497752321948916,-13.228273018814805,-14.047482223312034,-12.409063814317577,10.007226230347102,NA,NA,,
2021-06-24,16.215398225732436,15.7131724415242,16.71762400994067,-13.252739622073111,-13.968841607769265,-12.536637636376957,9.928643964847167,NA,NA,,
2021-06-25,16.408256776844702,15.91389905447341,16.902614499215993,-13.963401682199962,-14.665934755216178,-13.260868609183746,9.8494933095866,NA,NA,,
2021-06-26,16.44373361129969,15.924344030679501,16.963123191919884,-14.399059568693518,-15.137734398342323,-13.660384739044714,9.769603814929141,NA,NA,,
2021-06-27,16.278960008026072,15.801609567672418,16.756310448379725,-15.511292292917627,-16.191784086322897,-14.830800499512359,9.68881967449862,NA,NA,,
2021-06-28,16.186553817033385,15.599670262681446,16.773437371385324,-15.34840541717305,-16.178585008386634,-14.518225825959465,9.60628157760097,NA,NA,,
2021-06-29,15.600563558539065,14.997422844500452,16.203704272577678,-14.469958751624652,-15.323373667419887,-13.616543835829418,9.445492276188858,NA,NA,,
2021-06-30,15.904108094827583,15.35322461033124,16.454991579323924,-15.183156106308804,-15.967404954047229,-14.398907258570379,9.767893437692704,NA,NA,,
2021-07-01,15.863376250098302,15.346718756749326,16.380033743447278,-15.459010675038215,-16.194157593698673,-14.723863756377757,9.51640248338041,NA,NA,,
2021-07-02,15.665040868610562,15.135953735316809,16.194128001904318,-15.495623264731353,-16.244668122134154,-14.746578407328554,8.652689813455384,NA,NA,,
2021-07-03,15.049049221460727,14.458186006768143,15.639912436153312,-15.114638149420571,-15.946248871566562,-14.28302742727458,8.47120771014844,NA,NA,,
2021-07-04,14.518483540797007,13.88259395295663,15.154373128637385,-14.37105092605728,-15.264390660619926,-13.477711191494633,8.47120771014844,NA,NA,,
2021-07-05,14.34579989070452,13.779548621088074,14.912051160320965,-13.685022673792636,-14.483870989395461,-12.88617435818981,8.470240457676898,NA,NA,,
2021-07-06,13.735121871986077,13.163097109230144,14.307146634742011,-13.050378362858343,-13.853215645659718,-12.247541080056967,8.377376020328905,NA,NA,,
2021-07-07,13.006137303786996,12.480986389518414,13.531288218055579,-13.362667298365805,-14.102227262225849,-12.623107334505761,8.28470802794076,NA,NA,,
2021-07-08,12.848562470217388,12.277921767095892,13.419203173338884,-12.876953108077771,-13.680531499966573,-12.073374716188969,8.285683480492214,NA,NA,,
2021-07-09,12.563943472623782,12.021507128603199,13.106379816644365,-12.651238807548625,-13.415550457613204,-11.886927157484045,8.37835147288036,NA,NA,,
2021-07-10,12.701780308635819,12.179611793556585,13.223948823715052,-13.114295645538093,-13.852156904704326,-12.376434386371859,8.37835147288036,NA,NA,,
2021-07-11,12.602698806105352,12.175620542321692,13.029777069889011,-13.533837117109497,-14.137980597005098,-12.929693637213896,8.377278019899562,NA,NA,,
2021-07-12,12.178686812745388,11.718091581982499,12.639282043508278,-12.9986629662533,-13.647988744820696,-12.349337187685906,8.275397987153204,NA,NA,,
2021-07-13,11.878351501518315,11.529740907023552,12.226962096013079,-12.707971120714227,-13.200690078618553,-12.2152521628099,8.284118775316005,NA,NA,,
2021-07-14,12.190899008217293,11.807663453797003,12.574134562637584,-12.726504465275594,-13.267942364248883,-12.185066566302305,8.22813977596431,NA,NA,,
2021-07-15,12.141575811208986,11.752720223151952,12.53043139926602,-12.728416707537814,-13.277560583756939,-12.17927283131869,8.228238193437575,NA,NA,,
2021-07-16,12.33199955636627,11.878336300676386,12.785662812056154,-12.837482874455544,-13.477513749253326,-12.197451999657762,8.237489435924395,NA,NA,,
2021-07-17,12.56642415018853,12.182182107566298,12.950666192810761,-12.372202799132682,-12.915694423536532,-11.82871117472883,8.2276464304263,NA,NA,,
2021-07-18,12.848707292995917,12.472750088289729,13.224664497702104,-12.707158273585144,-13.239947439625126,-12.17436910754516,8.179885263909314,NA,NA,,
2021-07-19,12.983675640306162,12.564724649088657,13.402626631523667,-12.721199433360972,-13.313899115804706,-12.12849975091724,8.094718614595786,NA,NA,,
2021-07-20,12.800618349377626,12.384674160713827,13.216562538041424,-12.092975276414233,-12.679528544182071,-11.506422008646394,8.066981293376013,NA,NA,,
2021-07-21,12.919076929908403,12.546124382592936,13.29202947722387,-12.2331574991077,-12.761003924598246,-11.705311073617153,8.13271759926033,NA,NA,,
2021-07-22,13.094671691911428,12.688637919514578,13.500705464308277,-11.590168461576953,-12.165178719238554,-11.015158203915352,8.086243277508412,NA,NA,,
2021-07-23,12.932912143445366,12.595309622430335,13.270514664460396,-11.848508781145608,-12.328535118097044,-11.368482444194171,8.16108216245643,NA,NA,,
2021-07-24,12.75623980697143,12.522739046520623,12.989740567422235,-12.090400953533953,-12.422051063123243,-11.758750843944663,8.096306110069149,NA,NA,,
2021-07-25,11.569552674182345,11.195111045394295,11.943994302970395,-12.383050974400552,-12.91627898950468,-11.849822959296425,8.218189894264263,NA,NA,,
2021-07-26,11.81919415674438,11.540183852739252,12.098204460749509,-11.859430972198588,-12.256317051955296,-11.46254489244188,8.170587321002182,NA,NA,,
2021-07-27,3.3024642485057307,2.65015993048567,3.9547685665257917,-6.399195425059572,-7.328501926266269,-5.469888923852875,8.105768072165544,NA,NA,,
2021-07-28,10.886294145358839,10.644751065046535,11.127837225671144,-8.871020611231982,-9.21479077979171,-8.527250442672255,8.21927341349777,NA,NA,,
2021-07-29,11.397112900133125,11.138538721276957,11.655687078989294,-11.409818327154177,-11.780315659336557,-11.039320994971797,8.27431538899044,NA,NA,,
2021-07-30,8.517417930387127,7.595640236376646,9.439195624397609,-9.60823207774404,-10.914716689101098,-8.301747466386981,8.181665118427299,NA,NA,,
2021-07-31,11.623882236419881,11.256891586857888,11.990872885981874,-10.428058653038923,-10.953090171431441,-9.903027134646404,8.264898523446536,NA,NA,,
2021-08-01,10.349210691187242,9.932322061807273,10.76609932056721,-9.42857600439169,-10.023643373642987,-8.833508635140394,8.171578652090012,NA,NA,,
2021-08-02,9.890317285622752,9.344065946384172,10.436568624861332,-8.04320113001868,-8.824080892661506,-7.262321367375855,8.19875594037328,NA,NA,,
2021-08-03,9.56273401188004,9.291589429826077,9.833878593934005,-7.448452358254948,-7.8365203365957194,-7.0603843799141766,8.104380202577415,NA,NA,,
2021-08-04,9.481581587798019,9.029963909374063,9.933199266221974,-7.71850119984525,-8.36324416918493,-7.073758230505569,8.085746978546391,NA,NA,,
2021-08-05,11.088962627341706,10.931126557641859,11.246798697041553,-7.689689899552576,-7.915490908189868,-7.463888890915284,8.11433164905151,NA,NA,,
2021-08-06,12.14909912495741,11.853481423956936,12.444716825957883,-9.931691708188527,-10.356153958892008,-9.507229457485046,8.132617829051016,NA,NA,,
2021-08-07,13.168409173630854,12.913618849563834,13.423199497697874,-10.729088839949394,-11.095127280166452,-10.363050399732337,8.076368238087657,NA,NA,,
2021-08-08,13.015542838911191,12.65635247102238,13.374733206800002,-11.322124172322841,-11.83584485039075,-10.808403494254932,8.122780164882233,NA,NA,,
2021-08-09,11.430093042268146,11.147173833759032,11.71301225077726,-10.1334328985381,-10.54156589170946,-9.72529990536674,8.037175473237445,NA,NA,,
2021-08-10,12.294736335664012,11.992087457261297,12.597385214066728,-10.68224087806982,-11.118299000532947,-10.246182755606693,8.009195277302375,NA,NA,,
2021-08-11,12.034457309115124,11.792232021769,12.27668259646125,-10.20741206075687,-10.55656767950901,-9.858256442004729,8.066184153401784,NA,NA,,
2021-08-12,11.243234211183271,11.07064934874546,11.415819073621082,-9.457175832721832,-9.706435540150611,-9.207916125293053,8.057982326965487,NA,NA,,
2021-08-13,11.050682460569156,10.619829006589667,11.481535914548646,-9.477405940851078,-10.100129646377564,-8.854682235324592,8.180679682815304,NA,NA,,
2021-08-14,11.960803440429652,11.637401415112214,12.28420546574709,-9.791706838373099,-10.260170899941736,-9.323242776804461,8.17128214030716,NA,NA,,
2021-08-15,12.385058656945178,12.191591241746774,12.578526072143582,-10.03240439261347,-10.313251779670857,-9.751557005556084,8.170487721401168,NA,NA,,
2021-08-16,13.580238707130892,13.251735795380776,13.908741618881008,-10.825385739106808,-11.299212226836897,-10.35155925137672,8.09331160048731,NA,NA,,
2021-08-17,13.184398910612124,12.842668655646376,13.526129165577872,-9.349350975830848,-9.838938113470606,-8.85976383819109,7.930907026516511,NA,NA,,
2021-08-18,13.080492841609775,12.834775211646393,13.326210471573157,-8.672157491538739,-9.026865623035064,-8.317449360042414,7.903264386553731,NA,NA,,
2021-08-19,13.550204594388855,13.217194614725548,13.883214574052163,-9.669911889420192,-10.151944339139881,-9.187879439700502,8.018330219017503,NA,NA,,
2021-08-20,14.240035747690705,13.88872127982538,14.59135021555603,-10.404890706448809,-10.912882828685419,-9.896898584212199,8.026951588214036,NA,NA,,
2021-08-21,14.188470891796085,13.829617533274149,14.54732425031802,-10.399058456346838,-10.917493370558569,-9.880623542135107,7.940710629726932,NA,NA,,
2021-08-22,13.233221847935042,13.015652324811882,13.450791371058202,-9.283713206794966,-9.59841967868838,-8.969006734901551,7.9238048989302765,NA,NA,,
2021-08-23,12.17848594020122,11.959882188880927,12.397089691521513,-9.026161639660055,-9.343840748423405,-8.708482530896704,8.141947643364388,NA,NA,,
2021-08-24,12.284873272860409,12.115839563534124,12.453906982186695,-8.734877169250968,-8.980323452335162,-8.489430886166774,8.064978144124774,NA,NA,,
2021-08-25,11.487852614328094,11.251852917863973,11.723852310792216,-7.653453778746983,-7.996023541781869,-7.310884015712097,7.941316229555984,NA,NA,,
2021-08-26,13.309861380831537,12.906187257074679,13.713535504588394,-9.369248097355115,-9.956232795953277,-8.782263398756953,7.979939489363236,NA,NA,,
2021-08-27,14.136632271357616,13.761321579503779,14.511942963211453,-10.703620149492705,-11.250415008700967,-10.156825290284443,8.00799030337226,NA,NA,,
2021-08-28,13.664021873234113,13.279218379511933,14.048825366956292,-10.605572402699133,-11.167793061117544,-10.043351744280722,7.950808290041485,NA,NA,,
2021-08-29,13.53708426532251,13.286032006050597,13.788136524594425,-10.337938606891434,-10.704762304259233,-9.971114909523635,7.970270983995979,NA,NA,,
2021-08-30,13.450467432752296,13.132543992981011,13.76839087252358,-10.011948246957923,-10.475000315794283,-9.548896178121563,7.998042462048007,NA,NA,,
2021-08-31,13.078285198164773,12.782442571873784,13.374127824455762,-9.935476404841186,-10.366400150572623,-9.504552659109748,7.912185868814319,NA,NA,,
2021-09-01,12.270412646063592,12.045756575196894,12.495068716930291,-8.669702006668837,-8.997301555305173,-8.342102458032501,7.9550622731481555,NA,NA,,
2021-09-02,12.708805707571743,12.486265604222554,12.931345810920932,-8.485146461499324,-8.811580635540373,-8.158712287458275,8.381229063281449,NA,NA,,
2021-09-03,11.893364456488673,11.646476690817547,12.140252222159798,-8.592523923638504,-8.957026400536726,-8.228021446740282,8.653648974153564,NA,NA,,
2021-09-04,10.640934345048839,10.472909375257949,10.80895931483973,-7.8923381797902445,-8.14026799737732,-7.64440836220317,8.564238314405076,NA,NA,,
2021-09-05,9.09505382563396,8.897955663235223,9.292151988032696,-7.056939772491204,-7.348650124863762,-6.765229420118646,8.653648974153564,NA,NA,,
2021-09-06,9.738487939066081,9.521635242497005,9.955340635635157,-7.403342890981781,-7.724395114428141,-7.082290667535421,8.56328713717371,NA,NA,,
2021-09-07,7.105341562828224,6.813890668126055,7.396792457530394,-6.497723119756456,-6.930151038764084,-6.065295200748828,8.564238314405076,NA,NA,,
2021-09-08,9.678923020052526,9.555296428569598,9.802549611535454,-6.835352467303307,-7.018959398215644,-6.651745536390969,8.652689813455384,NA,NA,,
2021-09-09,7.735959717395477,7.344317487546055,8.127601947244898,-6.72920041039518,-7.310892755194979,-6.14750806559538,8.47406135014909,NA,NA,,
2021-09-10,9.440412935782982,9.237827095576439,9.642998775989525,-7.4560625302591905,-7.757481474692844,-7.154643585825537,8.74515715021082,NA,NA,,
2021-09-11,10.415460473200554,10.224426453346043,10.606494493055065,-8.22108951854877,-8.506331039390389,-7.9358479977071505,8.74609268542821,NA,NA,,
2021-09-12,10.816707710270979,10.54552810670789,11.087887313834068,-8.859580647647427,-9.263835476251156,-8.455325819043697,8.83403299586274,NA,NA,,
2021-09-13,10.283714783232842,10.074458845340924,10.49297072112476,-7.681931862944436,-7.993941574923806,-7.369922150965067,8.744213848139717,NA,NA,,
2021-09-14,10.258008984406171,10.059196642332411,10.45682132647993,-7.3866527647009805,-7.683375966386722,-7.0899295630152395,8.655543453456033,NA,NA,,
2021-09-15,10.173652783357959,9.921978087268291,10.425327479447626,-7.591104540150509,-7.967159442006049,-7.2150496382949685,8.74609268542821,NA,NA,,
2021-09-16,10.311210045912265,10.146431183714082,10.475988908110448,-7.455445732118582,-7.702242195897347,-7.2086492683398165,8.83403299586274,NA,NA,,
2021-09-17,9.128596205689934,9.033758015398826,9.223434395981043,-6.403177182791951,-6.545050749571685,-6.261303616012216,8.749757191771094,NA,NA,,
2021-09-18,7.134382213130259,6.7668957761364945,7.501868650124023,-6.259512139475306,-6.811960220469116,-5.707064058481496,9.190289399860362,NA,NA,,
2021-09-19,8.990336356184141,8.709456895969328,9.271215816398954,-5.568308858213276,-5.990526331184455,-5.146091385242096,9.52372761162039,NA,NA,,
2021-09-20,9.227997957976603,8.959752437352499,9.496243478600707,-6.131445774702027,-6.536866001450019,-5.726025547954036,9.35781246242305,NA,NA,,
2021-09-21,9.765269131143222,9.568218642721474,9.96231961956497,-6.6782252970385665,-6.977101768043975,-6.379348826033158,9.355126790960052,NA,NA,,
2021-09-22,10.001934382258312,9.758935748954979,10.244933015561646,-6.830530192633228,-7.197793533588715,-6.463266851677741,9.100891888829535,NA,NA,,
2021-09-23,10.008819403700075,9.696326034074298,10.321312773325852,-7.246676069497996,-7.719700275997491,-6.7736518629985,9.185857253142654,NA,NA,,
2021-09-24,10.363336701789297,10.160509146193382,10.566164257385212,-7.4236619351006246,-7.731409696633157,-7.115914173568092,9.09998800197514,NA,NA,,
2021-09-25,10.349047226206663,10.112661878244419,10.585432574168907,-7.473293473596853,-7.831501177881053,-7.115085769312653,9.09998800197514,NA,NA,,
2021-09-26,9.963043996430615,9.644059274226567,10.282028718634663,-7.402548459813716,-7.885786444883663,-6.91931047474377,9.100891888829535,NA,NA,,
2021-09-27,5.441193169208082,5.250591084666195,5.63179525374997,-5.238190750025758,-5.526893580711144,-4.949487919340372,9.189420625193769,NA,NA,,
2021-09-28,8.724790621374044,8.573546136464952,8.876035106283137,-4.946433831644909,-5.176478538281405,-4.716389125008414,9.441194018293965,NA,NA,,
2021-09-29,8.685859611181815,8.395798463105146,8.975920759258484,-5.528686565476685,-5.970400663315697,-5.086972467637672,9.35781246242305,NA,NA,,
2021-09-30,9.125796620947222,8.89818849869731,9.353404743197133,-5.9700514534671365,-6.3178724512135105,-5.6222304557207625,9.35781246242305,NA,NA,,
2021-10-01,9.290928579900706,8.99401603657687,9.587841123224543,-6.392585165338435,-6.8468234330535545,-5.938346897623315,9.35955893767776,NA,NA,,
2021-10-02,9.52527604742782,9.235627957024896,9.814924137830744,-6.70067770007531,-7.1450901380568865,-6.256265262093734,9.5254740868751,NA,NA,,
2021-10-03,9.492670932602104,9.181513496783692,9.803828368420517,-6.963693638252328,-7.441499742389667,-6.485887534114988,9.5254740868751,NA,NA,,
2021-10-04,9.510594810127627,9.212384812312196,9.808804807943057,-6.919440340229126,-7.377064604331487,-6.461816076126764,9.524605312208505,NA,NA,,
2021-10-05,9.257941861102575,9.049667553533354,9.466216168671796,-6.205097859360588,-6.524796165459603,-5.885399553261574,9.442940493548674,NA,NA,,
2021-10-06,8.815783147213752,8.508384239034061,9.123182055393443,-5.8761553212972855,-6.347591217622798,-5.4047194249717725,9.5254740868751,NA,NA,,
2021-10-07,8.737087377417934,8.504510678249723,8.969664076586145,-5.6834785133154435,-6.040795676402027,-5.32616135022886,9.526333837037125,NA,NA,,
2021-10-08,8.781595202525208,8.531976582276588,9.031213822773829,-5.16331713480308,-5.5470199233271265,-4.7796143462790335,9.60801010242959,NA,NA,,
2021-10-09,8.518066678921825,8.212386972106485,8.823746385737165,-4.9443379375516345,-5.414791794540419,-4.47388408056285,9.607150352267565,NA,NA,,
2021-10-10,8.449545576312211,8.110832136796766,8.788259015827656,-4.751565316893929,-5.271457248846936,-4.2316733849409225,9.524605312208505,NA,NA,,
2021-10-11,7.880051018657539,7.591707898758034,8.168394138557044,-3.9953540694764267,-4.43524729187656,-3.5554608470762936,9.442940493548674,NA,NA,,
2021-10-12,8.078642439752446,7.894630359375828,8.262654520129065,-4.189386177051461,-4.473156850194452,-3.905615503908471,9.526333837037125,NA,NA,,
2021-10-13,8.32104707854197,7.965686624696175,8.676407532387763,-4.494509470100973,-5.041949816073568,-3.9470691241283786,9.608860729504,NA,NA,,
2021-10-14,7.896492034092728,7.583212596268373,8.209771471917083,-3.9472568291099304,-4.430613998257866,-3.463899659961995,9.68967030157303,NA,NA,,
2021-10-15,7.925172307399043,7.626103481953634,8.224241132844451,-4.388061145064862,-4.851087360966494,-3.9250349291632305,9.68967030157303,NA,NA,,
2021-10-16,8.177398429347496,7.87173596768308,8.483060891011913,-5.264690867539864,-5.738755139818569,-4.790626595261158,9.68881967449862,NA,NA,,
2021-10-17,6.731659516217855,6.368005901280137,7.095313131155573,-5.013707379271222,-5.574964916421893,-4.452449842120551,9.608860729504,NA,NA,,
2021-10-18,7.760596558236746,7.472051465718627,8.049141650754866,-4.536994450876029,-4.983276045000978,-4.09071285675108,9.690511706976778,NA,NA,,
2021-10-19,7.503297463107399,7.334755261796303,7.671839664418496,-4.790191260675658,-5.052271533287506,-4.52811098806381,9.77292021526829,NA,NA,,
2021-10-20,6.016553228402129,5.831170308612018,6.201936148192241,-3.8802173557483304,-4.1700097725261696,-3.5904249389704908,10.0080447341313,NA,NA,,
2021-10-21,6.175714107609119,5.904486899083655,6.446941316134583,-4.70965638600109,-5.13481261898351,-4.284500153018669,10.017898552467495,NA,NA,,
2021-10-22,6.544274059139767,6.44788366132105,6.640664456958483,-5.327016743711065,-5.479682426103048,-5.174351061319081,10.951860501226513,NA,NA,,
2021-10-23,4.648321436935978,4.552986782578295,4.743656091293661,-5.057334444661584,-5.208302339615681,-4.906366549707487,10.754467489722584,NA,NA,,
2021-10-24,2.723000063576193,2.617873871603915,2.828126255548471,-4.446276024310792,-4.613020693638752,-4.279531354982831,11.42609287712756,NA,NA,,
2021-10-25,2.3167462639474743,2.154459980073376,2.4790325478215727,-2.917316067599609,-3.176328404884793,-2.658303730314425,12.66322856949808,NA,NA,,
2021-10-26,2.6998069285102995,2.5747911457454498,2.824822711275149,-2.6075735982141155,-2.8094170156191907,-2.4057301808090403,12.384542455379947,NA,NA,,
2021-10-27,4.226375402323922,4.144986845316217,4.307763959331626,-2.1004435457324115,-2.231701842877494,-1.969185248587329,12.10643955401511,NA,NA,,
2021-10-28,4.918967289995335,4.765846484915273,5.072088095075396,-2.9139299149124436,-3.1600934259354663,-2.667766403889421,12.146517013376315,NA,NA,,
2021-10-29,5.306475252103086,5.200058806933312,5.41289169727286,-4.069586531692215,-4.241098273016563,-3.898074790367866,11.7603316924367,NA,NA,,
2021-10-30,4.5892328866778245,4.468085968177492,4.710379805178157,-4.044868486696396,-4.239919363028657,-3.8498176103641346,11.536950991948126,NA,NA,,
2021-10-31,5.133705832715382,4.991243104313931,5.276168561116833,-4.203697177424189,-4.43291851770665,-3.974475837141728,11.70568744563586,NA,NA,,
2021-11-01,3.0632073385597325,2.9505618386195813,3.1758528384998836,-3.0675574668452787,-3.2495277690202915,-2.885587164670266,11.476561153729703,NA,NA,,
2021-11-02,4.595424321190986,4.5095450474052825,4.68130359497669,-2.8759698300259133,-3.014453642077397,-2.7374860179744296,11.651338827607068,NA,NA,,
2021-11-03,5.176670998164787,5.062172508320613,5.291169488008961,-3.693064911252281,-3.8777277213045442,-3.5084021012000175,11.59958409948142,NA,NA,,
2021-11-04,4.768679098193706,4.631369621362184,4.905988575025228,-2.7859707867883348,-3.0078827287292276,-2.564058844847442,12.111733754013283,NA,NA,,
2021-11-05,2.8871813093552956,2.8298700961610135,2.9444925225495777,-2.0940346786523527,-2.186895888243316,-2.0011734690613894,12.65846693164493,NA,NA,,
2021-11-06,3.3989858032439395,3.3160042110499126,3.4819673954379664,-1.2533189793498882,-1.3880037677010675,-1.118634190998709,12.625831718671991,NA,NA,,
2021-11-07,4.014822193940665,3.9147486683152457,4.114895719566084,-1.3234018961525518,-1.4847951952169245,-1.162008597088179,12.532872546833563,NA,NA,,
2021-11-08,3.752600892009892,3.53589499836626,3.9693067856535236,-2.024810639498722,-2.3760690620962213,-1.6735522169012227,12.354799968271875,NA,NA,,
2021-11-09,3.0713277852258685,2.875955773749948,3.266699796701789,-3.9289919021108815,-4.248019362120659,-3.609964442101104,12.613190799041435,NA,NA,,
2021-11-10,3.257127529887239,3.1543582742582554,3.3598967855162227,-4.22101386360107,-4.389337954631405,-4.0526897725707345,12.676292469410189,NA,NA,,
2021-11-11,4.404504463345489,4.305958412298298,4.5030505143926804,-4.106834017514057,-4.268497391215602,-3.9451706438125123,12.681022788884166,NA,NA,,
2021-11-12,3.5616207520280962,3.3980745728774058,3.7251669311787867,-3.6959486453870296,-3.964713376900341,-3.4271839138737183,12.667304979908934,NA,NA,,
2021-11-13,3.7998242862208294,3.6805681314760497,3.919080440965609,-4.138866248491469,-4.334370503090278,-3.943361993892661,12.68107237638554,NA,NA,,
2021-11-14,3.3615384772900563,3.2238002901948435,3.499276664385269,-4.095170113079161,-4.321289645290444,-3.8690505808678766,12.671689562909433,NA,NA,,
2021-11-15,3.6261342176919893,3.498270526868902,3.7539979085150765,-4.6498561881284814,-4.859771004079129,-4.439941372177834,12.649739796559409,NA,NA,,
2021-11-16,3.6942630833660863,3.5895331845444804,3.798992982187692,-3.967266549546559,-4.13809094387832,-3.7964421552147973,12.636215185958218,NA,NA,,
2021-11-17,4.2990653939403565,4.235458701211356,4.362672086669357,-3.917307187824165,-4.020827781637112,-3.8137865940112183,12.347549185544313,NA,NA,,
2021-11-18,3.9358449735391687,3.8310945918017594,4.040595355276578,-4.38305870921604,-4.554070630850545,-4.212046787581534,11.914850407566544,NA,NA,,
2021-11-19,3.949248688090078,3.8838181483076224,4.014679227872534,-3.7544869485809,-3.8609374431166907,-3.6480364540451093,11.762133458141127,NA,NA,,
2021-11-20,3.609580809924438,3.4873192789470826,3.7318423409017933,-2.8770254909321142,-3.074966608786014,-2.6790843730782146,11.706316968164273,NA,NA,,
2021-11-21,3.6528032016492764,3.502081623136225,3.803524780162328,-2.8467177879210652,-3.090282544269805,-2.6031530315723255,11.533877253488189,NA,NA,,
2021-11-22,3.5793208092569655,3.4192896344193424,3.7393519840945886,-3.639179214349664,-3.8977077183066053,-3.380650710392723,11.4130398417146,NA,NA,,
2021-11-23,3.4604771355235746,3.3393415018424517,3.5816127692046975,-3.3441251883639938,-3.539886735816964,-3.1483636409110236,11.411719852439829,NA,NA,,
2021-11-24,3.675625292577784,3.6119448106105585,3.7393057745450093,-2.552722036939105,-2.6555569981976683,-2.4498870756805413,11.284960254093427,NA,NA,,
2021-11-25,3.976713659775023,3.858678065551184,4.094749253998861,-2.5640880071014522,-2.755022218641981,-2.3731537955609237,11.156386541334639,NA,NA,,
2021-11-26,4.389349737741606,4.307418293723852,4.47128118175936,-3.060016826637212,-3.1933754609156666,-2.9266581923587576,11.22076952264976,NA,NA,,
2021-11-27,4.288032115933431,4.156344379802205,4.419719852064658,-3.4121081522767738,-3.6264780891451776,-3.19773821540837,11.155008380814023,NA,NA,,
2021-11-28,3.7297129034019654,3.606032625343812,3.8533931814601186,-3.123424165928912,-3.3244768957391435,-2.9223714361186803,11.08845041653086,NA,NA,,
2021-11-29,4.06297019505167,3.9843882947653206,4.141552095338019,-3.025476711051344,-3.1530802361132633,-2.8978731859894244,11.0218913766015,NA,NA,,
2021-11-30,3.565258364045403,3.423089760715794,3.7074269673750124,-2.633214659155316,-2.863734198638221,-2.4026951196724107,11.021184292411963,NA,NA,,
2021-12-01,3.7334543920973804,3.5808630448860392,3.8860457393087215,-2.9945499375747855,-3.2419331709202193,-2.7471667042293517,10.950404593613568,NA,NA,,
2021-12-02,3.4152331589048197,3.2660612896918018,3.5644050281178377,-3.0692849221850795,-3.310184614261963,-2.828385230108196,10.6077680183326,NA,NA,,
2021-12-03,3.468080482240625,3.338681595090666,3.5974793693905838,-3.196431269302155,-3.405440660873455,-2.9874218777308545,10.6077680183326,NA,NA,,
2021-12-04,3.3706912173937003,3.316102744120971,3.4252796906664296,-2.5899212515207397,-2.6782726444109257,-2.5015698586305537,10.607023291267572,NA,NA,,
2021-12-05,3.4929359037540233,3.39112335174147,3.5947484557665765,-2.531134765596303,-2.695523376916012,-2.366746154276594,10.53627422009,NA,NA,,
2021-12-06,2.52537076064775,2.4723430470072354,2.578398474288264,-2.989419444495288,-3.0752974207945867,-2.9035414681959892,10.538474854767973,NA,NA,,
2021-12-07,3.2760419172806357,3.115403739127201,3.4366800954340704,-3.343169958134066,-3.6039389419755286,-3.0824009742926033,10.746079241562356,NA,NA,,
2021-12-08,3.918585638943302,3.871553278757657,3.965617999128947,-3.7793088434720117,-3.855688662080557,-3.7029290248634665,10.6077680183326,NA,NA,,
2021-12-09,3.47798608810661,3.4006394385714414,3.5553327376417787,-3.0252069273057756,-3.1501559117609155,-2.9002579428506357,10.608500193039182,NA,NA,,
2021-12-10,3.530938632281032,3.4703102099201666,3.591567054641897,-2.7410167394424914,-2.838908587232826,-2.643124891652157,10.67657988839299,NA,NA,,
2021-12-11,1.9222461639991135,1.7865561709356241,2.057936157062603,-3.855199176342884,-4.072792051311988,-3.6376063013737805,10.54341151413055,NA,NA,,
2021-12-12,2.506140925183567,2.4222364707262476,2.590045379640886,-4.380537658373965,-4.5174141442192655,-4.243661172528664,11.223450129167606,NA,NA,,
2021-12-13,0.6417687534057711,0.619900197976095,0.6636373088354472,-4.433037971263749,-4.468601192172453,-4.3974747503550455,11.412385387357688,NA,NA,,
2021-12-14,2.7483640181087257,2.679883059843567,2.8168449763738845,-3.4100092882981676,-3.5212220550601185,-3.2987965215362167,11.349546688533142,NA,NA,,
2021-12-15,0.9284786937717169,0.8605219788323455,0.9964354087110883,-3.8717897109365356,-3.982034154429213,-3.761545267443858,11.2863208713365,NA,NA,,
2021-12-16,3.0815775932524336,3.026548623903547,3.13660656260132,-2.4223047928576507,-2.511755409302003,-2.3328541764132984,11.28426701890595,NA,NA,,
2021-12-17,2.9972007445411375,2.9571133131182674,3.0372881759640076,-2.065371177335317,-2.130542911979844,-2.00019944269079,11.08845041653086,NA,NA,,
2021-12-18,3.25367023003926,3.190947170716142,3.316393289362378,-2.462522108299957,-2.5643425129586963,-2.3607017036412175,11.0218913766015,NA,NA,,
2021-12-19,2.9946139168525807,2.9395552210581095,3.049672612647052,-3.018026871769316,-3.107477812125191,-2.9285759314134414,11.022591998074441,NA,NA,,
2021-12-20,3.2280927957943595,3.1636486110416544,3.2925369805470646,-2.965000300230548,-3.06963784579686,-2.860362754664236,11.08845041653086,NA,NA,,
2021-12-21,2.1895007730740947,2.056876657208955,2.3221248889392343,-2.502582078879804,-2.7178706320417483,-2.2872935257178595,11.023970158595057,NA,NA,,
2021-12-22,2.329383647249895,2.1519110258002723,2.5068562686995177,-3.5998272711379617,-3.8886638478343722,-3.3109906944415513,11.236426801346376,NA,NA,,
2021-12-23,2.2004056968750834,2.165257032502885,2.235554361247282,-4.478416574982539,-4.536736864320989,-4.420096285644089,12.658876734110791,NA,NA,,
2021-12-24,1.0496955055698391,1.011299136353789,1.0880918747858892,-4.360838235391574,-4.424083999058368,-4.29759247172478,12.66572143889304,NA,NA,,
2021-12-25,2.579721630743959,2.5256393712198912,2.6338038902680267,-4.774985327453323,-4.863816873247078,-4.686153781659568,12.625283533302778,NA,NA,,
2021-12-26,0.9380094950819876,0.90600490437349,0.9700140857904852,-4.546426454766288,-4.599103639935724,-4.493749269596852,12.479582784236236,NA,NA,,
2021-12-27,2.671494762182745,2.571490337322645,2.7714991870428447,-4.071508469189399,-4.235195069176171,-3.9078218692026274,12.233891882528374,NA,NA,,
2021-12-28,3.0364763760770535,3.002430204382389,3.0705225477717177,-4.492568963249967,-4.548246566201635,-4.4368913602983,12.058166725253992,NA,NA,,
2021-12-29,2.5172957043405066,2.4504224264855177,2.5841689821954956,-3.834968918255298,-3.9440914044922195,-3.7258464320183764,11.865643263923328,NA,NA,,
2021-12-30,3.2477351060138746,3.2023042405850877,3.2931659714426615,-3.5329108938354232,-3.6070117612102792,-3.4588100264605672,11.759702169908287,NA,NA,,
2021-12-31,2.9976392984087887,2.9418141936305573,3.05346440318702,-2.9837475922610794,-3.074528163820792,-2.892967020701367,11.475344586044413,NA,NA,,
2022-01-01,2.5313787923164517,2.4354879931421465,2.627269591490757,-1.9804802810691204,-2.1356171457476103,-1.8253434163906306,11.533222799131275,NA,NA,,
2022-01-02,2.6958751214553582,2.550146634057227,2.8416036088534895,-2.8914229620972574,-3.126499122947551,-2.6563468012469635,11.35854914998851,NA,NA,,
2022-01-03,0.9275238288043298,0.8807417134722805,0.9743059441363792,-3.2107076793911706,-3.287508529890845,-3.1339068288914964,12.153578234662477,NA,NA,,
2022-01-04,1.4130400110997465,1.3622640363177163,1.4638159858817767,-2.257444295123537,-2.34110974516533,-2.173778845081744,12.440001307235498,NA,NA,,
2022-01-05,1.9085204619650975,1.8581237061816298,1.9589172177485652,-2.099895280351896,-2.182880394547142,-2.01691016615665,12.383988541280551,NA,NA,,
2022-01-06,2.301888687253551,2.2396597880736717,2.36411758643343,-3.1246997108278007,-3.2272295343808377,-3.0221698872747638,12.27664911100892,NA,NA,,
2022-01-07,1.4800601992280664,1.4091099225653974,1.5510104758907355,-2.5834571090032594,-2.699591043855344,-2.4673231741511747,12.057430890459795,NA,NA,,
2022-01-08,1.4375255221481869,1.3751144194484215,1.4999366248479522,-1.4575274220187189,-1.559274132506247,-1.3557807115311908,12.078355309162307,NA,NA,,
2022-01-09,1.552358973324522,1.4811271609957959,1.623590785653248,-1.2083821081595412,-1.324534673060963,-1.0922295432581193,12.210254566256921,NA,NA,,
2022-01-10,1.9811033158815492,1.8962512180660671,2.0659554136970315,-1.3811259616456288,-1.5201903245053332,-1.2420615987859245,12.362811233496469,NA,NA,,
2022-01-11,2.4428799024081753,2.3934351786428345,2.492324626173516,-1.6276753228840668,-1.7088614709360928,-1.5464891748320408,12.466194142279937,NA,NA,,
2022-01-12,2.7141087903134333,2.6046825784092364,2.82353500221763,-2.190730634257333,-2.369818472460359,-2.0116427960543075,12.608580578135832,NA,NA,,
2022-01-13,2.822290386837546,2.77420363333066,2.8703771403444325,-1.8104598674669863,-1.8892383164488142,-1.7316814184851583,12.655554336032,NA,NA,,
2022-01-14,2.669548800924503,2.5587880310938216,2.7803095707551844,-1.8842593532986533,-2.065647302265127,-1.70287140433218,12.655675218425115,NA,NA,,
2022-01-15,2.6756237712820687,2.578447067889139,2.7728004746749986,-2.092661770766546,-2.251349735084304,-1.933973806448788,12.6671590457709,NA,NA,,
2022-01-16,2.640592248394443,2.5323804761393625,2.7488040206495237,-2.6236992199879765,-2.800189563750168,-2.447208876225785,12.667304979908934,NA,NA,,
2022-01-17,2.7997116261668284,2.7234267968127592,2.8759964555208977,-2.8690806985105906,-2.9936995544434715,-2.7444618425777096,12.68111739403681,NA,NA,,
2022-01-18,2.7664830157964944,2.6861224592707624,2.8468435723222263,-2.5493686668111475,-2.6806844014097932,-2.4180529322125017,12.67619612277353,NA,NA,,
2022-01-19,3.146015881377031,3.0842763758963687,3.2077553868576936,-1.9922086463978215,-2.0929392008374155,-1.8914780919582275,12.671859152105467,NA,NA,,
2022-01-20,3.2799448839827954,3.2204720413544914,3.3394177266110994,-2.050693057747121,-2.147678737225474,-1.9537073782687684,12.666191535156232,NA,NA,,
2022-01-21,3.1186721515019222,3.0239168257867455,3.213427477217099,-2.0226520792398106,-2.1766906896192504,-1.8686134688603708,12.671859152105467,NA,NA,,
2022-01-22,3.1106163111477207,3.0089785487194525,3.212254073575989,-2.5003590372586793,-2.665311369947447,-2.3354067045699116,12.665961652162865,NA,NA,,
2022-01-23,3.2395728170199107,3.1319751960807327,3.3471704379590888,-2.611657183966838,-2.7862271292903698,-2.437087238643306,12.6498506785397,NA,NA,,
2022-01-24,3.290301279200818,3.171273111721491,3.409329446680145,-2.926483865576554,-3.1191472324953033,-2.733820498657805,12.649739796559409,NA,NA,,
2022-01-25,3.217190693510339,3.117943958923412,3.3164374280972657,-2.901678309423054,-3.0620925077575527,-2.741264111088555,12.638570032442658,NA,NA,,
2022-01-26,3.122578416799893,3.032936081095791,3.2122207525039954,-2.7187380778577515,-2.8632081952891277,-2.574267960426375,12.577938913726804,NA,NA,,
2022-01-27,3.313994605637938,3.216257910562269,3.4117313007136074,-2.4352576564462596,-2.5925640549036353,-2.277951257988884,12.556571477533337,NA,NA,,
2022-01-28,3.497570754857165,3.3825175275637944,3.6126239821505353,-2.411311947146687,-2.5962619097473563,-2.2263619845460174,12.452268793876877,NA,NA,,
2022-01-29,3.474577883121979,3.35454453448585,3.5946112317581083,-2.623386962135965,-2.8160083479496336,-2.4307655763222966,12.420290987798142,NA,NA,,
2022-01-30,3.775106279771398,3.66748705894015,3.882725500602646,-2.6977684136402456,-2.870999382164395,-2.524537445116096,12.3520870509775,NA,NA,,
2022-01-31,3.8303754640413255,3.7006697171957548,3.960081210886896,-2.59179242345855,-2.7997324991140506,-2.383852347803049,12.351295708096904,NA,NA,,
2022-02-01,3.697848121041176,3.6078123401113142,3.787883901971038,-2.470525549202244,-2.614083568250019,-2.326967530154469,12.275261030656424,NA,NA,,
2022-02-02,3.825593973090105,3.654496186216524,3.996691759963686,-2.3548470520222664,-2.6278191269245905,-2.0818749771199423,12.192920952301405,NA,NA,,
2022-02-03,3.863692781225933,3.7241345450539236,4.003251017397942,-2.257630814609338,-2.480028681039968,-2.035232948178708,12.104510089085858,NA,NA,,
2022-02-04,4.305081454272757,4.194280958838174,4.415881949707339,-2.040677327390759,-2.2172513370852083,-1.8641033176963098,11.964819406922523,NA,NA,,
2022-02-05,4.295478540032752,4.17045310200498,4.420503978060524,-2.2951970739330703,-2.493968192606861,-2.0964259552592797,11.91540143806848,NA,NA,,
2022-02-06,4.356538936601155,4.20823723473996,4.50484063846235,-2.6010144181537718,-2.8362287180696115,-2.365800118237932,11.816133523762133,NA,NA,,
2022-02-07,4.661871829860451,4.549233122542357,4.7745105371785455,-2.269427359473136,-2.4481630011573414,-2.0906917177889306,11.8667268558153,NA,NA,,
2022-02-08,4.549744748485881,4.401771233752808,4.697718263218953,-2.29816774568259,-2.5328321727494756,-2.063503318615705,11.867244825748386,NA,NA,,
2022-02-09,4.815305609022007,4.662108711110093,4.9685025069339215,-2.629709327212475,-2.873258221554475,-2.386160432870475,11.91842616927342,NA,NA,,
2022-02-10,5.136519505730096,4.9810951635100515,5.29194384795014,-3.3341785603871146,-3.58170459237235,-3.086652528401879,12.108907445386654,NA,NA,,
2022-02-11,5.1368794155832616,5.001061458259539,5.272697372906984,-3.486495564860498,-3.7030001420619243,-3.269990987659072,12.389247567658856,NA,NA,,
2022-02-12,5.007162918408924,4.872219064814125,5.142106772003723,-3.3769364192410287,-3.592018133477786,-3.1618547050042713,12.558385981278102,NA,NA,,
2022-02-13,5.252874880793148,5.123802070178405,5.381947691407891,-3.6243753721178664,-3.830446034038835,-3.4183047101968977,12.62712364386807,NA,NA,,
2022-02-14,5.0617042743684095,4.942015003904932,5.181393544831887,-4.309751787483873,-4.500261422585355,-4.119242152382391,12.658982045559394,NA,NA,,
2022-02-15,4.862503705630068,4.733989456082562,4.991017955177575,-3.3713778804691894,-3.5751213443828482,-3.1676344165555306,12.675855357799872,NA,NA,,
2022-02-16,4.893714747526802,4.776876466434178,5.010553028619427,-3.0876796008753584,-3.272983048658716,-2.9023761530920007,12.638759493472184,NA,NA,,
2022-02-17,5.370306033841232,5.231950434012903,5.508661633669561,-3.1076592635679448,-3.3268510748068816,-2.888467452329008,12.595436742489788,NA,NA,,
2022-02-18,5.7527241435786785,5.659001677276667,5.84644660988069,-3.7106561428090767,-3.858609692209398,-3.5627025934087553,12.508979418534828,NA,NA,,
2022-02-19,6.184031753933462,6.095424712889249,6.272638794977675,-4.28411451532065,-4.424108952456726,-4.1441200781845735,12.452597845139,NA,NA,,
2022-02-20,5.419344471356511,5.273928465017923,5.564760477695099,-4.385073482304667,-4.614177631349242,-4.155969333260091,12.452268793876877,NA,NA,,
2022-02-21,4.445351767961138,4.340369716621141,4.550333819301135,-4.3241735115931705,-4.48958059076545,-4.158766432420891,12.42065960958713,NA,NA,,
2022-02-22,5.039822114308307,4.909547713474373,5.170096515142241,-3.9646786756204735,-4.1681653811279045,-3.7611919701130425,12.386314778050718,NA,NA,,
2022-02-23,5.47491440064794,5.383036853995895,5.5667919472999845,-3.754515069604306,-3.8973667994842356,-3.6116633397243763,12.275261030656424,NA,NA,,
2022-02-24,5.464375124442394,5.36863511222015,5.5601151366646375,-3.357539354574889,-3.5063822510220755,-3.2086964581277027,12.193385348270214,NA,NA,,
2022-02-25,5.815214156060781,5.71645948364272,5.9139688284788425,-3.6758045280352194,-3.8293327874898537,-3.522276268580585,12.150092775083191,NA,NA,,
2022-02-26,4.924612896543326,4.77701583456969,5.072209958516961,-2.8870467478913073,-3.1179570946325095,-2.656136401150105,12.1054981447518,NA,NA,,
2022-02-27,5.325557543455885,5.189421053676087,5.461694033235682,-3.2048852712691174,-3.418478464368942,-2.991292078169293,12.061123291037708,NA,NA,,
2022-02-28,5.989373481914925,5.793882505340776,6.184864458489074,-4.0602908283367265,-4.3662502494808315,-3.7543314071926215,12.152269467169685,NA,NA,,
2022-03-01,6.190472570339014,6.0441276209924215,6.3368175196856065,-4.223860974543644,-4.453484548530337,-3.994237400556951,12.317466018542216,NA,NA,,
2022-03-02,6.9734641837062075,6.888299437134545,7.0586289302778695,-4.867685549076998,-5.000992350960155,-4.7343787471938406,12.558719420509771,NA,NA,,
2022-03-03,5.940297847363609,5.840985281623397,6.03961041310382,-5.213431100111139,-5.368774116128256,-5.058088084094022,12.6588003708766,NA,NA,,
2022-03-04,5.437068611214587,5.300409088392657,5.573728134036518,-4.204645190199753,-4.416805117836414,-3.9924852625630924,12.65846693164493,NA,NA,,
2022-03-05,5.256044058326767,5.0248201404990915,5.487267976154442,-4.148087889480106,-4.505960845868745,-3.790214933091467,12.626070160179998,NA,NA,,
2022-03-06,6.18543920788121,6.110647915580563,6.260230500181857,-3.780727704162319,-3.896442822565878,-3.6650125857587597,12.5576659368217,NA,NA,,
2022-03-07,6.489167150204363,6.4032707195063034,6.575063580902422,-3.730723935492061,-3.8638995859445044,-3.5975482850396174,12.556571477533337,NA,NA,,
2022-03-08,6.35199916280997,6.244708980870166,6.459289344749775,-4.304893540984021,-4.471040394065141,-4.138746687902901,12.452597845139,NA,NA,,
2022-03-09,6.361047404326854,6.251474841682748,6.470619966970959,-4.727884781306184,-4.897853069193258,-4.55791649341911,12.451919479488804,NA,NA,,
2022-03-10,6.665152718845038,6.584721674667155,6.74558376302292,-4.6161836712070246,-4.7399502916775225,-4.492417050736527,12.386314778050718,NA,NA,,
2022-03-11,6.91806417688476,6.8220362558464736,7.014092097923047,-4.699497617200198,-4.847401401429096,-4.5515938329712995,12.275697324798756,NA,NA,,
2022-03-12,6.298768103978402,6.115048698684044,6.48248750927276,-5.593834104873353,-5.877688172165749,-5.3099800375809565,12.238287381224564,NA,NA,,
2022-03-13,5.862502690350387,5.756163698651693,5.968841682049081,-4.063550546159907,-4.22853278168109,-3.898568310638724,12.480794936758375,NA,NA,,
2022-03-14,6.698356896832918,6.5774730136533925,6.819240780012443,-4.7837921368993435,-4.9710979005414355,-4.596486373257251,12.355188755431273,NA,NA,,
2022-03-15,6.479357681916246,6.390099239398394,6.568616124434099,-4.451601798025897,-4.5893505099113145,-4.31385308614048,12.650149290427589,NA,NA,,
2022-03-16,6.787099355256613,6.691373902037692,6.882824808475534,-4.35473427900465,-4.502055295191374,-4.207413262817926,12.678545037519138,NA,NA,,
2022-03-17,6.451365423803054,6.369464374681031,6.533266472925077,-5.01145547203495,-5.1380049051247925,-4.884906038945107,12.68111739403681,NA,NA,,
2022-03-18,7.136664079894164,7.005447416158986,7.267880743629342,-5.479548425345437,-5.682284639970439,-5.276812210720435,12.676292469410189,NA,NA,,
2022-03-19,5.467397159724616,5.309916397283528,5.6248779221657035,-4.790887883078145,-5.03314655175513,-4.548629214401161,12.681147928832813,NA,NA,,
2022-03-20,6.263228389587295,6.16022756919754,6.36622920997705,-3.890258575731094,-4.048446392877828,-3.7320707585843604,12.679036634596493,NA,NA,,
2022-03-21,5.633139319196289,5.486381209098148,5.779897429294429,-3.969211286303365,-4.195466269217425,-3.742956303389305,12.6661312413589,NA,NA,,
2022-03-22,7.559215346347745,7.423166548496519,7.695264144198972,-5.459417176229532,-5.668694804920884,-5.250139547538179,12.666260264050754,NA,NA,,
2022-03-23,8.107151697929876,8.010753709402568,8.203549686457183,-6.226393970638203,-6.374399418208142,-6.078388523068265,12.67759615678659,NA,NA,,
2022-03-24,7.5950655424185305,7.4799747682656985,7.7101563165713625,-6.3888214293608065,-6.565566333229003,-6.21207652549261,12.589617482939941,NA,NA,,
2022-03-25,7.510894969090474,7.412704810097824,7.609085128083124,-6.747180115255854,-6.897560680137825,-6.596799550373883,12.546219696401955,NA,NA,,
2022-03-26,7.843165825774598,7.729386938210692,7.956944713338504,-7.447593999564237,-7.622060022028435,-7.273127977100039,12.562671974772678,NA,NA,,
2022-03-27,6.7867519514475045,6.691484703929473,6.882019198965536,-7.6009566644094955,-7.746482219258927,-7.455431109560064,12.521615980963555,NA,NA,,
2022-03-28,6.5699532135833705,6.444507046494482,6.695399380672259,-6.98065081556619,-7.172008402201897,-6.789293228930484,12.529778741131818,NA,NA,,
2022-03-29,8.043099151095262,7.948226191377349,8.137972110813177,-6.8862741371185034,-7.031302012908521,-6.741246261328486,12.53803612711846,NA,NA,,
2022-03-30,7.639708345194455,7.549362518777981,7.730054171610929,-6.311307855965417,-6.448275305940106,-6.174340405990728,12.554989866935061,NA,NA,,
2022-03-31,8.280139214693126,8.194952081560894,8.365326347825357,-6.402653739191931,-6.5315267276044295,-6.273780750779432,12.608580578135832,NA,NA,,
2022-04-01,8.653567489096746,8.5732674453303,8.733867532863192,-6.70704937471907,-6.829025468044093,-6.585073281394046,12.653566275683131,NA,NA,,
2022-04-02,7.75757431366844,7.600452250159249,7.914696377177631,-6.40703814116628,-6.644828196256825,-6.169248086075734,12.465292525982745,NA,NA,,
2022-04-03,7.700028142869904,7.5848495047451365,7.8152067809946715,-6.326164743063258,-6.500509651844877,-6.15181983428164,12.521023102404909,NA,NA,,
2022-04-04,3.9065432167005367,3.6707421828730937,4.142344250527979,-5.449557076924127,-5.8061154679040605,-5.092998685944194,12.472525452238862,NA,NA,,
2022-04-05,7.780616799497152,7.664477651392821,7.896755947601483,-5.057049639834148,-5.231513113082054,-4.882586166586242,12.44935996567023,NA,NA,,
2022-04-06,8.492917384959224,8.385684401440937,8.600150368477511,-5.979624609228765,-6.141891024006249,-5.81735819445128,12.521701084214172,NA,NA,,
2022-04-07,9.414274004262747,9.288601532231395,9.5399464762941,-6.9583589307494496,-7.148896993744051,-6.767820867754848,12.537438917994711,NA,NA,,
2022-04-08,9.2816983229512,9.07535607978503,9.488040566117371,-6.71073788659331,-7.020629556593685,-6.400846216592934,12.496929833458683,NA,NA,,
2022-04-09,9.292379480943701,9.132604486437456,9.452154475449946,-6.500769008601197,-6.740014135179996,-6.261523882022399,12.481123885303022,NA,NA,,
2022-04-10,6.742347232278261,6.4966718081474415,6.988022656409081,-6.466274051192351,-6.833919396642773,-6.0986287057419295,12.505062994864662,NA,NA,,
2022-04-11,5.158326832740879,4.93380058779155,5.382853077690207,-6.23824569008167,-6.573998509386808,-5.902492870776532,12.489401852788705,NA,NA,,
2022-04-12,5.942594559117714,5.791686866554288,6.093502251681139,-5.372454190789627,-5.598110230961394,-5.14679815061786,12.52952367037683,NA,NA,,
2022-04-13,5.838945159040148,5.634219098523942,6.043671219556354,-6.457431614741989,-6.762150333462663,-6.152712896021314,12.513207196271097,NA,NA,,
2022-04-14,7.854328018167406,7.692315664112549,8.016340372222263,-5.733235788472465,-5.974307248547795,-5.492164328397134,12.497353383881817,NA,NA,,
2022-04-15,8.03358114584746,7.87899527217879,8.188167019516131,-5.929182357868131,-6.158661977222169,-5.699702738514092,12.516013821539568,NA,NA,,
2022-04-16,-1.1127482062161715,-1.3541225512532082,-0.8713738611791348,-3.7581981811701017,-4.115836483509716,-3.4005598788304874,11.992171288353193,NA,NA,,
2022-04-17,1.9650540321113132,1.9038146278995876,2.026293436323039,-4.042793542393847,-4.133871819896526,-3.951715264891168,12.01924787042171,NA,NA,,
2022-04-18,1.6051396823722162,1.4827476226380738,1.7275317421063585,-4.709175331265288,-4.8900638542297035,-4.528286808300873,12.019603178572284,NA,NA,,
2022-04-19,2.2879638860445852,2.211657496392862,2.3642702756963083,-4.286909601962425,-4.4000048975317245,-4.173814306393126,12.000391241838344,NA,NA,,
2022-04-20,1.6950241884365,1.643724782520876,1.746323594352124,-4.803520128708658,-4.879177628126867,-4.727862629290448,11.97596929873713,NA,NA,,
2022-04-21,3.2653103411066,3.15709538306566,3.3735252991475395,-4.53186265081479,-4.690696062082994,-4.373029239546586,11.965809091010621,NA,NA,,
2022-04-22,4.248833454826792,4.074443252823029,4.4232236568305545,-3.7485419827643187,-4.004620013583307,-3.4924639519453304,11.970785011177169,NA,NA,,
2022-04-23,5.647897932844828,5.553395919436549,5.742399946253108,-4.104663171600001,-4.243766186166378,-3.9655601570336243,12.170741271182743,NA,NA,,
2022-04-24,6.424007328657581,6.301088401596412,6.546926255718749,-5.004654899058767,-5.1866164758131115,-4.822693322304423,12.3084823277348,NA,NA,,
2022-04-25,6.369648275756642,6.2727206234039645,6.46657592810932,-4.926523325760569,-5.069531846644261,-4.783514804876877,12.308327620130969,NA,NA,,
2022-04-26,7.337007559785547,7.236470852229951,7.437544267341142,-5.472540030835094,-5.620507023811548,-5.32457303785864,12.293553741961226,NA,NA,,
2022-04-27,7.465922564827483,7.391918007401758,7.539927122253209,-5.842523861647232,-5.951422079773154,-5.733625643521309,12.286659285107563,NA,NA,,
2022-04-28,5.438218997726703,5.308499156941054,5.567938838512352,-5.028734636236747,-5.21898858818369,-4.838480684289804,12.323983564273018,NA,NA,,
2022-04-29,7.1163738123838876,7.00845951097322,7.224288113794555,-5.954367324503891,-6.113248676371995,-5.795485972635786,12.36941103738865,NA,NA,,
2022-04-30,6.444231701182451,6.2423898927361385,6.6460735096287635,-6.035971608967486,-6.332256894840386,-5.7396863230945865,12.360286001234146,NA,NA,,
2022-05-01,7.668758852636814,7.543943530223256,7.793574175050372,-6.922950285755466,-7.106595209642468,-6.739305361868463,12.2222782453576,NA,NA,,
2022-05-02,5.795127786729528,5.640874832363879,5.949380741095176,-5.267311694470717,-5.492635638285718,-5.041987750655715,12.223570503289798,NA,NA,,
2022-05-03,8.33294834804044,8.196671069488442,8.469225626592436,-7.0534774284064605,-7.25353001513402,-6.853424841678901,12.34715028684373,NA,NA,,
2022-05-04,9.371701193239174,9.223838336562176,9.519564049916172,-8.743096542067207,-8.960874836780063,-8.52531824735435,12.423627661817088,NA,NA,,
2022-05-05,4.263173083857655,3.800759428106859,4.725586739608451,-6.528193651235763,-7.205005421872642,-5.851381880598884,12.327859442334635,NA,NA,,
2022-05-06,2.968126489438182,2.8576698512147023,3.0785831276616613,-5.440558849162128,-5.601236690971872,-5.279881007352385,12.021581209087758,NA,NA,,
2022-05-07,3.2447894065282687,3.131184389874452,3.3583944231820855,-4.545311624316515,-4.709690758516182,-4.380932490116848,11.9578910301505,NA,NA,,
2022-05-08,2.5812236144672815,2.396197682262329,2.766249546672234,-4.665885750246765,-4.934614378361932,-4.397157122131599,11.991899022157671,NA,NA,,
2022-05-09,4.36452773130022,4.296289652228768,4.432765810371673,-4.665526358333788,-4.7643773808403544,-4.566675335827222,12.09359528533996,NA,NA,,
2022-05-10,6.0499117646872875,5.940228992031409,6.159594537343166,-5.035928282830651,-5.1946468262501515,-4.87720973941115,12.176540857566385,NA,NA,,
2022-05-11,6.798281138942142,6.726821804637372,6.869740473246911,-5.96107844482261,-6.06472948530067,-5.857427404344551,12.2578448059789,NA,NA,,
2022-05-12,6.09316113102815,5.953693660065599,6.232628601990702,-5.172581659079897,-5.3746622494743095,-4.970501068685485,12.308956671853364,NA,NA,,
2022-05-13,6.3695281936810035,6.258061573355096,6.480994814006911,-5.64062040874601,-5.802830335589957,-5.4784104819020625,12.353859650040954,NA,NA,,
2022-05-14,8.652321811607633,8.5049349840721291,8.799708639143137,-7.860428271357225,-8.075940083191583,-7.644916459522867,12.337839250238684,NA,NA,,
2022-05-15,9.255839681490722,9.04240449676001,9.469274866221433,-8.221296465628777,-8.530627862089132,-7.9119650691684225,12.256394900120457,NA,NA,,
2022-05-16,8.899689676777161,8.717845526968603,9.08153382658572,-7.249662402724053,-7.513424541788753,-6.985900263659353,12.169493409098704,NA,NA,,
2022-05-17,9.644735279928533,9.439164757866264,9.850305801990801,-7.352036854068063,-7.650611594630056,-7.053462113506071,12.189109307299523,NA,NA,,
2022-05-18,9.54464955635138,9.36242436243897,9.726874750263791,-7.109876591750571,-7.37438330802979,-6.845369875471352,12.229031500080932,NA,NA,,
2022-05-19,10.31280659926779,10.053060116437807,10.572553082097771,-7.168257313298877,-7.541605148233045,-6.794909478364709,12.215582704889767,NA,NA,,
2022-05-20,10.263035292788498,10.072106143617166,10.45396444195983,-7.588993439203551,-7.865256524918299,-7.312730353488804,12.229845987218082,NA,NA,,
2022-05-21,10.703074624289474,10.493823666553709,10.91232558202524,-7.795355978602785,-8.098552355069264,-7.492159602136307,12.294179404111501,NA,NA,,
2022-05-22,11.60150754644867,11.370570230566095,11.832444862331243,-7.898868630037586,-8.23262698011496,-7.565110279960212,12.346657322960866,NA,NA,,
2022-05-23,12.758667347948101,12.476215494017092,13.041119201879111,-8.84416897499888,-9.253026935472311,-8.435311014525448,12.377115492801488,NA,NA,,
2022-05-24,13.508587356647661,13.180829249861105,13.836345463434217,-9.70175798199906,-10.176219556653932,-9.22729640734419,12.361578259166345,NA,NA,,
2022-05-25,14.241715220729677,13.917056785987477,14.566373655471878,-10.732580563566627,-11.202691215484,-10.262469911649253,12.34594070810783,NA,NA,,
2022-05-26,10.736593191244163,10.391895827725982,11.081290554762344,-8.23675878243511,-8.731924000508087,-7.741593564362134,12.308404745650032,NA,NA,,
2022-05-27,9.734659091832446,9.444421814069177,10.024896369595716,-6.589194915268178,-7.003946742689535,-6.174443087846821,12.301347383853457,NA,NA,,
2022-05-28,7.247824342344246,7.12319452025297,7.3724541644355215,-6.558634917059066,-6.737708288880222,-6.379561545237909,12.330840974054613,NA,NA,,
2022-05-29,11.06900156916838,10.831402061249564,11.306601077087196,-7.135090723567453,-7.475842520001301,-6.794338927133605,12.309198942587836,NA,NA,,
2022-05-30,13.05858289424943,12.796062963158835,13.321102825340024,-8.580933153773474,-8.959167779709238,-8.20269852783771,12.378020300682874,NA,NA,,
2022-05-31,14.196437309931367,13.875239908492947,14.517634711369787,-9.691701838363864,-10.155592864396457,-9.22781081233127,12.44935996567023,NA,NA,,
2022-06-01,15.731978747879973,15.35140651673896,16.112550979020988,-11.015945817799894,-11.565936557307634,-10.465955078292154,12.52261301207499,NA,NA,,
2022-06-02,16.366807720577395,16.04614193919789,16.687473501956898,-12.497156614638214,-12.959939302848786,-12.034373926427643,12.625722642406537,NA,NA,,
2022-06-03,11.263124726467213,10.962643793878694,11.563605659055732,-11.058690219375006,-11.489126259375757,-10.628254179374254,12.655151388560135,NA,NA,,
2022-06-04,6.9456948828967615,6.783547619773456,7.107842146020067,-8.870985084706545,-9.103757258011926,-8.638212911401164,12.613973623827622,NA,NA,,
2022-06-05,11.39272910808658,11.10089764372741,11.68456057244575,-9.220918486275082,-9.638842976355583,-8.80299399619458,12.338140913373975,NA,NA,,
2022-06-06,12.609008526292042,12.382740802516746,12.835276250067338,-9.910841158067841,-10.235267326327037,-9.586414989808645,12.288214209753653,NA,NA,,
2022-06-07,11.918225682174278,11.756838333139216,12.07961303120934,-9.716768909346674,-9.94843039900557,-9.485107419687779,12.473627855238522,NA,NA,,
2022-06-08,14.622082172560463,14.26656502739812,14.977599317722806,-10.688673108213948,-11.19999071224741,-10.177355504180486,12.554989866935061,NA,NA,,
2022-06-09,15.075102585847336,14.67387683106474,15.476328340629932,-11.701489255082267,-12.280915032286305,-11.122063477878228,12.608509915372906,NA,NA,,
2022-06-10,16.28180823846646,15.806743981500961,16.75687249543196,-13.235655585154161,-13.919311170617643,-12.551999999690679,12.648841373554026,NA,NA,,
2022-06-11,14.350103256790943,13.620155064716137,15.080051448865749,-12.885249830327073,-13.931138445885177,-11.839361214768969,12.655151388560135,NA,NA,,
2022-06-12,10.433214583614408,9.905087190076026,10.96134197715279,-9.709085941967324,-10.462679734814943,-8.955492149119705,12.616592262003367,NA,NA,,
2022-06-13,12.00294111112724,11.692336172300484,12.313546049953997,-7.931979217133624,-8.376240745240763,-7.4877176890264865,12.590927752340711,NA,NA,,
2022-06-14,13.909219029061223,13.542403462377228,14.276034595745218,-9.507719915280365,-10.033225260728049,-8.982214569832681,12.671828772889077,NA,NA,,
2022-06-15,14.659372859323712,14.23214185210875,15.086603866538674,-10.962565214812207,-11.574968685853193,-10.35016174377122,12.670942704940101,NA,NA,,
2022-06-16,12.045410200053018,11.843954965707642,12.246865434398394,-10.401439288407598,-10.688726452768428,-10.114152124046768,12.5777004722188,NA,NA,,
2022-06-17,11.340294829997266,10.984232887319806,11.696356772674726,-8.617098111532291,-9.123937103531222,-8.11025911953336,12.535013993561106,NA,NA,,
2022-06-18,13.951568703929278,13.647490254184572,14.255647153673983,-8.986362098956302,-9.420542498530292,-8.552181699382313,12.55716496777961,NA,NA,,
2022-06-19,14.037332721365923,13.69797630589024,14.376689136841605,-9.589059280788561,-10.0745422270624,-9.103576334514722,12.507932431095647,NA,NA,,
2022-06-20,15.612215022250027,15.180981154672546,16.043448889827506,-10.236694909502505,-10.854762608281165,-9.618627210723846,12.350874898455361,NA,NA,,
2022-06-21,15.37494358354833,14.547357448748919,16.20252971834774,-13.210239020298125,-14.397865275404952,-12.0226127651913,12.233403207633215,NA,NA,,
2022-06-22,17.884234751322033,17.292798892902564,18.475670609741503,-14.401375669274167,-15.250833869260516,-13.551917469287817,12.012260580147037,NA,NA,,
2022-06-23,17.889132290016054,17.18809050565604,18.59017407437607,-14.80052173908452,-15.803637237076174,-13.797406241092865,11.915933999458513,NA,NA,,
2022-06-24,17.996850155874156,17.312662548155025,18.681037763593288,-14.315277261812273,-15.29526703056179,-13.335287493062756,11.865074687878355,NA,NA,,
2022-06-25,18.1528709962687,17.48434081580227,18.82140117673513,-15.15008477665832,-16.10848120141947,-14.19168835189717,11.70693263942513,NA,NA,,
2022-06-26,18.733590318572105,17.95043652182881,19.5167441153154,-16.27220441253071,-17.393889710543416,-15.150519114518,11.592366023269632,NA,NA,,
2022-06-27,17.996770622722334,17.278623134548244,18.714918110896424,-15.462547310446775,-16.484309193007913,-14.440785427885638,11.411044160529894,NA,NA,,
2022-06-28,17.277084907659138,16.63034085699899,17.923828958319284,-14.331330992062412,-15.25332474429637,-13.409337239828455,11.22076952264976,NA,NA,,
2022-06-29,17.458744406456514,16.869909792751727,18.0475790201613,-14.506705668176613,-15.347644155702739,-13.665767180650487,11.154307759341082,NA,NA,,
2022-06-30,17.467081925921484,16.82752504123599,18.106638810606977,-15.0278776506672,-15.939882657795389,-14.115872643539012,11.019033499232478,NA,NA,,
2022-07-01,17.488387990712376,16.863903038062258,18.112872943362493,-15.396153902397238,-16.285986062401207,-14.506321742393268,10.740643995921765,NA,NA,,
2022-07-02,16.67265802187403,16.094596614308482,17.25071942943958,-14.474842702756476,-15.292896176813446,-13.656789228699505,10.0859844368358,NA,NA,,
2022-07-03,14.535400373266995,14.131073726217693,14.939727020316298,-13.341394066083522,-13.910008946487126,-12.772779185679918,10.087585324760358,NA,NA,,
2022-07-04,12.646082381975164,12.455600724967042,12.836564038983287,-12.174462869608677,-12.445459146482508,-11.903466592734846,10.241235157277728,NA,NA,,
2022-07-05,11.301705289294583,10.87605581760713,11.727354760982037,-11.471714537550572,-12.077840134068058,-10.865588941033085,10.38839024760457,NA,NA,,
2022-07-06,16.122624608884294,15.850114584551648,16.39513463321694,-13.696254923565016,-14.08319114311096,-13.309318704019072,10.23887328963131,NA,NA,,
2022-07-07,16.527664424149044,15.968430254323234,17.086898593974855,-14.297008233550653,-15.090823302514648,-13.503193164586657,10.16241193327043,NA,NA,,
2022-07-08,16.832234213932377,16.25550864691201,17.408959780952745,-15.068414864614537,-15.889687421802638,-14.247142307426437,10.082697569997228,NA,NA,,
2022-07-09,16.2908778872332,15.73780511192216,16.84395066254424,-14.873414856892294,-15.659174479246241,-14.087655234538348,9.769603814929141,NA,NA,,
2022-07-10,16.610179298901688,16.054922783193117,17.16543581461026,-15.463749783919555,-16.254252549118277,-14.673247018720835,9.687959924336592,NA,NA,,
2022-07-11,16.97578234457896,16.460175472087208,17.49138921707071,-16.755221874426496,-17.49047214292619,-16.019971605926802,9.52372761162039,NA,NA,,
2022-07-12,16.410719727911957,15.915859336708873,16.90558011911504,-16.33834683204048,-17.042169619732356,-15.634524044348602,9.356925934496461,NA,NA,,
2022-07-13,16.070618138094108,15.44159723673355,16.699639039454667,-16.145856377125565,-17.034807555612712,-15.256905198638416,9.271810524788513,NA,NA,,
2022-07-14,15.88094548350092,15.324906669204129,16.43698429779771,-15.560808345506896,-16.350396215474767,-14.771220475539023,9.185857253142654,NA,NA,,
2022-07-15,15.888501141609543,15.340383396873241,16.436618886345848,-15.613422834734935,-16.392733199175012,-14.834112470294858,9.099075585586482,NA,NA,,
2022-07-16,15.710890084628,15.146833875582388,16.27494629367361,-15.786262440665109,-16.58688901975723,-14.985635861572987,9.0123960286639,NA,NA,,
2022-07-17,15.256697721556018,14.718110262178545,15.79528518093349,-15.795783746246759,-16.560341430984266,-15.03122606150925,9.0123960286639,NA,NA,,
2022-07-18,15.239881491529358,14.70709760802034,15.772665375038375,-15.753540567168148,-16.510091762542775,-14.996989371793523,9.011475702234293,NA,NA,,
2022-07-19,14.702236656734225,14.153293379352263,15.251179934116188,-15.14431946028238,-15.923750317786148,-14.364888602778613,8.923116814751346,NA,NA,,
2022-07-20,14.264369371741715,13.749620099284183,14.779118644199247,-14.61342451891923,-15.34356723169607,-13.883281806142389,8.83496853108013,NA,NA,,
2022-07-21,13.908223451498314,13.359855430960003,14.456591472036624,-13.568035909738654,-14.344618743661925,-12.791453075815383,8.83403299586274,NA,NA,,
2022-07-22,13.32411325382684,12.819133968540482,13.829092539113196,-13.241773007043317,-13.958481008439527,-12.525065005647107,8.74609268542821,NA,NA,,
2022-07-23,13.193041799509201,12.72810230061119,13.657981298407211,-13.540701197970707,-14.20245807896332,-12.878944316978094,8.835896407750353,NA,NA,,
2022-07-24,13.581627089665753,13.115195988270221,14.048058191061285,-14.565658124804331,-15.233103001778334,-13.898213247830329,8.923116814751346,NA,NA,,
2022-07-25,13.499896040876921,13.105025486230295,13.894766595523548,-14.763369660352591,-15.327829114826669,-14.198910205878514,8.833089693791637,NA,NA,,
2022-07-26,12.742496870955664,12.389081325331656,13.095912416579672,-14.1357399951007,-14.640213227931214,-13.631266762270185,8.65460015138493,NA,NA,,
2022-07-27,12.78042006720201,12.466146964451644,13.094693169952377,-14.611566896831121,-15.062531703160365,-14.160602090501877,8.65460015138493,NA,NA,,
2022-07-28,12.901653739894565,12.552484611447657,13.250822868341473,-15.707869831928127,-16.20847334878151,-15.207266315074746,8.65460015138493,NA,NA,,
2022-07-29,12.373738587903565,12.00252067063062,12.74495650517651,-15.390934329799226,-15.922596083319213,-14.859272576279238,8.653648974153564,NA,NA,,
2022-07-30,8.420325763083834,7.889606689999525,8.951044836168144,-14.023079912476144,-14.782136776413097,-13.26402304853919,8.56518161647618,NA,NA,,
2022-07-31,5.826700086134995,5.4950761852626036,6.158323987007386,-10.595787631655002,-11.073086191340836,-10.118489071969167,8.74515715021082,NA,NA,,
2022-08-01,5.456200611151821,4.949060500011447,5.963340722292195,-13.069065562924617,-13.797992097983618,-12.340139027865616,8.74609268542821,NA,NA,,
2022-08-02,5.004925549418605,4.841918169094496,5.1679329297427135,-10.50130853328943,-10.736590606621839,-10.266026459957022,8.847999946765084,NA,NA,,
2022-08-03,10.141410123226686,3.613330594970675,16.6694896514827,-66.63868481182482,-76.0728440865118,-57.20452553713784,10.072953021150845,NA,NA,,
2022-08-04,0.11345596438580488,-0.4538861334359602,0.6807980622075699,-7.350052033736783,-8.172160736076968,-6.527943331396598,8.83213851656027,NA,NA,,
2022-08-05,0.2322587990894699,0.16064846885204487,0.3038691293268949,-6.579498403710047,-6.683141059606962,-6.475855747813132,8.56328713717371,NA,NA,,
2022-08-06,0.3400531869196844,0.287216585375568,0.3928897884638008,-5.797364449404271,-5.873964805069892,-5.720764093738651,8.56232797647553,NA,NA,,
2022-08-07,1.0446481061748991,0.9871564161550694,1.1021397961947288,-6.1459535597080155,-6.229037143470819,-6.062869975945212,8.470240457676898,NA,NA,,
2022-08-08,1.4077822078076898,1.3339801985092645,1.481584217106115,-5.9221428264955,-6.028110121846473,-5.816175531144526,8.37835147288036,NA,NA,,
2022-08-09,1.6433898668213482,1.5349461308939232,1.7518336027487733,-5.493647980007966,-5.649368256783951,-5.33792770323198,8.37835147288036,NA,NA,,
2022-08-10,2.0454071189395653,1.9219238063019624,2.168890431577168,-4.901908244497932,-5.079286728982648,-4.7245297600132155,8.377376020328905,NA,NA,,
2022-08-11,2.449004564724882,2.3564033634353763,2.5416057660143876,-4.833165112282648,-4.9664644996712894,-4.699865724894007,8.285683480492214,NA,NA,,
2022-08-12,2.8569713312258984,2.7165759882451574,2.9973666742066394,-4.865824836875737,-5.067681932123128,-4.663967741628345,8.377376020328905,NA,NA,,
2022-08-13,3.2582767579387175,3.131257957777631,3.385295558099804,-4.850300833816679,-5.033591112444978,-4.667010555188379,8.285683480492214,NA,NA,,
2022-08-14,3.674003989389625,3.525651941491506,3.8223560372877436,-5.237744188190237,-5.452318779887107,-5.023169596493367,8.377376020328905,NA,NA,,
2022-08-15,3.986053972151055,3.810430590855828,4.161677353446281,-5.415475012754051,-5.669660715594418,-5.161289309913684,8.285683480492214,NA,NA,,
2022-08-16,4.35924499219996,4.186864512431294,4.531625471968626,-5.934732827505639,-6.185205692336305,-5.684259962674973,8.377278019899562,NA,NA,,
2022-08-17,3.8303219550703,3.5475276959728137,4.113116214167786,-5.88613596474294,-6.295686723582921,-5.47658520590296,8.274907152001713,NA,NA,,
2022-08-18,3.5314606380682125,3.284886889465748,3.778034386670677,-5.272911297385568,-5.6317602272803375,-4.914062367490799,8.235202504324588,NA,NA,,
2022-08-19,3.9337248180740807,3.77461931708119,4.092830319066971,-5.472782653896598,-5.703809599492279,-5.241755708300917,8.009095336051539,NA,NA,,
2022-08-20,3.959721988895024,3.768262660844547,4.151181316945501,-5.665097488211901,-5.942952210080982,-5.387242766342821,8.054571008688447,NA,NA,,
2022-08-21,4.017861600458966,3.827873089702472,4.2078501112154605,-5.067727429623997,-5.342587833481644,-4.792867025766351,7.85329204971942,NA,NA,,
2022-08-22,4.461606902661697,4.302077238158501,4.621136567164894,-5.549071454481487,-5.780475754109661,-5.3176671548533125,7.78467007086688,NA,NA,,
2022-08-23,4.131385111407883,3.941172469931076,4.321597752884689,-5.982444757460988,-6.25916784732949,-5.705721667592487,7.78558832198298,NA,NA,,
2022-08-24,4.296353615915062,4.0951038076188775,4.497603424211246,-5.997512857522473,-6.2905774364434,-5.704448278601546,7.873430392202338,NA,NA,,
2022-08-25,4.6646006211918465,4.4533817201367585,4.8758195222469345,-5.614883036207328,-5.923775238602246,-5.305990833812409,7.933215608569874,NA,NA,,
2022-08-26,4.445561516575883,4.258962249920746,4.63216078323102,-5.439842976565115,-5.712124394017573,-5.167561559112656,8.12347915612997,NA,NA,,
2022-08-27,4.449840366536935,4.263150090469696,4.636530642604174,-5.575372390104293,-5.84790927729301,-5.302835502915575,8.106455825997266,NA,NA,,
2022-08-28,4.4868449219487445,4.2654322663587685,4.7082575775387205,-6.019653625299277,-6.344934327497727,-5.694372923100827,8.28470802794076,NA,NA,,
2022-08-29,4.792978511233737,4.598615494069473,4.987341528398001,-5.707127355732864,-5.992997530610167,-5.421257180855561,8.284413776967911,NA,NA,,
2022-08-30,4.882032210976747,4.690667797130487,5.0733966248230065,-5.530601775940096,-5.8116064669202965,-5.249597084959896,8.255671587357424,NA,NA,,
2022-08-31,5.102943067021482,4.897977176993239,5.307908957049726,-5.612996773178137,-5.913561467214863,-5.312432079141412,8.18283665502961,NA,NA,,
2022-09-01,5.219244245500384,5.044736979777653,5.393751511223115,-5.811544847453373,-6.069137596369404,-5.553952098537342,8.386772406912824,NA,NA,,
2022-09-02,4.165230377318458,4.011070554207802,4.319390200429114,-5.912088445010942,-6.140266769978661,-5.6839101200432225,9.184024510324388,NA,NA,,
2022-09-03,4.657644789259638,4.465325563413878,4.849964015105399,-5.529073924066595,-5.814856247545157,-5.243291600588034,8.924965017851177,NA,NA,,
2022-09-04,4.419873419512029,4.283210157081725,4.556536681942332,-5.366559698961044,-5.570083101781152,-5.163036296140937,9.0123960286639,NA,NA,,
2022-09-05,4.7376935333926715,4.577159129229077,4.898227937556266,-5.856286266275972,-6.095519903233173,-5.617052629318771,9.011475702234293,NA,NA,,
2022-09-06,4.891866048684027,4.726113838563,5.057618258805054,-5.978932353525595,-6.226760099004911,-5.731104608046279,8.923116814751346,NA,NA,,
2022-09-07,4.5921762083499535,4.44940114013326,4.7349512765666475,-5.601076475868017,-5.8141594671291985,-5.387993484606835,8.83681673417996,NA,NA,,
2022-09-08,5.018472880262635,4.810729267571397,5.226216492953873,-6.264237839171191,-6.574182125166316,-5.954293553176066,9.0123960286639,NA,NA,,
2022-09-09,4.822760526245459,4.658595355989072,4.986925696501847,-6.322784049867566,-6.568371422485436,-6.077196677249695,9.05019851218328,NA,NA,,
2022-09-10,-0.8246998280073603,-0.9093352415989384,-0.7400644144157822,-7.490477722132323,-7.620372595602158,-7.360582848662488,12.641615341569736,NA,NA,,
2022-09-11,-0.027701423689127827,-0.09586942636276474,0.04046657898450909,-5.038183395376617,-5.141837434704481,-4.934529356048753,12.656652427900166,NA,NA,,
2022-09-12,1.3498142096008119,1.307232556339433,1.3923958628621909,-5.621096175012606,-5.685950488247394,-5.556241861777818,12.44701299226663,NA,NA,,
2022-09-13,1.526511346440085,1.4634839951332288,1.5895386977469412,-5.171745742484752,-5.267665170585805,-5.0758263143837,11.90988810378686,NA,NA,,
2022-09-14,1.9353697582043603,1.868998950540171,2.0017405658685496,-4.873907970683454,-4.975026451998873,-4.7727894893680345,11.277751346022221,NA,NA,,
2022-09-15,2.483105768345425,2.3921016065157623,2.574109930175088,-4.787785655289775,-4.926163600144584,-4.649407710434966,10.454733562637298,NA,NA,,
2022-09-16,2.745039067280025,2.6753504260826544,2.8147277084773954,-4.59222531334293,-4.69748289023639,-4.48696773644947,9.601805789161197,NA,NA,,
2022-09-17,2.3364466718766654,2.260374380060718,2.4125189636926128,-4.622923565536285,-4.737094881089221,-4.508752249983348,9.01510758858897,NA,NA,,
2022-09-18,2.0048833176021255,1.9039387049595142,2.1058279302447365,-4.835557727530866,-4.987614678049522,-4.683500777012211,9.271810524788513,NA,NA,,
2022-09-19,2.163249359825775,2.0629531999534527,2.263545519698097,-4.3059673784684485,-4.457383061196198,-4.1545516957406985,9.187656396679065,NA,NA,,
2022-09-20,2.2962572567647723,2.2438650806883236,2.348649432841221,-4.060603990517942,-4.139832613302142,-3.9813753677337425,9.27270578147053,NA,NA,,
2022-09-21,2.645864096533166,2.5733181752343373,2.7184100178319945,-3.812291773580544,-3.9214651205814754,-3.703118426579613,9.274470009985233,NA,NA,,
2022-09-22,2.679292788093378,2.5844873055673236,2.774098270619432,-3.763302645937403,-3.907284132953271,-3.6193211589215353,9.441194018293965,NA,NA,,
2022-09-23,3.09681633667387,2.9945199284141983,3.199112744933542,-4.195892788029085,-4.351434868521998,-4.040350707536173,9.356925934496461,NA,NA,,
2022-09-24,3.455051825696658,3.346589509995088,3.5635141413982274,-4.267903182813308,-4.4329361677396575,-4.102870197886959,9.27270578147053,NA,NA,,
2022-09-25,3.6870390095228203,3.5820842531723027,3.791993765873338,-4.595639207249778,-4.755797079274125,-4.43548133522543,9.27270578147053,NA,NA,,
2022-09-26,3.7860261456530453,3.668909270977893,3.9031430203281974,-4.9364199458170575,-5.115359641312219,-4.757480250321896,9.273592309397118,NA,NA,,
2022-09-27,3.6198151755522856,3.5303648024445407,3.7092655486600306,-4.881660894964506,-5.01823304421498,-4.745088745714033,9.356030677814445,NA,NA,,
2022-09-28,3.2688987502228164,3.1701547509334658,3.367642749512167,-4.1152459229479,-4.265685198534786,-3.964806647361014,9.187656396679065,NA,NA,,
2022-09-29,3.6997969636706762,3.598418160394278,3.8011757669470745,-3.878189208981447,-4.0326938390951925,-3.723684578867702,9.273592309397118,NA,NA,,
2022-09-30,3.8342051748613155,3.7175107758510837,3.9508995738715473,-4.489858663443821,-4.668460246492343,-4.311257080395299,9.35781246242305,NA,NA,,
2022-10-01,3.8604224812184658,3.752484999346934,3.9683599630899975,-4.739386588269419,-4.904824684198448,-4.5739484923403895,9.358690163011165,NA,NA,,
2022-10-02,3.96310775783244,3.8402463117167733,4.085969203948106,-4.7225441280835225,-4.911642792783726,-4.533445463383319,9.441194018293965,NA,NA,,
2022-10-03,4.007626791629235,3.888401922481478,4.1268516607769925,-4.463911339110837,-4.647376240843869,-4.280446437377805,9.35781246242305,NA,NA,,
2022-10-04,4.173974026351736,4.062615692817326,4.285332359886146,-4.530358390462526,-4.701860208080263,-4.358856572844789,9.358690163011165,NA,NA,,
2022-10-05,4.339183739272161,4.218173742846745,4.460193735697577,-4.667257699022905,-4.854189280658048,-4.4803261173877615,9.44207171888208,NA,NA,,
2022-10-06,4.320620974108924,4.205183451203373,4.436058497014475,-4.5437345034535666,-4.7220777725057745,-4.365391234401359,9.44207171888208,NA,NA,,
2022-10-07,4.458038402535871,4.322700030306413,4.5933767747653285,-4.47376068441648,-4.682930491698919,-4.264590877134042,9.441194018293965,NA,NA,,
2022-10-08,4.421686418734858,4.288146025918178,4.555226811551537,-4.490120410989884,-4.6963140792316596,-4.2839267427481085,9.35781246242305,NA,NA,,
2022-10-09,4.414235725574964,4.281581084875826,4.546890366274103,-4.608235183411135,-4.81353753305119,-4.40293283377108,9.35781246242305,NA,NA,,
2022-10-10,4.564100875290413,4.434385211375898,4.693816539204929,-4.785242980704226,-4.985853695266581,-4.58463226614187,9.35781246242305,NA,NA,,
2022-10-11,4.491557047720995,4.350412420815245,4.6327016746267455,-4.651100932308203,-4.869775735204002,-4.432426129412403,9.358690163011165,NA,NA,,
2022-10-12,4.534527479271333,4.3955833208283925,4.673471637714273,-4.458759568672864,-4.674352183963437,-4.243166953382291,9.44207171888208,NA,NA,,
2022-10-13,4.731850079402288,4.612007948296811,4.851692210507765,-4.539301645060315,-4.725560609600319,-4.3530426805203115,9.44207171888208,NA,NA,,
2022-10-14,4.776142747382678,4.633153187212821,4.919132307552534,-4.604104598140977,-4.826404771022017,-4.381804425259937,9.4438002437107,NA,NA,,
2022-10-15,4.788253136160213,4.634600221673008,4.941906050647418,-4.375732244671349,-4.615256666036022,-4.136207823306676,9.60801010242959,NA,NA,,
2022-10-16,4.803893772218077,4.667144001323206,4.940643543112947,-3.801030619385252,-4.014710384558148,-3.5873508542123558,9.607150352267565,NA,NA,,
2022-10-17,4.937077124260931,4.796384393327411,5.07776985519445,-3.169916408695998,-3.3895088243359286,-2.9503239930560676,9.5254740868751,NA,NA,,
2022-10-18,4.864575402501926,4.731632942686506,4.997517862317347,-2.344125069675013,-2.551458029770245,-2.1367921095797806,9.524605312208505,NA,NA,,
2022-10-19,4.950042253586879,4.81639157651434,5.083692930659419,-2.322247942180575,-2.5308161348396476,-2.113679749521502,9.442940493548674,NA,NA,,
2022-10-20,5.0749954260691466,4.978314339185111,5.171676512953182,-2.37597392100143,-2.5276328088005373,-2.2243150332023225,9.526333837037125,NA,NA,,
2022-10-21,4.8449106470897485,4.7569490100659975,4.9328722841134995,-2.518609661621045,-2.6569566261987214,-2.380262697043369,9.608860729504,NA,NA,,
2022-10-22,3.996189878845213,3.9248895336071423,4.067490224083284,-1.5303907001825225,-1.6419574231747576,-1.4188239771902875,9.68967030157303,NA,NA,,
2022-10-23,4.509618459233488,4.347845077460896,4.671391841006081,-0.26339162174273695,-0.5148026829420875,-0.01198056054338631,9.691343792126817,NA,NA,,
2022-10-24,3.8642775203920476,3.7978990807264923,3.930655960057603,0.3490230904150441,0.24455022666995635,0.45349595416013183,9.8494933095866,NA,NA,,
2022-10-25,4.721970957098181,4.638748381919136,4.805193532277226,0.14415545908383362,0.01366694155589529,0.274643976611772,9.769603814929141,NA,NA,,
2022-10-26,4.876744945223711,4.807583694873088,4.945906195574334,0.5597675543431657,0.4514795332140793,0.6680555754722521,9.68967030157303,NA,NA,,
2022-10-27,4.41569791988013,4.295178036625003,4.536217803135257,0.7050193254539499,0.5161073994193572,0.8939312514885425,9.690511706976778,NA,NA,,
2022-10-28,4.604652023908336,4.54589671897551,4.663407328841163,1.5565781195103885,1.4640644466710075,1.6490917923497694,9.769603814929141,NA,NA,,
2022-10-29,4.551285468925669,4.4335377001736,4.669033237677738,1.8961684307612494,1.7105442516221518,2.081792609900347,9.690511706976778,NA,NA,,
2022-10-30,4.721648861412554,4.634880222002895,4.8084175008222125,1.8354663654800063,1.6984898756259699,1.9724428553340427,9.769603814929141,NA,NA,,
2022-10-31,4.89828475161579,4.809271577349724,4.987297925881856,0.99121303174609,0.8503176545270499,1.13210840896513,9.691343792126817,NA,NA,,
2022-11-01,3.0923477014328586,2.8970013871947153,3.287694015671002,1.762704918579959,1.4535100820396758,2.071899755120242,9.85032539473664,NA,NA,,
2022-11-02,2.410976413478162,2.2768326082345323,2.545120218721792,4.086321971249415,3.8755229821271042,4.297120960371726,9.8494933095866,NA,NA,,
2022-11-03,3.3613150390770534,3.2869204572192294,3.4357096209348774,4.462881598312528,4.345212545801584,4.580550650823472,9.772101711484092,NA,NA,,
2022-11-04,3.437857492725584,3.3509578318129924,3.5247571536381757,3.6194924120087744,3.480975154834015,3.758009669183534,9.932699634460258,NA,NA,,
2022-11-05,3.246499245438985,3.124813194966535,3.3681852959114353,2.955614865788707,2.7613847374276297,3.1498449941497846,10.241235157277728,NA,NA,,
2022-11-06,2.1882768176948635,2.073224366887622,2.303329268502105,2.578641861421998,2.396150318810183,2.7611334040338127,10.392956780027188,NA,NA,,
2022-11-07,1.4193772035739611,1.2853136888790864,1.553440718268836,1.9353478217135405,1.7210322932574387,2.149663350169642,10.674277793644015,NA,NA,,
2022-11-08,1.5859252672687028,1.514541076462436,1.6573094580749694,1.9051226895907665,1.791367310204293,2.01887806897724,10.314485588286368,NA,NA,,
2022-11-09,1.9679419637036573,1.935748477487665,2.0001354499196493,3.395552359615013,3.3443119747193633,3.4467927445106623,10.23806878966884,NA,NA,,
2022-11-10,2.1265631729283725,2.0749130638229114,2.1782132820338336,3.4394839960758845,3.357357740719578,3.521610251432191,10.0859844368358,NA,NA,,
2022-11-11,2.236578593211773,2.1243152613002794,2.348841925123267,2.5669922027395073,2.3883810012539453,2.7456034042250694,10.0859844368358,NA,NA,,
2022-11-12,2.08894787212171,2.0205650212057233,2.157330723037697,2.4211575098955387,2.3123195325142527,2.5299954872768247,10.085172564932627,NA,NA,,
2022-11-13,2.1448340019288827,2.0495941383317664,2.240073865525999,2.6329733657893275,2.4820226752257715,2.7839240563528835,10.0080447341313,NA,NA,,
2022-11-14,2.1033128665068106,2.00761062957498,2.1990151034386414,2.2402973470143386,2.0887402223069995,2.3918544717216776,10.0080447341313,NA,NA,,
2022-11-15,2.0242160571741072,1.9342886809581805,2.114143433390034,2.5307442405957126,2.3882225125267604,2.6732659686646647,10.007226230347102,NA,NA,,
2022-11-16,2.131439741852796,2.002808971357657,2.260070512347935,2.3134184904604846,2.109829659653621,2.5170073212673483,9.930286874632527,NA,NA,,
2022-11-17,2.315904389251937,2.187603377959583,2.4442054005442913,1.4848596952830455,1.2807587184242255,1.6889606721418655,10.0080447341313,NA,NA,,
2022-11-18,1.935792483615898,1.8178856483389667,2.053699318892829,1.4823792102596047,1.295474988799517,1.6692834317196925,10.0080447341313,NA,NA,,
2022-11-19,1.9158587285083664,1.8414474768311526,1.99026998018558,1.3972095607924464,1.2797036688748138,1.514715452710079,10.0080447341313,NA,NA,,
2022-11-20,1.9332309889024897,1.8293392895378688,2.0371226882671105,1.0115662121348736,0.847113348096078,1.1760190761736693,10.007226230347102,NA,NA,,
2022-11-21,1.9898712188017902,1.9159077448023294,2.063834692801251,0.6810013203791976,0.5638295729993629,0.7981730677590323,9.92946837084833,NA,NA,,
2022-11-22,2.0911918812730717,2.0201856674917544,2.162198095054389,0.18321476553274896,0.06991419240271132,0.29651533866278657,9.930286874632527,NA,NA,,
2022-11-23,1.9032796018999527,1.7978611325461182,2.008698071253787,0.2648008951294044,0.0968652895816837,0.4327365006771251,10.008856606034472,NA,NA,,
2022-11-24,1.9004717931935762,1.7865896487212165,2.014353937665936,0.1248974178151878,-0.05628370929484745,0.3060785449252231,10.0859844368358,NA,NA,,
2022-11-25,2.2178586751994054,2.1327936653186854,2.3029236850801253,-0.511185365226564,-0.6472560003547319,-0.37511473009839613,10.0859844368358,NA,NA,,
2022-11-26,1.851027692975,1.7314893075043023,1.9705660784456978,-0.7517668405028287,-0.9424748353373088,-0.5610588456683486,10.0859844368358,NA,NA,,
2022-11-27,2.092075015484616,1.9795187536907692,2.204631277278463,-1.551878523799916,-1.732268036169322,-1.37148901143051,10.08678893679827,NA,NA,,
2022-11-28,1.706889863428449,1.6353697730720709,1.7784099537848272,-2.023064169661927,-2.1374611014582463,-1.9086672378656073,10.1632164332329,NA,NA,,
2022-11-29,2.0345761445777817,1.9878134161790857,2.0813388729764775,-2.022227305675052,-2.09678051516681,-1.9476740961832941,10.164012821194989,NA,NA,,
2022-11-30,1.378854469845165,1.2598014379236244,1.4979075017667056,-3.278639062086634,-3.4697432672008164,-3.087534856972452,10.245680873848483,NA,NA,,
2022-12-01,1.2375146283854725,1.189957313810566,1.2850719429603792,-2.3885460658657798,-2.4650456506020224,-2.312046481129537,10.809132433901759,NA,NA,,
2022-12-02,1.6750847854113664,1.6058620606668643,1.7443075101558685,-1.762111148114381,-1.8720392360767817,-1.6521830601519802,10.08435406114843,NA,NA,,
2022-12-03,1.7591080723361285,1.6770224656946864,1.8411936789775707,-2.325070843176416,-2.455235859466998,-2.194905826885834,9.9310987465357,NA,NA,,
2022-12-04,1.7897831952087062,1.7530846626458658,1.8264817277715466,-2.7865771753988757,-2.845360326908962,-2.7277940238887894,10.087585324760358,NA,NA,,
2022-12-05,1.8612474461977955,1.8017920391979418,1.920702853197649,-2.569063518571118,-2.6646586931966234,-2.4734683439456124,10.23806878966884,NA,NA,,
2022-12-06,1.7803147072908432,1.7167653395501905,1.8438640750314959,-1.7698007095428314,-1.8713516879890735,-1.6682497310965894,10.085172564932627,NA,NA,,
2022-12-07,1.6417810610918884,1.596751262449924,1.6868108597338527,-1.4259055057653003,-1.4976936231223228,-1.3541173884082778,10.008856606034472,NA,NA,,
2022-12-08,0.7663610279819053,0.7226285120874986,0.810093543876312,-1.6487513683754855,-1.7186367578389974,-1.5788659789119737,10.087585324760358,NA,NA,,
2022-12-09,1.6178630706100219,1.505981470807327,1.7297446704127168,-2.9979012921580424,-3.1771350399051843,-2.8186675444109004,10.244959942922378,NA,NA,,
2022-12-10,1.2544397405081644,1.2121097079580607,1.2967697730582681,-4.053501670642167,-4.121947274210009,-3.9850560670743262,10.746811416268939,NA,NA,,
2022-12-11,1.643394266335378,1.5996232743394305,1.6871652583313255,-3.035748670383847,-3.106453689377318,-2.965043651390376,10.675055737426312,NA,NA,,
2022-12-12,1.7364951796473527,1.707501094503456,1.7654892647912492,-2.181501793580979,-2.2280753207363007,-2.1349282664256575,10.389177783506604,NA,NA,,
2022-12-13,1.4614061981319688,1.3931885924614753,1.5296238038024623,-1.4160106207036285,-1.5250934271941796,-1.3069278142130774,10.314485588286368,NA,NA,,
2022-12-14,1.625803800932554,1.5691693617380496,1.6824382401270583,-1.3223010301449585,-1.412587153282004,-1.232014907007913,10.23887328963131,NA,NA,,
2022-12-15,1.5741588525517647,1.515848887000129,1.6324688181034004,-0.8953757806096134,-0.988131984946158,-0.8026195762730689,10.16241193327043,NA,NA,,
2022-12-16,1.379652424967445,1.310675498234297,1.4486293517005928,-0.6608727453146377,-0.7703294667740948,-0.5514160238551806,10.0859844368358,NA,NA,,
2022-12-17,1.4521094019379124,1.3479323100763982,1.5562864937994265,-1.0268899115293129,-1.1921533868532443,-0.8616264362053814,10.0859844368358,NA,NA,,
2022-12-18,1.4889938247988947,1.4101595351471594,1.56782811445063,-0.9377852872891916,-1.0629625749374179,-0.8126079996409654,10.0859844368358,NA,NA,,
2022-12-19,1.6170787474286414,1.530617952567845,1.703539542289438,-0.6436990710330083,-0.7809991411196162,-0.5063990009464003,10.0859844368358,NA,NA,,
2022-12-20,1.2259647707269488,1.1716766018044438,1.2802529396494537,-0.6447117284318848,-0.731492869041097,-0.5579305878226727,10.087585324760358,NA,NA,,
2022-12-21,1.7011673142253152,1.6381465939465714,1.764188034504059,-0.9431564000542706,-1.0444545740806248,-0.8418582260279165,10.241235157277728,NA,NA,,
2022-12-22,1.2892331267717154,1.2509794452312748,1.327486808312156,-1.2659280236988095,-1.3276522831236242,-1.204203764273995,10.392956780027188,NA,NA,,
2022-12-23,1.5290750292453492,1.4533518498178999,1.6047982086727985,-0.8177901137480357,-0.940719130843017,-0.6948610966530544,10.684392874343475,NA,NA,,
2022-12-24,1.2760041130919348,1.2314332269535115,1.3205749992303581,-0.09644308715675834,-0.16915164233678814,-0.023734531976728535,11.299325607593964,NA,NA,,
2022-12-25,0.826525730674162,0.7879650608843599,0.8650864004639641,-0.4455727755654459,-0.5093727218981026,-0.38177282923278927,12.536249151931973,NA,NA,,
2022-12-26,1.1598434060317038,1.0578698715236001,1.2618169405398074,-2.8304472467443955,-2.999635298358968,-2.6612591951298232,12.670141285734259,NA,NA,,
2022-12-27,-0.21469449957114783,-0.5563760923570373,0.12698709321474172,-3.2943334885233693,-3.8558172823925627,-2.732849694654176,12.089707082116428,NA,NA,,
2022-12-28,0.03975781649616742,0.024542715417669093,0.05497291757466575,-1.2889817167050035,-1.3138353413215413,-1.2641280920884657,11.999304668894172,NA,NA,,
2022-12-29,0.14725786650723535,0.1174659410207801,0.1770497919936906,-1.9597617973459827,-2.0086808187855456,-1.9108427759064197,11.967538250557562,NA,NA,,
2022-12-30,0.19780906778216228,0.15203360877125444,0.24358452679307013,-2.5670412459543646,-2.642294281916025,-2.4917882099927042,12.036412753670803,NA,NA,,
2022-12-31,-0.1638024643727261,-0.2479242072618114,-0.0796807214836408,-1.4629846021164379,-1.6015940044070334,-1.3243751998258424,12.345154463290019,NA,NA,,
2023-01-01,0.12678970962551453,0.10498584600114638,0.14859357324988268,-0.6915364572444594,-0.7270894264691818,-0.655983488019737,12.091056475062443,NA,NA,,
2023-01-02,-0.11301206352935787,-0.12839628598423083,-0.09762784107448493,-1.3114225202564735,-1.3365188574352962,-1.286326183077651,11.991567880290898,NA,NA,,
2023-01-03,0.13706890648502354,0.12440552170316665,0.14973229126688042,-1.313509672231061,-1.3341715462005324,-1.2928477982615898,11.961622384881581,NA,NA,,
2023-01-04,0.2839415376910575,0.22068891058658358,0.34719416479553145,-2.9333931330861343,-3.037155433313127,-2.8296308328591415,11.990524123806159,NA,NA,,
2023-01-05,-0.28739087865515867,-0.3863150392287909,-0.18846671808152643,-1.4528156365229816,-1.6151445130757176,-1.2904867599702456,11.960757289040211,NA,NA,,
2023-01-06,0.10756442737294739,0.06632221909811128,0.1488066356477835,-0.6162782958311581,-0.6837474705613594,-0.5488091211009568,11.962402969751487,NA,NA,,
2023-01-07,0.18509515115463476,0.16344440417260783,0.2067458981366617,-1.901241757348019,-1.9366874080838306,-1.8657961066122073,11.970509841740382,NA,NA,,
2023-01-08,0.07953220470065613,0.0464910408106282,0.11257336859068405,-1.4846825547611415,-1.5385829864268155,-1.4307821230954676,11.955508078646528,NA,NA,,
2023-01-09,-0.019816212863894345,-0.0867558584441534,0.04712343271636471,-2.078035445222864,-2.187270337244484,-1.9688005532012443,11.967479432012482,NA,NA,,
2023-01-10,-0.32612874651245377,-0.37058410330746994,-0.2816733897174376,-1.710554691803199,-1.7832327359968234,-1.6378766476095747,11.992052468946302,NA,NA,,
2023-01-11,-0.011990962719774257,-0.04120001412800595,0.017218088688457436,-1.1881195225796286,-1.23589887645309,-1.1403401687061672,11.962965341277558,NA,NA,,
2023-01-12,0.1651713174948315,0.13391432098274408,0.1964283140069189,-1.5142294670734784,-1.5654578295601091,-1.4630011045868476,11.960391753622376,NA,NA,,
2023-01-13,0.05841458310333351,0.04290077771697815,0.07392838848968887,-1.5774094186680898,-1.602791259516898,-1.5520275778192816,11.966718115233,NA,NA,,
2023-01-14,-0.12303476923473251,-0.14472450587702407,-0.10134503259244096,-2.374036552818108,-2.4094309808229846,-2.3386421248132314,12.022304449590326,NA,NA,,
2023-01-15,-0.008888048066620571,-0.031415104474264155,0.013639008341023011,-1.968173218300932,-2.004846751500495,-1.9314996851013688,12.044785300250647,NA,NA,,
2023-01-16,-0.08056146728808446,-0.12379527983576373,-0.03732765474040518,-1.4002393599962355,-1.4703667260442324,-1.3301119939482386,11.98700265822981,NA,NA,,
2023-01-17,0.1111910735203648,0.088124597887227707,0.13425754915350188,-0.8334089499149565,-0.8707937533891593,-0.7960241464407537,11.962424825913107,NA,NA,,
2023-01-18,-0.03158760728263438,-0.09504857044321449,0.031873355877945736,-0.9668651413291947,-1.0697739046668537,-0.8639563779915356,11.973597948769548,NA,NA,,
2023-01-19,0.1349248407869551,0.1015905200900123,0.1682591614838979,-0.039666713058212004,-0.09347032564227298,0.014136899525848963,12.053600137475753,NA,NA,,
2023-01-20,0.1134515398440566,0.088688772126202,0.13821430756191122,0.15938260153886205,0.1194508606212125,0.19931434245651158,12.15774558371084,NA,NA,,
2023-01-21,0.25709173894876286,0.2040947821573099,0.3100886957402158,0.012017888965982278,-0.073831551752985,0.09786732968494954,12.258159437021517,NA,NA,,
2023-01-22,0.21871560283506536,0.1799764241006994,0.25745478156943136,0.018135024462338577,-0.04441294543445811,0.08068299435913526,12.339334088171393,NA,NA,,
2023-01-23,0.13196208522881342,0.09215156837777724,0.1717726020798496,0.1423098677851889,0.07802759955532608,0.20659213601505172,12.401397730270608,NA,NA,,
2023-01-24,0.21176206547253773,0.15215222668551615,0.2713719042595593,0.46028540301270193,0.36397926301983397,0.5565915430055699,12.457232109712102,NA,NA,,
2023-01-25,0.21796906501584148,0.15242907452354476,0.2835090555081382,0.6386086435014041,0.5326640677337598,0.7445532192690484,12.513631828216784,NA,NA,,
2023-01-26,0.32759224386738983,0.2415385728312397,0.41364591490353997,0.3541470557776767,0.21501156095066784,0.4932825506046855,12.53821901335168,NA,NA,,
2023-01-27,0.3138635214692118,0.21541112071200924,0.4123159222264144,-0.5469257919227688,-0.7059817825815234,-0.38786980126401416,12.572081951626165,NA,NA,,
2023-01-28,0.39262528012399067,0.3157682557096295,0.4694823045383518,-1.3667483335975936,-1.4905178248519761,-1.242978842343211,12.581285908372676,NA,NA,,
2023-01-29,0.1440286455896869,0.0842483300719884,0.2038089611073854,-0.9019040415389765,-0.9978645959500626,-0.8059434871278904,12.608509915372906,NA,NA,,
2023-01-30,0.2672016350791325,0.22214936035115773,0.3122539098071073,-0.07492047036761154,-0.14701380542253664,-0.0028271353126864407,12.649010888995736,NA,NA,,
2023-01-31,0.4510469848974337,0.3513565054711218,0.5507374643237456,-0.6530603598655524,-0.8130904632175896,-0.4930302565135153,12.671867521665197,NA,NA,,
2023-02-01,0.38774205786763993,0.31135756805913184,0.464126547676148,-0.8535014571099726,-0.9759034333619406,-0.7310994808580046,12.675688772245914,NA,NA,,
2023-02-02,0.6029862305677888,0.495284792990521,0.7106876681450566,-1.6079031031552666,-1.7813105997130034,-1.4344956065975298,12.680394090644825,NA,NA,,
2023-02-03,0.25900156537777913,0.2288690454568784,0.2891340852986799,-1.0745309027662373,-1.1230849666870915,-1.0259768388453832,12.681147928832813,NA,NA,,
2023-02-04,0.5441958458504356,0.41820332617033906,0.6701883655305321,-2.128678375918755,-2.332042470388695,-1.9253142814488151,12.679047340892453,NA,NA,,
2023-02-05,0.1373386690744295,0.06986747117289963,0.20480986697595935,-0.7142572247986697,-0.8229002028564257,-0.6056142467409137,12.667277362166796,NA,NA,,
2023-02-06,0.6068848415767956,0.5559703286206535,0.6577993545329376,0.16376120433987984,0.08217901857172474,0.24534339010803494,12.67852424332975,NA,NA,,
2023-02-07,0.5192434810532177,0.44238582221042966,0.5961011398960058,-0.025083786082585727,-0.14861303786011876,0.0984454656949473,12.679036634596493,NA,NA,,
2023-02-08,0.5670531592145682,0.49675602436759386,0.6373502940615425,-0.1501579165872339,-0.2626788491778036,-0.037636983996664194,12.6661312413589,NA,NA,,
2023-02-09,0.7055515234215095,0.6020354790550143,0.8090675677880047,-0.8508370481528708,-1.0163618656156592,-0.6853122306900823,12.665961652162865,NA,NA,,
2023-02-10,0.6973149092360292,0.6020475268760048,0.7925822915960536,-1.5924388749351237,-1.745027710509527,-1.4398500393607203,12.650020267735734,NA,NA,,
2023-02-11,0.5438456101785701,0.47406198527247057,0.6136292350846697,-1.3712037501632628,-1.4825798940786843,-1.2598276062478413,12.665850770182574,NA,NA,,
2023-02-12,0.685590759704842,0.6120137714240805,0.7591677479856034,-1.3669577200843552,-1.4842609033465806,-1.24965453682213,12.639076677142166,NA,NA,,
2023-02-13,0.7353012653374937,0.6553931071512061,0.8152094235237813,-1.7025180883980147,-1.8296575852790202,-1.575378591517009,12.626641630746827,NA,NA,,
2023-02-14,0.5362438933853818,0.4705133865609472,0.6019744002098164,-1.1951479397836782,-1.2996227505940392,-1.0906731289733171,12.610182815732013,NA,NA,,
2023-02-15,0.8734647687430256,0.7951697904167686,0.9517597470692826,-0.8378868456709031,-0.961219631222328,-0.7145540601194782,12.385457674266842,NA,NA,,
2023-02-16,0.9382517633739755,0.8370309882686149,1.0394725384793362,-1.4573842250119406,-1.617095421003565,-1.2976730290203162,12.193385348270214,NA,NA,,
2023-02-17,0.8851613416467923,0.8143010904145888,0.9560215928789958,-1.3388872082198433,-1.4502168198693848,-1.2275575965703018,12.149615761788692,NA,NA,,
2023-02-18,0.9763822769266863,0.9102321731191596,1.042532380734213,-1.4643359920815127,-1.568316354280075,-1.3603556298829502,12.05969320687924,NA,NA,,
2023-02-19,1.029324062672845,0.9399482895156697,1.1186998358300204,-1.1713939575630945,-1.3117356441078412,-1.0310522710183478,12.012260580147037,NA,NA,,
2023-02-20,1.4579588148391864,1.3330569461513133,1.5828606835270596,-1.8237100835962834,-2.020428571114675,-1.6269915960778916,11.9164519693916,NA,NA,,
2023-02-21,1.226614554813029,1.1628446817319038,1.290384427894154,-2.4581469638409708,-2.5581217515063983,-2.358172176175543,11.916961100312978,NA,NA,,
2023-02-22,1.1730971766343177,1.1029688300089708,1.2432255232596645,-2.3160705997448585,-2.425333309924974,-2.206807889564743,11.965827918614686,NA,NA,,
2023-02-23,1.3628482178743553,1.256352659668508,1.4693437760802026,-3.0882116162971016,-3.2541106496628043,-2.922312582931399,12.01375776673436,NA,NA,,
2023-02-24,1.2145467411439372,1.1682695195401027,1.2608239627477718,-1.9567638261445668,-2.0288318737851956,-1.884695778503938,12.05969320687924,NA,NA,,
2023-02-25,1.5563645642667494,1.446539899616814,1.6661892289166849,-2.1996597600351113,-2.3708664360595963,-2.0284530840106263,12.011210048823918,NA,NA,,
2023-02-26,1.6042754129650103,1.53707550108479,1.6714753248452305,-2.2546545255144124,-2.359311433692506,-2.149997617336319,11.816133523762133,NA,NA,,
2023-02-27,1.1241602904442671,1.0535492491341303,1.194771331754404,-2.9956438570728365,-3.104936075742839,-2.886351638402834,11.868742012335707,NA,NA,,
2023-02-28,1.0258842606987835,0.9722308901994755,1.0795376311980915,-2.5858813699223115,-2.669395774190972,-2.502366965653651,12.058166725253992,NA,NA,,
2023-03-01,1.5687398622061244,1.5030759156969091,1.6344038087153396,-0.8946202951056358,-0.9958484752107692,-0.7933921150005023,11.868253337440548,NA,NA,,
2023-03-02,2.005395392584911,1.9047725050413427,2.106018280128479,-1.3435227640408731,-1.4999873306430276,-1.1870581974387187,12.0132690918392,NA,NA,,
2023-03-03,2.4215870606491867,2.2701578982820547,2.5730162230163187,-2.0550696017616814,-2.2896349882335487,-1.8205042152898139,12.014699175997666,NA,NA,,
2023-03-04,1.8930628046375604,1.765974293690705,2.0201513155844157,-3.5577442267320176,-3.7548806469547378,-3.3606078065092975,12.151444288112417,NA,NA,,
2023-03-05,2.0062406206908188,1.9185395656682271,2.0939416757134106,-2.756324930190745,-2.892003125153692,-2.620646735227798,12.234368895822872,NA,NA,,
2023-03-06,2.2995797460956977,2.198762323486251,2.4003971687051444,-2.1710533972830937,-2.326672254191706,-2.015434540374481,12.1059751580463,NA,NA,,
2023-03-07,2.208537944787561,2.063021144159979,2.3540547454151426,-2.2415651065991478,-2.465969595332555,-2.0171606178657404,12.106890376933196,NA,NA,,
2023-03-08,2.605273617578141,2.5122915896712747,2.6982556454850073,-2.220615254595928,-2.363947784338158,-2.077282724853698,12.195097644387898,NA,NA,,
2023-03-09,2.3607827531718093,2.1805660507952425,2.540999455548376,-3.759928731000753,-4.0368594141976315,-3.482998047803875,12.318257224399783,NA,NA,,
2023-03-10,1.9669817046474638,1.9174325108262544,2.016530898468673,-2.6257659087420886,-2.702187875769604,-2.5493439417145733,12.63307359604153,NA,NA,,
2023-03-11,2.0366014821800533,1.9749105505041908,2.0982924138559156,-2.217932996381985,-2.3131080562464383,-2.122757936517532,12.580909886704935,NA,NA,,
2023-03-12,2.1965499027868063,2.132384160799935,2.2607156447736774,-2.8430953454199255,-2.9427432349866525,-2.7434474558531985,12.566625923196014,NA,NA,,
2023-03-13,0.5549357683482964,0.4617714561740851,0.6481000805225077,-1.64111959919853,-1.7839864900347195,-1.4982527083623403,12.056906633520198,NA,NA,,
2023-03-14,-0.3354812697303179,-0.3569318007041034,-0.31403073875653237,-1.58389486526239,-1.6165704745020852,-1.551219256022695,12.027561011201156,NA,NA,,
2023-03-15,-0.14097575000904464,-0.21011211425897608,-0.0718393857591132,-1.1741642842561753,-1.2797343063674853,-1.0685942621448652,12.112868027227066,NA,NA,,
2023-03-16,0.2827402487556687,0.2316636219654275,0.33381687554590994,-1.2654098510088305,-1.3433752371315755,-1.1874444648860856,12.040065680139687,NA,NA,,
2023-03-17,0.5227755118008589,0.4677632048849348,0.577787818716783,-1.18669497877141,-1.270531638638934,-1.102858318903886,12.006614570469365,NA,NA,,
2023-03-18,0.8189899535646928,0.777903628284006,0.8600762788453796,-1.7556618740745698,-1.8182755113057312,-1.6930482368434083,11.989464266675057,NA,NA,,
2023-03-19,0.6826981187571891,0.6068360820359467,0.7585601554784315,-2.2993719994414334,-2.415023966419529,-2.183720032463338,11.98118047101612,NA,NA,,
2023-03-20,1.0492910630978605,1.0258975835243334,1.0726845426713876,-2.034332434966084,-2.0698478163092324,-1.9988170536229355,11.989922712428879,NA,NA,,
2023-03-21,0.6806375020241059,0.6632133376332425,0.6980616664149693,-2.490966535715332,-2.517331494482827,-2.4646015769478367,11.98094678672972,NA,NA,,
2023-03-22,0.8131700736359213,0.7486289346045666,0.877711212667276,-1.585036042123593,-1.6833428394946341,-1.4867292447525517,11.967480072768577,NA,NA,,
2023-03-23,0.747152311113969,0.6934913224639967,0.8008132997639412,-0.2798400040595038,-0.36074741907895574,-0.1989325890400519,11.957871132521166,NA,NA,,
2023-03-24,0.9856656843791896,0.9530453568887437,1.0182860118696355,0.08425344198831886,0.03490468400790507,0.13360219996873263,11.965565501945964,NA,NA,,
2023-03-25,1.0198708819650675,0.9797508498218527,1.0599909141082822,-0.03345916178058495,-0.09393363461753598,0.027015311056366086,12.007677632798552,NA,NA,,
2023-03-26,1.4083911043656492,1.3716999784839818,1.4450822302473165,-0.33369687581128127,-0.389005431490488,-0.27838832013207454,12.053105752349394,NA,NA,,
2023-03-27,1.0558415169990463,0.9484469257654377,1.163236108232655,-1.32567103382546,-1.4876635294247686,-1.1636785382261514,12.108795783530695,NA,NA,,
2023-03-28,0.8627438332719327,0.7931839994266829,0.9323036671171825,-2.255716423016726,-2.3607776918049552,-2.150655154228497,12.067364077359805,NA,NA,,
2023-03-29,0.9426871305162839,0.9145905209736721,0.9707837400588958,-1.5651983471192104,-1.6075296097419214,-1.5228670844964993,12.109666430962976,NA,NA,,
2023-03-30,0.9836872991177635,0.9328441775423232,1.034530420693204,-1.1758822368895079,-1.2525774568683001,-1.0991870169107156,12.150903198231685,NA,NA,,
2023-03-31,1.3012259145032277,1.2345327821279373,1.367919046878518,-0.9851950359473303,-1.0859999678821626,-0.884390104012498,12.188354337988299,NA,NA,,
2023-04-01,1.1976395994399314,1.1482135661863273,1.2470656326935354,-0.7216504629826831,-0.7960298243892575,-0.6472711015761087,12.154969811337722,NA,NA,,
2023-04-02,0.875419247178841,0.8386440973463292,0.9121943970113529,-0.5242415301453733,-0.5791598864069627,-0.46932317388378403,11.991008131926472,NA,NA,,
2023-04-03,0.8380977711486639,0.790014229483563,0.8861813128137648,-0.118418538016842,-0.19015291369286108,-0.04668416234082294,12.007582464828669,NA,NA,,
2023-04-04,1.0402911618449162,1.0082784097333082,1.0723039139565242,-0.05366801274449729,-0.10148510616637126,-0.005850919322623327,12.043675965179224,NA,NA,,
2023-04-05,1.5311667165921465,1.4855396745942617,1.5767937585900313,-0.5952688224805399,-0.6635690935869426,-0.5269685513741372,12.072070188464828,NA,NA,,
2023-04-06,1.0713389588522158,1.043192013721752,1.0994859039826794,-1.1330370229596898,-1.1750845244690373,-1.0909895214503422,12.086454969794215,NA,NA,,
2023-04-07,1.5493398049789153,1.4889646996852888,1.6097149102725419,-1.0862632940968264,-1.1764502645826453,-0.9960763236110075,11.996659426758626,NA,NA,,
2023-04-08,1.5341559747254174,1.4721219989413488,1.596189950509486,-0.41309437067538013,-0.5054299764685223,-0.320758764882238,11.959493663772351,NA,NA,,
2023-04-09,1.8661191054344795,1.834986775086707,1.8972514357822519,-0.529311093491903,-0.5758678525280355,-0.48275433445577043,11.955115312856387,NA,NA,,
2023-04-10,1.8609119087370236,1.7946160992123579,1.9272077182616894,-0.918052341992118,-1.0168776285988206,-0.8192270553854156,11.971425027635272,NA,NA,,
2023-04-11,0.6012117676535462,0.5710822737999472,0.6313412615071452,0.03899202765871117,-0.005505887724747298,0.08348994304216964,12.053017542623133,NA,NA,,
2023-04-12,0.6439718216879338,0.5652225581692931,0.7227210852065744,-0.09254483588444605,-0.20845654922593904,0.023366877457046936,12.051335616944566,NA,NA,,
2023-04-13,1.2152153235798675,1.1623912485948515,1.2680393985648835,-1.0431711841121858,-1.121476759430666,-0.9648656087937054,12.01238953325581,NA,NA,,
2023-04-14,1.3000469569197124,1.2691206498765073,1.3309732639629175,-0.8471447650386579,-0.8929332572314226,-0.8013562728458932,11.988517496117238,NA,NA,,
2023-04-15,1.688945051043152,1.6677028567420908,1.7101872453442133,-0.7918601198605685,-0.823350041501532,-0.7603701982196049,11.977700536476965,NA,NA,,
2023-04-16,1.363937594845445,1.3189426520853753,1.4089325376055148,-0.33928666013863285,-0.40574734990610095,-0.27282597037116474,11.97608081300799,NA,NA,,
2023-04-17,1.1420592378938708,1.0402017080764294,1.243916767711312,-0.8986536354006923,-1.04822494764492,-0.7490823231564647,11.97644656696348,NA,NA,,
2023-04-18,1.5739485706060448,1.4881962137759015,1.659700927436188,-0.9619360457684968,-1.0883007407138068,-0.8355713508231868,11.972827793215643,NA,NA,,
2023-04-19,1.239543784577941,1.1418949554853983,1.3371926136704835,0.18687086329671163,0.043110826097359445,0.3306309004960638,11.970362335096542,NA,NA,,
2023-04-20,0.15160216622640377,-0.28323554693786196,0.5864398793906695,-2.317763134474421,-2.9625443359129786,-1.6729819330358635,12.23487729748553,NA,NA,,
2023-04-21,0.2786617635422272,0.2309483165525414,0.32637521053191304,-0.9382483456529471,-1.0089580490637755,-0.8675386422421186,12.271773685933907,NA,NA,,
2023-04-22,0.3028225165663898,0.20922573041957548,0.39641930271320414,-1.8673099999063008,-2.0064444350936808,-1.7281755647189208,12.298918352544174,NA,NA,,
2023-04-23,-0.01232285537417513,-0.06676942428083703,0.04212371353248676,-1.1925656615550935,-1.272938265737441,-1.1121930573727459,12.286096983995916,NA,NA,,
2023-04-24,0.29342161414664414,0.2652427675671615,0.3216004607261268,-0.5674019767478011,-0.6089482483988841,-0.5258557050967182,12.235696671362788,NA,NA,,
2023-04-25,0.5899484042379147,0.5224478861659362,0.6574489223098933,-0.8025488063343065,-0.9023469419164277,-0.7027506707521852,12.17724659555786,NA,NA,,
2023-04-26,0.7393711657398474,0.6901030760407764,0.7886392554389184,-0.8405549479423237,-0.9133916822883359,-0.7677182135963114,12.171842921330875,NA,NA,,
2023-04-27,0.6511346111065119,0.575640965410373,0.7266282568026509,-0.7604529724553492,-0.87184622477121,-0.6490597201394883,12.21548367541857,NA,NA,,
2023-04-28,0.33690276436763755,0.27347030662168187,0.40033522211359324,-0.45018716357460326,-0.5436865210005578,-0.3566878061486487,12.290262346424829,NA,NA,,
2023-04-29,0.5971543786367102,0.5441215336976816,0.6501872235757388,-0.6943982860763219,-0.7724615539638201,-0.6163350181888237,12.365142062002787,NA,NA,,
2023-04-30,0.5990155546377126,0.5540998898705505,0.6439312194048747,-1.0511813788424482,-1.1170202394943183,-0.9853425181905782,12.405417627817258,NA,NA,,
2023-05-01,0.23052577017287842,0.18887598372718645,0.2721755566185704,-1.3949715840143522,-1.45575801084619,-1.3341851571825143,12.34984591929747,NA,NA,,
2023-05-02,0.20371446466856338,0.13034742231490348,0.2770815070222233,-1.3343789042161678,-1.4417866650372375,-1.226971143395098,12.2596179669852,NA,NA,,
2023-05-03,0.6604510701330518,0.631110336823939,0.6897918034421646,-1.7474454448216934,-1.7904623761476994,-1.7044285134956874,12.19840320839534,NA,NA,,
2023-05-04,0.3196561651216728,0.28981534468802866,0.3494969855553169,-1.441620873110708,-1.4850747113234946,-1.3981670348979216,12.156999309817342,NA,NA,,
2023-05-05,0.41857755075122605,0.40466485369231286,0.43249024781013923,-1.05608816560313,-1.0763956367155638,-1.0357806944906962,12.134511847259281,NA,NA,,
2023-05-06,0.6240166430120175,0.6005900919348873,0.6474431940891477,-0.9357366935824499,-0.9698801964631065,-0.9015931907017933,12.12577035277271,NA,NA,,
2023-05-07,0.6618557172105527,0.6119672940461202,0.7117441403749852,-1.14941498526017,-1.2221218041185704,-1.0767081664017697,12.108290318387017,NA,NA,,
2023-05-08,0.23541350641684652,0.19614702946310406,0.274679983370589,-0.6620909536140701,-0.7192733176778129,-0.6049085895503273,12.103725718891612,NA,NA,,
2023-05-09,1.000381094952574,0.945919411669053,1.054842778236095,-1.3228347502571183,-1.4025048922165992,-1.2431646082976373,12.092003492284546,NA,NA,,
2023-05-10,0.9358230139040555,0.8847708266901402,0.9868752011179709,-1.0992233192066776,-1.1735201179168309,-1.0249265204965243,12.082814739493172,NA,NA,,
2023-05-11,1.244590018558807,1.1916184573019544,1.2975615798156597,-1.1565054768937046,-1.2339188098975804,-1.0790921438898289,12.084374483214631,NA,NA,,
2023-05-12,1.2514884719586366,1.1825689993029223,1.3204079446143508,-0.8979218327022523,-0.9985820524857035,-0.7972616129188012,12.099879348676888,NA,NA,,
2023-05-13,1.204815589932161,1.131642078627425,1.2779891012368971,-1.0664584244331161,-1.1729133002519916,-0.9600035486142406,12.145653801548079,NA,NA,,
2023-05-14,0.7994299816625191,0.7700695416841751,0.8287904216408631,-1.0443122961052345,-1.0869051690588147,-1.0017194231516542,12.20813476136047,NA,NA,,
2023-05-15,0.5632457986551213,0.500218980550468,0.6262726167597745,-0.4328077828394837,-0.5240961975200601,-0.3415193681589073,12.257800980961465,NA,NA,,
2023-05-16,0.9067269332012643,0.8785046209750598,0.9349492454274688,-0.6067006735852055,-0.6475796037655159,-0.5658217434048951,12.289498545278347,NA,NA,,
2023-05-17,0.7214397164627685,0.6852828273633927,0.7575966055621443,-0.8550627988856045,-0.9073782049569914,-0.8027473928142177,12.291357336167994,NA,NA,,
2023-05-18,0.7269974391494635,0.6838705400277568,0.7701243382711701,-0.8860076050231734,-0.9485913758718602,-0.8234238341744867,12.288615059209372,NA,NA,,
2023-05-19,0.6334707920260496,0.59178369787382,0.6751578861782792,-0.5149240329977008,-0.5752350565783627,-0.454613009417039,12.297188722123842,NA,NA,,
2023-05-20,0.7492467630090502,0.700979315258244,0.7975142107598565,-0.6884525499253458,-0.7583236104091515,-0.61858148944154,12.302734269340183,NA,NA,,
2023-05-21,0.5538904117818342,0.5049373467108029,0.6028434768528654,-0.3489790457910633,-0.4196454615485959,-0.27831263003353074,12.287105527700605,NA,NA,,
2023-05-22,0.8920901281187231,0.8567507993627062,0.9274294568747401,-0.80629546015673,-0.8570306248846336,-0.7555602954288265,12.241970994564065,NA,NA,,
2023-05-23,0.9184511963761156,0.8977470270334331,0.9391553657187981,-1.388157379526636,-1.4179832214290748,-1.3583315376241971,12.171727491753451,NA,NA,,
2023-05-24,1.1335846839505552,1.1067782224916067,1.1603911454095037,-1.8296615378833918,-1.8683842540826234,-1.7909388216841602,12.1233294704412,NA,NA,,
2023-05-25,1.1223560065959375,1.0738614745915305,1.1708505386003445,-2.160973692526039,-2.231034176917048,-2.09091320813503,12.095623683057086,NA,NA,,
2023-05-26,1.0868892126583154,1.026766339153737,1.1470120861628939,-1.8022298707853948,-1.8890351922784734,-1.7154245492923161,12.084860339181667,NA,NA,,
2023-05-27,0.9838156161533715,0.8844190179120475,1.0832122143946956,-1.5641394084247209,-1.7067759623084566,-1.4215028545409851,12.078627182163183,NA,NA,,
2023-05-28,1.4839790855190704,1.457253290206864,1.5107048808312769,-1.9449499729844775,-1.9834915011889616,-1.9064084447799934,12.082698285921275,NA,NA,,
2023-05-29,1.334393692224755,1.26311012332011,1.4056772611294,-2.0329354348834396,-2.1355692379259636,-1.9303016318409159,12.072979869784856,NA,NA,,
2023-05-30,1.316085529904061,1.2400633749143148,1.3921076848938072,-1.996025448400836,-2.105027874045475,-1.8870230227561973,12.06746714490855,NA,NA,,
2023-05-31,1.6713334292041364,1.616088385914695,1.7265784724935778,-2.0619990338402316,-2.141145446182498,-1.9828526214979652,12.056700681051423,NA,NA,,
2023-06-01,1.6437430830051865,1.5945805409988678,1.692905625011505,-1.8965446302790052,-1.967044185490881,-1.8260450750671295,12.034719210997396,NA,NA,,
2023-06-02,2.0411532722446672,2.0032353465269344,2.0790711979624,-2.060682135075895,-2.115233809050689,-2.0061304611011006,12.0141160144354,NA,NA,,
2023-06-03,2.2348533355859432,2.1816790014041008,2.2880276697677857,-2.3972059001796113,-2.4735072604164516,-2.320904539942771,11.999580292540598,NA,NA,,
2023-06-04,2.6621399357300946,2.5871095434070486,2.7371703280531405,-2.756954668265912,-2.864465623058001,-2.649443713473823,11.993287926681058,NA,NA,,
2023-06-05,2.397697029519657,2.31389121890795,2.481502840131364,-2.7867359761896164,-2.906281765496582,-2.667190186882651,11.991406311331966,NA,NA,,
2023-06-06,2.7105239742851097,2.5655096747169175,2.855538273853302,-3.3925712162527146,-3.5996691278184354,-3.185473304686994,11.99059713923122,NA,NA,,
2023-06-07,2.1304903233005685,1.9677405233834597,2.2932401232176773,-2.664637888060442,-2.898636894858847,-2.430638881262037,12.001504918827298,NA,NA,,
2023-06-08,1.1044774384166385,0.6702396406390994,1.5387152361941776,-2.5123067236579204,-3.1286586798936216,-1.8959547674222192,11.987229899503511,NA,NA,,
2023-06-09,-0.0706519127381546,-0.37327523917820604,0.23197141370189686,-2.041555665672975,-2.4734573414491297,-1.6096539898968207,11.984026282875357,NA,NA,,
2023-06-10,0.46893540223066044,0.4344263439828884,0.5034444604784325,-2.4640388663982513,-2.5133799741739598,-2.414697758622543,11.97398408015706,NA,NA,,
2023-06-11,0.5228343767420548,0.40052615259819085,0.6451426008859187,-2.6525415078784085,-2.8270096215389824,-2.4780733942178346,11.966075092912423,NA,NA,,
2023-06-12,1.0199101143873668,0.990922397753001,1.0488978310217325,-2.4564765102058366,-2.4979180684765403,-2.415034951935133,11.96027976682133,NA,NA,,
2023-06-13,1.152564371969481,1.1086546963053259,1.196474047633636,-2.1672682885310146,-2.229813881370595,-2.104722695691434,11.955613441757473,NA,NA,,
2023-06-14,1.3655393330424987,1.3027498749219262,1.4283287911630713,-1.9994369041133575,-2.0887255957564395,-1.9101482124702756,11.978317578656254,NA,NA,,
2023-06-15,1.573485315633901,1.5403250075096304,1.6066456237581717,-1.824147291122703,-1.8714868715726265,-1.7768077106727795,12.073475211091022,NA,NA,,
2023-06-16,2.028211025457897,1.9902113003974269,2.066210750518367,-2.3191877698914816,-2.3737203844445576,-2.2646551553384056,12.223570503289798,NA,NA,,
2023-06-17,2.1704262867757156,2.1188219149951157,2.2220306585563154,-2.80176804951932,-2.8754923369901646,-2.728043762048475,12.346902519495742,NA,NA,,
2023-06-18,2.3546171471631934,2.3093112470930635,2.3999230472333233,-2.759752955211227,-2.8242250872479184,-2.695280823174536,12.401313971496096,NA,NA,,
2023-06-19,1.1748854080671387,1.099222295465332,1.2505485206689455,-0.917118984980067,-1.0245985526779784,-0.8096394172821557,12.448767982227984,NA,NA,,
2023-06-20,2.523461809359563,2.485968279639307,2.560955339079819,-1.52573107340823,-1.5793399554353982,-1.472122191381062,12.4653775539503,NA,NA,,
2023-06-21,3.2422167869365435,3.1711212170187943,3.3133123568542926,-2.6945655975274945,-2.796782696753017,-2.592348498301972,12.530322622618872,NA,NA,,
2023-06-22,3.5711779402223613,3.4636792283567366,3.678676652087986,-3.675822631945775,-3.830467455310525,-3.521177808581025,12.590444219071363,NA,NA,,
2023-06-23,3.551706176820335,3.3810754298334054,3.7223369238072648,-3.1233272031743193,-3.3663995623654044,-2.8802548439832343,12.62531969493467,NA,NA,,
2023-06-24,4.067974832135661,3.9385153652615124,4.19743429900981,-3.218957904147358,-3.404603442117405,-3.0333123661773107,12.616779865595333,NA,NA,,
2023-06-25,2.242293716669864,1.7816201739199702,2.702967259419758,-3.5910746635443074,-4.25110026832103,-2.931049058767585,12.608433495953461,NA,NA,,
2023-06-26,3.8049808326864585,3.721931155993631,3.888030509379286,-3.887659301876509,-4.006860483689024,-3.7684581200639946,12.641840191212893,NA,NA,,
2023-06-27,4.411622736499533,4.323699788891506,4.499545684107559,-4.107645816952749,-4.234090136465878,-3.9812014974396193,12.680342761659436,NA,NA,,
2023-06-28,4.843977951423777,4.7253266744530515,4.962629228394502,-4.334383844139002,-4.505091206740391,-4.163676481537613,12.675966239780163,NA,NA,,
2023-06-29,5.411968684270659,5.289052250181058,5.534885118360259,-4.687928002844643,-4.865162871376671,-4.510693134312615,12.649103820570366,NA,NA,,
2023-06-30,5.881213553804342,5.746600779995497,6.015826327613187,-5.158808111163908,-5.352808602918192,-4.964807619409624,12.576844454438444,NA,NA,,
2023-07-01,6.357794794146654,6.206248279514785,6.509341308778524,-5.60967231958191,-5.828202286229656,-5.391142352934164,12.448021503958794,NA,NA,,
2023-07-02,6.6183809832237595,6.465119759400171,6.771642207047348,-6.104783043893607,-6.3248182914854985,-5.884747796301716,12.011742610213952,NA,NA,,
2023-07-03,6.700810795330237,6.53552504324181,6.866096547418664,-6.081826634165112,-6.318618881638014,-5.84503438669221,11.863888593434785,NA,NA,,
2023-07-04,6.754974951931414,6.5828201929185335,6.927129710944295,-6.127726885465214,-6.374739329178179,-5.880714441752249,11.59300847349673,NA,NA,,
2023-07-05,6.939863778927137,6.759759889989183,7.119967667865091,-6.361620342495027,-6.619577456740616,-6.103663228249439,11.472752624014129,NA,NA,,
2023-07-06,7.022474836181174,6.848011448626886,7.1969382237354615,-6.470849739052021,-6.7203525049458905,-6.221346973158151,11.285645179426567,NA,NA,,
2023-07-07,7.015666732648526,6.821154126698185,7.210179338598867,-6.415714277716158,-6.69322517048887,-6.138203384943446,11.219375665989343,NA,NA,,
2023-07-08,6.9649756465964145,6.776227988840206,7.153723304352623,-6.313332263133923,-6.5829799273212615,-6.043684598946584,11.0204716690747,NA,NA,,
2023-07-09,6.9352085032196555,6.74547922331991,7.124937783119401,-6.088290405287698,-6.359077171589845,-5.817503638985552,10.884882215112583,NA,NA,,
2023-07-10,7.292992954900192,7.080801347819842,7.505184561980541,-6.122955065937332,-6.426780702909575,-5.8191294289650894,10.816023587155295,NA,NA,,
2023-07-11,7.587791709030656,7.370596955023962,7.804986463037349,-6.279536410382467,-6.590385497405634,-5.968687323359299,10.746811416268939,NA,NA,,
2023-07-12,8.009737180501292,7.763573428559344,8.25590093244324,-6.804752060454731,-7.157079406377234,-6.452424714532228,10.67657988839299,NA,NA,,
2023-07-13,8.738780494059615,8.39441263610293,9.0831483520163,-6.969836016666395,-7.464179859902347,-6.475492173430443,10.534750069123323,NA,NA,,
2023-07-14,9.547656065849974,9.237041892475704,9.858270239224245,-7.531091574545738,-7.97731883784681,-7.084864311244666,10.389177783506604,NA,NA,,
2023-07-15,9.263878048941038,8.97956167974874,9.548194418133336,-7.91037768447264,-8.318417610216978,-7.502337758728302,10.314485588286368,NA,NA,,
2023-07-16,9.223116682812314,8.944106515757772,9.502126849866857,-7.9369704040213,-8.33588866894649,-7.538052139096109,10.23806878966884,NA,NA,,
2023-07-17,9.03155859939709,8.794701065394342,9.268416133399839,-7.61147534245965,-7.949587904792331,-7.27336278012697,10.085172564932627,NA,NA,,
2023-07-18,9.079461072096821,8.849117925731482,9.30980421846216,-7.798859535905615,-8.129366542513116,-7.468352529298114,10.0080447341313,NA,NA,,
2023-07-19,9.273982215072992,9.045211480209693,9.502752949936292,-7.745606636848736,-8.073297922047011,-7.417915351650461,10.0080447341313,NA,NA,,
2023-07-20,8.578746302613467,8.370634047078408,8.786858558148527,-7.145458665515929,-7.443707567158907,-6.847209763872951,10.0080447341313,NA,NA,,
2023-07-21,8.54804789511765,8.3478286905466,8.7482670996887,-7.2638213131752005,-7.551533511949079,-6.976109114401322,10.007226230347102,NA,NA,,
2023-07-22,8.88496008594931,8.666368507513123,9.103551664385495,-7.791671085914984,-8.105805297121815,-7.477536874708151,9.928643964847167,NA,NA,,
2023-07-23,8.677881222131015,8.409180326228324,8.946582118033707,-7.338899185558826,-7.723553501790129,-6.954244869327522,9.8494933095866,NA,NA,,
2023-07-24,8.498838810252064,8.210294113399904,8.787383507104224,-6.941811271028737,-7.355068552682826,-6.528553989374648,9.769603814929141,NA,NA,,
2023-07-25,9.067729897168862,8.832231969967633,9.30322782437009,-7.348771826382229,-7.687588304059829,-7.009955348704628,9.68967030157303,NA,NA,,
2023-07-26,9.457799554069997,9.205061910446583,9.71053719769341,-7.978127201296069,-8.341109822020503,-7.615144580571635,9.690511706976778,NA,NA,,
2023-07-27,9.378299447012582,9.094476120655388,9.662122773369775,-7.794065341422579,-8.201334350733468,-7.386796332111689,9.769603814929141,NA,NA,,
2023-07-28,9.398906104732584,9.147242074427858,9.65057013503731,-7.628270274609657,-7.989407543492343,-7.267133005726972,9.687959924336592,NA,NA,,
2023-07-29,9.549378407513323,9.300143389228204,9.798613425798443,-7.655451588854494,-8.013260767623859,-7.29764241008513,9.524605312208505,NA,NA,,
2023-07-30,9.821651884122502,9.59794982142454,10.045353946820464,-7.986347740564987,-8.308838526401832,-7.663856954728143,9.442940493548674,NA,NA,,
2023-07-31,10.164105152028503,9.915751427021487,10.412458877035519,-8.369835474856211,-8.72797306559982,-8.011697884112603,9.5254740868751,NA,NA,,
2023-08-01,10.317055440589495,10.0609957984082,10.57311508277079,-8.560226365942942,-8.929925991706291,-8.190526740179592,9.52372761162039,NA,NA,,
2023-08-02,10.348080597712736,10.071533806199069,10.624627389226402,-8.492076717758552,-8.891160475719126,-8.092992959797979,9.356925934496461,NA,NA,,
2023-08-03,9.654260294283283,9.410408130825314,9.898112457741252,-7.908979631067745,-8.26111071277009,-7.556848549365401,9.271810524788513,NA,NA,,
2023-08-04,10.395037696683318,10.16565326847446,10.624422124892176,-8.182278001928186,-8.51316630461303,-7.851389699243341,9.185857253142654,NA,NA,,
2023-08-05,9.602798531538427,9.37696436781104,9.828632695265815,-7.84966704224064,-8.175618529433033,-7.523715555048246,9.100891888829535,NA,NA,,
2023-08-06,10.513281268176938,10.266195388227608,10.760367148126267,-8.171642478662802,-8.52849701820014,-7.814787939125464,9.18676113999705,NA,NA,,
2023-08-07,10.446507140191734,10.257633096302655,10.635381184080813,-8.405977457816906,-8.679102405361736,-8.132852510272077,9.18676113999705,NA,NA,,
2023-08-08,10.786106530853637,10.51586230866648,11.056350753040794,-9.184635944815632,-9.575776807359102,-8.793495082272162,9.185857253142654,NA,NA,,
2023-08-09,10.719461220514631,10.431278656098183,11.00764378493108,-9.411944381084066,-9.829383118405293,-8.994505643762839,9.099075585586482,NA,NA,,
2023-08-10,10.783672649759808,10.489683806962283,11.077661492557333,-9.117721003286738,-9.543912024269705,-8.69152998230377,9.0123960286639,NA,NA,,
2023-08-11,11.084818648069469,10.82215996414991,11.347477331989028,-9.495457359198216,-9.877571133510655,-9.113343584885778,9.0123960286639,NA,NA,,
2023-08-12,11.448471601227133,11.162639421413143,11.734303781041124,-9.672889208241505,-10.088238422336614,-9.257539994146397,9.0123960286639,NA,NA,,
2023-08-13,11.57636442623171,11.313622612689315,11.839106239774104,-9.777303269945891,-10.159770037479108,-9.394836502412675,9.016871817103674,NA,NA,,
2023-08-14,12.107619243099652,11.803441941684698,12.411796544514607,-10.966934104214886,-11.412476083175074,-10.521392125254698,9.437595930442306,NA,NA,,
2023-08-15,12.568637379095607,12.230414840142178,12.906859918049037,-12.059234681536996,-12.551407244198046,-11.567062118875945,9.008668988275577,NA,NA,,
2023-08-16,9.044429221776419,8.637105519581825,9.451752923971013,-10.971063636978256,-11.56156406532498,-10.380563208631532,8.653648974153564,NA,NA,,
2023-08-17,8.762027124647515,8.495905174738802,9.028149074556229,-10.139433185660863,-10.526461163575389,-9.752405207746337,8.567045028363792,NA,NA,,
2023-08-18,9.061144977050404,8.839020076326564,9.283269877774243,-9.700601929056113,-10.023680324519217,-9.377523533593008,8.924965017851177,NA,NA,,
2023-08-19,8.998220779791277,8.789223175749008,9.207218383833546,-10.15970492317566,-10.465419324278987,-9.853990522072333,9.018600341932293,NA,NA,,
2023-08-20,-9.134728824365649,-10.760907470101326,-7.50855017862997,-8.308902350759215,-10.71065635051316,-5.9071483510052705,9.605403877012856,NA,NA,,
2023-08-21,0.5837475689305641,0.37147505569888456,0.7960200821622436,-7.975827068531676,-8.28769453692271,-7.663959600140641,9.37443953358954,NA,NA,,
2023-08-22,0.48737718517165923,-2.350476520795825,3.3252308911391437,-18.02798753993536,-22.23329876101684,-13.82267631885388,10.93738422323951,NA,NA,,
2023-08-23,NA,NA,NA,NA,NA,NA,9.356030677814445,NA,NA,,NAs in DO.obs; NAs in DO.sat; NAs in temp.water
2023-08-24,NA,NA,NA,NA,NA,NA,9.185857253142654,NA,NA,,NAs in DO.obs; NAs in DO.sat; NAs in temp.water
2023-08-25,1.107622871936902,1.082676678930562,1.1325690649432418,-4.270837645007262,-4.307609898186937,-4.2340653918275875,9.099075585586482,NA,NA,,
2023-08-26,1.0633913674565256,1.0379817388975865,1.0888009960154648,-3.7769204256237514,-3.814335227966724,-3.739505623280779,9.0123960286639,NA,NA,,
2023-08-27,1.2835150845711705,1.2478872453428347,1.3191429237995063,-3.726965288313164,-3.779576227296787,-3.6743543493295405,9.011475702234293,NA,NA,,
2023-08-28,1.3201145990108192,1.273929212648112,1.3662999853735263,-3.7894356040418558,-3.8576578848658944,-3.721213323217817,8.92404469142157,NA,NA,,
2023-08-29,1.7953467658263773,1.769775116612035,1.8209184150407196,-3.6827548411099196,-3.720566575659128,-3.644943106560711,8.923116814751346,NA,NA,,
2023-08-30,2.404340426364563,2.362482195567975,2.446198657161151,-3.7368758499814003,-3.798641928722057,-3.6751097712407437,8.835896407750353,NA,NA,,
2023-08-31,1.8742878946519264,1.8066342764362264,1.9419415128676263,-3.871550501449901,-3.971628038066532,-3.7714729648332703,8.924965017851177,NA,NA,,
2023-09-01,1.0263154688544125,0.975858234941617,1.0767727027672078,-3.6260734701478556,-3.7007205148591775,-3.5514264254365338,9.024383741211494,NA,NA,,
2023-09-02,1.1273837813298397,1.0864480291309022,1.1683195335287773,-3.2120621877174904,-3.2729328715442128,-3.151191503890768,10.16241193327043,NA,NA,,
2023-09-03,1.1666137437852273,1.094002834252406,1.2392246533180487,-3.120584184423696,-3.2293250266344407,-3.011843342212951,10.085172564932627,NA,NA,,
2023-09-04,1.6263490716461682,1.5482090729654827,1.7044890703268536,-3.4735692398752227,-3.5906594802651752,-3.35647899948527,10.0080447341313,NA,NA,,
2023-09-05,1.9414170247907208,1.891444206607384,1.9913898429740575,-4.095625152426248,-4.170594886318981,-4.020655418533514,10.007226230347102,NA,NA,,
2023-09-06,2.380171228932319,2.3252906781584843,2.435051779706154,-4.23977815093636,-4.321944485025274,-4.157611816847445,9.928643964847167,NA,NA,,
2023-09-07,2.982920995795093,2.914121751240283,3.051720240349903,-4.416293730390374,-4.519524314583679,-4.31306314619707,9.848651904182852,NA,NA,,
2023-09-08,3.8016912675162318,3.729522404837697,3.8738601301947666,-4.238035647400513,-4.346512239622247,-4.129559055178778,9.68967030157303,NA,NA,,
2023-09-09,3.5026083754055226,3.436646905142126,3.5685698456689194,-4.239004020587145,-4.338070464776903,-4.1399375763973865,9.691343792126817,NA,NA,,
2023-09-10,2.978832977109939,2.9254930494036957,3.032172904816182,-4.042515897416509,-4.122984374097503,-3.962047420735515,9.85032539473664,NA,NA,,
2023-09-11,2.910533030198437,2.8674565362614217,2.9536095241354525,-4.069133246744854,-4.13419648107106,-4.004070012418648,9.85032539473664,NA,NA,,
2023-09-12,4.251726202870697,4.171426203040755,4.332026202700638,-4.653305520813168,-4.774651224629659,-4.531959816996677,9.848651904182852,NA,NA,,
2023-09-13,4.993549811508376,4.869466445197377,5.117633177819375,-4.892633899648816,-5.080128625398914,-4.705139173898718,9.68967030157303,NA,NA,,
2023-09-14,4.050630386297418,3.9514734144632264,4.14978735813161,-4.180813108704643,-4.330545046846463,-4.031081170562824,9.68967030157303,NA,NA,,
2023-09-15,3.874628315613761,3.7982700264834306,3.950986604744091,-4.149198453769031,-4.264923385106016,-4.033473522432047,9.68881967449862,NA,NA,,
2023-09-16,3.904415528738052,3.8516793404785172,3.957151716997587,-4.036141194611405,-4.116324493735142,-3.9559578954876677,9.608860729504,NA,NA,,
2023-09-17,4.334691801795337,4.261812795118855,4.407570808471819,-4.431971960059404,-4.543014186309819,-4.32092973380899,9.690511706976778,NA,NA,,
2023-09-18,4.469436749150269,4.406065796654533,4.532807701646004,-4.484289594735458,-4.580706522705861,-4.3878726667650545,9.769603814929141,NA,NA,,
2023-09-19,4.721632820792957,4.631850207701191,4.811415433884722,-4.290391820545221,-4.426367541604181,-4.1544160994862604,9.68881967449862,NA,NA,,
2023-09-20,4.978409969074151,4.871902813137084,5.084917125011217,-4.2799295646686,-4.44070743710104,-4.1191516922361595,9.60801010242959,NA,NA,,
2023-09-21,5.392458588650298,5.286951082298255,5.497966095002341,-4.396605782329678,-4.556306871650132,-4.236904693009223,9.608860729504,NA,NA,,
2023-09-22,6.042758481493314,5.966612156365785,6.118904806620843,-4.78876417654284,-4.904554423856672,-4.672973929229009,9.68967030157303,NA,NA,,
2023-09-23,4.8730992146723535,4.788258512821954,4.957939916522753,-4.4528121118587745,-4.582024482474055,-4.323599741243494,9.691343792126817,NA,NA,,
2023-09-24,3.514604510777303,3.3887300128275366,3.6404790087270693,-4.117151164993538,-4.310205983099853,-3.924096346887223,9.853584676387642,NA,NA,,
2023-09-25,2.1338635845037777,2.009218784747639,2.2585083842599163,-3.4956008119307094,-3.686182313719957,-3.3050193101414616,10.167102451845995,NA,NA,,
2023-09-26,0.5696043728153248,0.44292493875195627,0.6962838068786934,-2.196233294782812,-2.3904345505160554,-2.0020320390495683,10.533184589438994,NA,NA,,
2023-09-27,3.1970738370281637,3.128745754730698,3.2654019193256296,-3.306719913751353,-3.411404976020169,-3.202034851482537,10.23806878966884,NA,NA,,
2023-09-28,3.7768489743326192,3.6884304772218415,3.865267471443397,-3.749081468752875,-3.884905669871965,-3.6132572676337853,10.08678893679827,NA,NA,,
2023-09-29,3.491531123646226,3.3978712054125744,3.5851910418798774,-4.238538707034795,-4.382833561512826,-4.094243852556764,10.164012821194989,NA,NA,,
2023-09-30,3.559462928227391,3.4704676424379675,3.6484582140168142,-3.610394251656435,-3.7472127875437433,-3.473575715769127,10.241235157277728,NA,NA,,
2023-10-01,3.7970207087821755,3.7162522746692734,3.8777891428950775,-3.420900734199965,-3.545072518324053,-3.296728950075877,10.392956780027188,NA,NA,,
2023-10-02,3.7765386329638084,3.6885626590671032,3.8645146068605136,-3.585723260232203,-3.7226075449789167,-3.4488389754854896,10.67657988839299,NA,NA,,
2023-10-03,4.209780760437536,4.10010917827495,4.319452342600123,-3.9518447893672235,-4.122032172440477,-3.78165740629397,10.535517680726207,NA,NA,,
2023-10-04,4.671540608839123,4.562280334526845,4.780800883151402,-4.113323995552702,-4.282877026922642,-3.9437709641827614,10.462878829562916,NA,NA,,
2023-10-05,5.074327637493402,4.967082675770259,5.181572599216546,-4.513661461384911,-4.680407068020443,-4.346915854749378,10.389177783506604,NA,NA,,
2023-10-06,5.377595008881938,5.265802899626949,5.489387118136928,-5.030561139637819,-5.204663523152535,-4.856458756123104,10.316818679573581,NA,NA,,
2023-10-07,5.712626142877593,5.60631267234883,5.818939613406355,-5.326162897061794,-5.492209475361086,-5.160116318762501,10.465147707594621,NA,NA,,
2023-10-08,5.529026300767859,5.3972785963333,5.660774005202417,-5.706036187499325,-5.912026108043326,-5.500046266955323,10.608500193039182,NA,NA,,
2023-10-09,3.710572906445518,3.5831401744219313,3.838005638469105,-5.119931549333686,-5.320091693755219,-4.9197714049121535,10.679501453997068,NA,NA,,
2023-10-10,2.9771176331667046,2.8629610821334155,3.091274184199994,-4.6203989303007145,-4.798654187550014,-4.442143673051415,10.817461756997517,NA,NA,,
2023-10-11,3.525339470190497,3.4273286585935674,3.6233502817874266,-4.037547638809033,-4.190373711814063,-3.8847215658040035,10.884882215112583,NA,NA,,
2023-10-12,4.2710188873131605,4.171190502120293,4.370847272506028,-4.577769649315775,-4.73401405568342,-4.421525242948131,10.816023587155295,NA,NA,,
2023-10-13,3.0055944700270287,2.8795490212964747,3.1316399187575827,-4.09708374984516,-4.29493565558617,-3.8992318441041496,10.7475351491753,NA,NA,,
2023-10-14,3.6577430752645075,3.5060149304035813,3.8094712201254337,-3.7542809187483575,-3.993251783379266,-3.515310054117449,10.748256080101406,NA,NA,,
2023-10-15,4.547111915921441,4.470611330730943,4.623612501111939,-4.323416832124805,-4.4438913709056145,-4.202942293343996,10.817461756997517,NA,NA,,
2023-10-16,2.960293671338515,2.82215503466983,3.0984323080072,-2.945133261587255,-3.163770364800863,-2.7264961583736476,10.886312077365963,NA,NA,,
2023-10-17,3.926059692031239,3.8192521781028543,4.032867205959623,-3.480274590193947,-3.649207593294819,-3.311341587093075,10.953298671068737,NA,NA,,
2023-10-18,4.148336116426071,4.044639415875704,4.252032816976438,-3.661794027670163,-3.825706967764936,-3.49788108757539,10.884161284186478,NA,NA,,
2023-10-19,4.291159657499705,4.1798177207025144,4.402501594296895,-3.7333175226403896,-3.9095489155253405,-3.557086129755439,10.746811416268939,NA,NA,,
2023-10-20,4.3344071003891385,4.230405284756815,4.438408916021462,-4.1591969562420985,-4.32453982572087,-3.9938540867633274,10.6780567901646,NA,NA,,
2023-10-21,4.493888347784598,4.431098416060514,4.556678279508682,-4.240507907141302,-4.340228704300452,-4.140787109982151,10.679501453997068,NA,NA,,
2023-10-22,3.9029348672334105,3.7935331914371435,4.012336543029678,-4.008679004161983,-4.182837690429155,-3.834520317894811,10.816023587155295,NA,NA,,
2023-10-23,4.148009880201604,4.07438361913753,4.221636141265678,-3.458078828823944,-3.574439122849461,-3.341718534798427,10.745334514497328,NA,NA,,
2023-10-24,3.3458721491882852,3.2297918546191835,3.461952443757387,-3.2692863927954328,-3.452816355861733,-3.0857564297291327,10.53627422009,NA,NA,,
2023-10-25,3.250165116922764,3.125137619656983,3.3751926141885447,-2.874995572850733,-3.0721870652337007,-2.677804080467765,10.53627422009,NA,NA,,
2023-10-26,3.9100142209813216,3.8194907351807865,4.000537706781857,-2.478036381182685,-2.6203942725473097,-2.33567848981806,10.535517680726207,NA,NA,,
2023-10-27,3.76113361133125,3.645487668469736,3.876779554192764,-2.411584393083585,-2.5936771070396962,-2.229491679127474,10.4636464411658,NA,NA,,
2023-10-28,3.694226957476268,3.5925208446108865,3.7959330703416496,-1.8789012973667405,-2.039000301654097,-1.7188022930793838,10.465879882301204,NA,NA,,
2023-10-29,3.710460252495526,3.603261989059303,3.817658515931749,-1.7200150334130342,-1.8891842542910844,-1.550845812534984,10.677324615458017,NA,NA,,
2023-10-30,3.732081595011628,3.618062306303342,3.846100883719914,-2.078270008017052,-2.25849804863789,-1.8980419673962141,10.6077680183326,NA,NA,,
2023-10-31,3.9509540534150753,3.8577519359291097,4.044156170901041,-2.1226623815883485,-2.2706226353800236,-1.9747021277966734,10.606266751903778,NA,NA,,
2023-11-01,4.257320400446815,4.144394409851798,4.3702463910418325,-2.418499514104132,-2.5985919446121204,-2.2384070835961434,10.4636464411658,NA,NA,,
2023-11-02,1.889761933081388,1.844495756888024,1.9350281092747519,-2.2297948291143475,-2.3022947391782806,-2.1572949190504143,10.4636464411658,NA,NA,,
2023-11-03,4.164928498398722,4.105558129207493,4.224298867589951,-2.8988706987757333,-2.9938011009406047,-2.803940296610862,10.4636464411658,NA,NA,,
2023-11-04,3.572225435225156,3.4673950511381912,3.6770558193121206,-3.5760153320238994,-3.743971873171159,-3.4080587908766398,10.466603615207566,NA,NA,,
2023-11-05,3.2984046135751237,3.2362710109703046,3.360538216179943,-3.79856073925364,-3.8984637953873613,-3.6986576831199183,10.758109804227496,NA,NA,,
2023-11-06,1.7804625392578848,1.5096480143825988,2.051277064133171,-3.461842478389847,-3.8988839575879255,-3.024800999191769,11.759059719681188,NA,NA,,
2023-11-07,0.7624360515109797,0.6808521603967295,0.84401994262523,-1.1688853642073385,-1.3001367025202377,-1.0376340258944392,11.408965378536339,NA,NA,,
2023-11-08,2.170074574278389,2.097073975583411,2.243075172973367,-1.2131736609757398,-1.3298131083452525,-1.096534213606227,11.0204716690747,NA,NA,,
2023-11-09,2.4179091181263273,2.35221845912869,2.4835997771239646,-1.7004526146445078,-1.805949846107448,-1.5949553831815677,10.884161284186478,NA,NA,,
2023-11-10,2.419732680124447,2.357128816264065,2.4823365439848293,-2.0900014258026074,-2.1905783898344806,-1.9894244617707342,10.746811416268939,NA,NA,,
2023-11-11,2.350657695906808,2.2719109132521544,2.429404478561462,-2.157816597506901,-2.2839837549578608,-2.031649440055941,10.678780523070962,NA,NA,,
2023-11-12,2.479541717091115,2.388375909113697,2.570707525068533,-2.6179334997614476,-2.7643510016553745,-2.4715159978675207,10.749685942354787,NA,NA,,
2023-11-13,2.5888341604046805,2.540283744324509,2.637384576484852,-2.842218312643359,-2.920719566166456,-2.763717059120262,10.953298671068737,NA,NA,,
2023-11-14,1.51320477123533,1.4478190179486896,1.5785905245219705,-2.4499908665159515,-2.555899635271522,-2.344082097760381,10.8855994540287,NA,NA,,
2023-11-15,2.1575573182406207,2.1117153619911697,2.2033992744900717,-2.883315584799517,-2.9574416405979522,-2.8091895290010815,10.884161284186478,NA,NA,,
2023-11-16,2.3319775930925877,2.2991901411378644,2.364765045047311,-2.4277621859104004,-2.480704936489685,-2.3748194353311156,10.746079241562356,NA,NA,,
2023-11-17,2.280112820977153,2.205502845327675,2.3547227966266306,-2.6074730206365078,-2.7277683130319135,-2.487177728241102,10.60994485687165,NA,NA,,
2023-11-18,1.5099377295908654,1.3844962740110327,1.635379185170698,-2.8538351714074044,-3.0571163661283824,-2.6505539766864263,10.825444468143381,NA,NA,,
2023-11-19,-0.07581074670522922,-0.13174682453083678,-0.01987466887962166,-0.3056932268587625,-0.3961980480650024,-0.21518840565252256,11.645376720412438,NA,NA,,
2023-11-20,1.1559634795736553,1.1097442470631047,1.202182712084206,-0.43299241749428913,-0.5074504540503753,-0.35853438093820306,11.0218913766015,NA,NA,,
2023-11-21,1.5289589476377257,1.450423249655392,1.6074946456200594,-0.7375806348913206,-0.8643031884878394,-0.6108580812948019,11.021184292411963,NA,NA,,
2023-11-22,1.7877389960701078,1.6866942630726025,1.888783729067613,-1.2754835683769419,-1.4393304690425421,-1.1116366677113416,10.955419000068476,NA,NA,,
2023-11-23,1.4467365101535095,1.3649135162496016,1.5285595040574174,-1.6436452442535423,-1.7759079776724538,-1.5113825108346308,11.08845041653086,NA,NA,,
2023-11-24,1.453000685833063,1.3850772889731093,1.5209240826930168,-1.3522512626226497,-1.461620594040172,-1.2428819312051274,11.0218913766015,NA,NA,,
2023-11-25,1.4860882245286227,1.4113971731041361,1.5607792759531092,-1.1648025613065018,-1.2849340773347406,-1.044671045278263,11.0218913766015,NA,NA,,
2023-11-26,1.4750859976587982,1.392524208702281,1.5576477866153153,-1.2576562615282982,-1.390388947421829,-1.1249235756347675,11.021184292411963,NA,NA,,
2023-11-27,1.4069058018186835,1.3164638824460047,1.4973477211913624,-1.2013397726816206,-1.346556208005587,-1.0561233373576542,10.953298671068737,NA,NA,,
2023-11-28,1.507493999947036,1.4026226810994527,1.6123653187946194,-1.4951716437849496,-1.6636863045838903,-1.3266569829860089,10.8855994540287,NA,NA,,
2023-11-29,1.668017444945031,1.5869113595672353,1.7491235303228265,-1.9449018136307672,-2.075846116690755,-1.813957510570779,10.8855994540287,NA,NA,,
2023-11-30,1.2840718251633831,1.23532902909141,1.3328146212353562,-1.7587986315049158,-1.8378209821884717,-1.6797762808213599,10.887719783028441,NA,NA,,
2023-12-01,1.084628313137412,1.0094214893289188,1.159835136945905,-1.0753478927686797,-1.1976777442092459,-0.9530180413281135,11.08845041653086,NA,NA,,
2023-12-02,0.7883597599031831,0.7532962257281056,0.8234232940782605,-1.0877207988611886,-1.1447685025616348,-1.0306730951607423,11.039018875192724,NA,NA,,
2023-12-03,0.07747364048415734,0.041915057894369646,0.11303222307394503,-0.5583403272303996,-0.6173355451935566,-0.49934510926724257,12.66540425522306,NA,NA,,
2023-12-04,0.8186263556928284,0.7721910378881826,0.8650616734974742,-0.6417162394695407,-0.7191149094000238,-0.5643175695390577,12.595937711531878,NA,NA,,
2023-12-05,1.0845459016022991,1.0344152869238683,1.13467651628073,-0.9615997843167566,-1.0448190933237957,-0.8783804753097176,12.557427495313693,NA,NA,,
2023-12-06,0.3818633747851373,0.3523690690814836,0.41135768048879107,-1.4222304817005325,-1.471117784912888,-1.3733431784881769,12.536203179827925,NA,NA,,
2023-12-07,0.05849620833950977,0.008709755018315071,0.10828266166070447,-0.5163782603330611,-0.5987387058530749,-0.43401781481304735,12.67159888989571,NA,NA,,
2023-12-08,0.8123338460077738,0.7813178237668408,0.8433498682487068,0.25051484865895246,0.19943824333566113,0.3015914539822438,12.646362000621055,NA,NA,,
2023-12-09,1.0096223002579552,0.9751635437758751,1.0440810567400354,0.5894174926691861,0.5328708996472655,0.6459640856911066,12.311795218073648,NA,NA,,
2023-12-10,1.1919082304507589,1.1270122643400702,1.2568041965614476,0.16828493384844548,0.061785212652855206,0.27478465504403576,12.011742610213952,NA,NA,,
2023-12-11,1.0799768411222592,0.9934810151732811,1.1664726670712373,-0.7076301973658613,-0.8492299195934494,-0.5660304751382732,11.865643263923328,NA,NA,,
2023-12-12,0.8213287698566419,0.7682871344987348,0.8743704052145491,-0.6783169697183095,-0.765240105978895,-0.5913938334577239,11.76154826012199,NA,NA,,
2023-12-13,1.1199749746174688,1.0563571783041237,1.1835927709308138,-0.48128975359141307,-0.5852359493117798,-0.37734355787104634,11.65072315634621,NA,NA,,
2023-12-14,1.3001747387879918,1.246085627177237,1.3542638503987467,-0.45194565993266816,-0.5402498405511198,-0.3636414793142166,11.533877253488189,NA,NA,,
2023-12-15,1.169626692778893,1.122458985761561,1.216794399796225,-0.30045650490999276,-0.37723837349785705,-0.22367463632212847,11.412385387357688,NA,NA,,
2023-12-16,1.0096661575355617,0.9475441274671716,1.0717881876039517,-0.4033188848231279,-0.5042308210761125,-0.3024069485701433,11.349546688533142,NA,NA,,
2023-12-17,0.9775366538222336,0.881137464871484,1.0739358427729833,-0.975601134087935,-1.1327490869029946,-0.8184531812728754,11.28828331083837,NA,NA,,
2023-12-18,1.2032494006340706,1.1190138382973898,1.2874849629707514,-2.34664948826738,-2.4848042524399157,-2.2084947240948445,11.480813676206191,NA,NA,,
2023-12-19,0.8151282224544442,0.7528784084759171,0.8773780364329712,-2.328390000324747,-2.4314224947260312,-2.225357505923463,12.066642340679039,NA,NA,,
2023-12-20,0.42078926940891664,0.37689520404059884,0.46468333477723445,-1.2801284922738134,-1.35305702874268,-1.2071999558049469,12.679350706039468,NA,NA,,
2023-12-21,0.47348530838522984,0.4467841662481994,0.5001864505222603,-0.8123207517895631,-0.8565751473632632,-0.7680663562158629,12.581989587652718,NA,NA,,
2023-12-22,0.6815869951449435,0.6370789677219236,0.7260950225679633,-0.47812418257114125,-0.5515891344689134,-0.404659230673369,12.675130483371086,NA,NA,,
2023-12-23,0.7874953602145067,0.765061841892398,0.8099288785366154,0.05809207138130728,0.021233598775329043,0.09495054398728552,12.624975700891635,NA,NA,,
2023-12-24,1.033070483292901,0.9815496588253267,1.0845913077604752,-0.10112649167350557,-0.1862375585641326,-0.016015424782878554,12.451163884234946,NA,NA,,
2023-12-25,0.9192685276473765,0.8828432641353696,0.9556937911593835,-0.33924066027523053,-0.399286450915551,-0.2791948696349101,12.314112419292533,NA,NA,,
2023-12-26,1.3411377148244004,1.27220697116828,1.4100684584805208,-1.2089976264145248,-1.3226613275316799,-1.0953339252973697,12.236545587909367,NA,NA,,
2023-12-27,0.6314931133989902,0.5677717488562608,0.6952144779417195,-1.2918149784957802,-1.3974039147374824,-1.186226042254078,12.316042507991732,NA,NA,,
2023-12-28,0.732272340700025,0.6902254808708296,0.7743192005292204,-0.7875718508776975,-0.8571850658267546,-0.7179586359286405,12.421645807648467,NA,NA,,
2023-12-29,0.6571980335045279,0.5969547131764097,0.7174413538326461,-1.8509297017365893,-1.9514285818214288,-1.75043082165175,12.48364203648339,NA,NA,,
2023-12-30,0.7785735216141946,0.7495459136210343,0.8076011296073549,-1.0017672943237337,-1.0500205896176498,-0.9535139990298177,12.62381871490882,NA,NA,,
2023-12-31,NA,NA,NA,NA,NA,NA,12.4727772962512,NA,NA,,data don't end when expected
